"id","bucket","source_type","agency","component","office","region_country","title","summary","date_posted","status","contractor_incumbent","related_ref","budget_signal","oversight_signal","medical_travel_relevance","occu_med_score","action_tag","source_url","raw_json","fetched_at","created_at","updated_at"
"0249bfee-de20-5768-bc6d-e9a6815ccf8a","incumbent-tracker","usaspending","Department of Defense","Washington Headquarters Services",,,"S1S ALPHA LLC — Healthcare","EO14042, CONTRACT SECURITY OFFICER GUARD SERVICES.","2021-11-05 00:00:00","active","S1S ALPHA LLC","HQ003422C0005","$117,267,873.97",,,"85","monitor","https://www.usaspending.gov/award/HQ003422C0005","{""internal_id"":307228768,""Award ID"":""HQ003422C0005"",""Recipient Name"":""S1S ALPHA LLC"",""Award Amount"":117267873.97,""Awarding Agency"":""Department of Defense"",""Awarding Sub Agency"":""Washington Headquarters Services"",""Start Date"":""2021-11-05"",""End Date"":""2026-12-31"",""Description"":""EO14042, CONTRACT SECURITY OFFICER GUARD SERVICES."",""NAICS Code"":null,""NAICS Description"":null,""awarding_agency_id"":1173,""agency_slug"":""department-of-defense"",""generated_internal_id"":""CONT_AWD_HQ003422C0005_9700_-NONE-_-NONE-""}","2026-06-03 20:13:31.11","2026-06-03 20:13:31.11","2026-06-03 20:13:31.11"
"0770a9ed-c72a-5220-357c-2376222043b3","incumbent-tracker","usaspending","Department of State","Department of State",,,"ACUITY - JANUS GLOBAL, LLC — Healthcare","DIPLOMATIC SECURITY - OFFICE OF OVERSEAS PROTECTIVE OPERATIONS - WORLDWIDE PROTECTIVE SERVICES II - TASK ORDER 09 - ERBIL CONSULATE IGF::OT::IGF","2017-09-29 00:00:00","expired","ACUITY - JANUS GLOBAL, LLC","SAQMMA17F4025","$200,341,651.21",,,"85","monitor","https://www.usaspending.gov/award/SAQMMA17F4025","{""internal_id"":312061775,""Award ID"":""SAQMMA17F4025"",""Recipient Name"":""ACUITY - JANUS GLOBAL, LLC"",""Award Amount"":200341651.21,""Awarding Agency"":""Department of State"",""Awarding Sub Agency"":""Department of State"",""Start Date"":""2017-09-29"",""End Date"":""2023-06-20"",""Description"":""DIPLOMATIC SECURITY - OFFICE OF OVERSEAS PROTECTIVE OPERATIONS - WORLDWIDE PROTECTIVE SERVICES II - TASK ORDER 09 - ERBIL CONSULATE IGF::OT::IGF"",""NAICS Code"":null,""NAICS Description"":null,""awarding_agency_id"":315,""agency_slug"":""department-of-state"",""generated_internal_id"":""CONT_AWD_SAQMMA17F4025_1900_SAQMMA16D0047_1900""}","2026-06-03 20:13:31.11","2026-06-03 20:13:31.11","2026-06-03 20:13:31.11"
"083195b2-50a2-5a67-4467-e5385633aff5","recompete-watch","usaspending","Department of State","Department of State",,,"Award: SAQMMA11F0677 — TRIPLE CANOPY INC","WORLDWIDE PROTECTIVE SERVICES - BAGHDAD","2011-02-10 00:00:00","recompete-window","TRIPLE CANOPY INC","SAQMMA11F0677","$948,929,794.21",,,"90","pursue","https://www.usaspending.gov/award/SAQMMA11F0677","{""internal_id"":312008637,""Award ID"":""SAQMMA11F0677"",""Recipient Name"":""TRIPLE CANOPY INC"",""Award Amount"":948929794.21,""Awarding Agency"":""Department of State"",""Awarding Sub Agency"":""Department of State"",""Start Date"":""2011-02-10"",""End Date"":""2016-11-07"",""Description"":""WORLDWIDE PROTECTIVE SERVICES - BAGHDAD"",""NAICS Code"":null,""awarding_agency_id"":315,""agency_slug"":""department-of-state"",""generated_internal_id"":""CONT_AWD_SAQMMA11F0677_1900_SAQMMA10D0104_1900""}","2026-04-07 08:24:14.226","2026-04-07 08:24:14.226","2026-04-07 08:24:14.226"
"0ad1d8bd-0ab4-5547-1105-f734a27d4baa","recompete-watch","usaspending","Department of Veterans Affairs","Department of Veterans Affairs",,,"Award: 36C10X26N0040 — LOYAL SOURCE GOVERNMENT SERVICES LLC","MEDICAL DISABILITY EXAMINATIONS - TO FY26 FUNDING","2026-01-01 00:00:00","recompete-window","LOYAL SOURCE GOVERNMENT SERVICES LLC","36C10X26N0040","$754,312,385.78",,,"65","pursue","https://www.usaspending.gov/award/36C10X26N0040","{""internal_id"":353911692,""Award ID"":""36C10X26N0040"",""Recipient Name"":""LOYAL SOURCE GOVERNMENT SERVICES LLC"",""Award Amount"":754312385.78,""Awarding Agency"":""Department of Veterans Affairs"",""Awarding Sub Agency"":""Department of Veterans Affairs"",""Start Date"":""2026-01-01"",""End Date"":""2026-12-31"",""Description"":""MEDICAL DISABILITY EXAMINATIONS - TO FY26 FUNDING"",""NAICS Code"":null,""awarding_agency_id"":561,""agency_slug"":""department-of-veterans-affairs"",""generated_internal_id"":""CONT_AWD_36C10X26N0040_3600_36C10X25D0001_3600""}","2026-04-07 08:24:14.226","2026-04-07 08:24:14.226","2026-04-07 08:24:14.226"
"12520e10-20c9-5934-0c8b-d8ec6f1e2ee0","deployment-medical","state_dept","State Department",,,"Andorra","Andorra - Level 1: Exercise Normal Precautions","<p><b><i>There were no changes to the advisory level or risk indicators. Advisory summary was updated.</i></b></p>
<p>Exercise normal precautions in <b>Andorra.</b></p>
<p><b>Advisory summary</b></p>
<p>Andorra is generally a safe destination for travelers<i>.</i></p>
<p>Review our Travel Guidance for Andorra to learn how to prepare for a safe trip.</p>
<p><b>If you decide to travel to Andorra</b>","2026-05-21 00:00:00","active",,,,,"Travel Advisory","45","monitor","https://travel.state.gov/content/travel/en/traveladvisories/traveladvisories/andorra-travel-advisory.html","{""title"":""Andorra - Level 1: Exercise Normal Precautions"",""description"":""<p><b><i>There were no changes to the advisory level or risk indicators. Advisory summary was updated.</i></b></p>\n<p>Exercise normal precautions in <b>Andorra.</b></p>\n<p><b>Advisory summary</b></p>\n<p>Andorra is generally a safe destination for travelers<i>.</i></p>\n<p>Review our Travel Guidance for Andorra to learn how to prepare for a safe trip.</p>\n<p><b>If you decide to travel to Andorra</b></p>\n<ul>\n<li>Enroll in the <a href=\""https://mytravel.state.gov/s/step\"" title=\""Smart Traveler Enrollment Program (STEP)\"" adhocenable=\""false\"">Smart Traveler Enrollment Program (STEP)</a> to get important updates and alerts from the U.S. embassy or consulate. Enrolling helps the U.S. embassy or consulate contact you or your emergency contact in an emergency.</li>\n<li>Whether you&#8217;re a first time or frequent traveler, use the <a href=\""https://travel.state.gov/en/international-travel/planning/checklist.html\"" title=\""International Travel Checklist\"" adhocenable=\""false\"">International Travel Checklist</a>.</li>\n<li>Avoid demonstrations.</li>\n<li>Visit the Centers for Disease Control and Prevention (CDC) website for the <a href=\""https://wwwnc.cdc.gov/travel/destinations/list\"" target=\""_blank\"" title=\""CDC latest Travel Health Information\"" adhocenable=\""false\"">latest&nbsp;Travel Health Information</a>&nbsp;for Andorra.</li>\n<li>We highly recommend that you buy travel insurance before you travel.&nbsp;Check with your&nbsp;<a href=\""https://travel.state.gov/en/international-travel/planning/guidance/insurance.html\"" title=\""Travel Insurance\"" adhocenable=\""false\"">travel insurance provider</a>&nbsp;about evacuation assistance, medical insurance, and trip cancelation coverage.</li>\n</ul>"",""link"":""https://travel.state.gov/content/travel/en/traveladvisories/traveladvisories/andorra-travel-advisory.html"",""pubDate"":""Thu, 21 May 2026""}","2026-06-03 20:13:15.131","2026-06-03 20:13:15.131","2026-06-03 20:13:15.131"
"13faa4bf-3363-5478-2206-5a30369eb866","deployment-medical","state_dept","State Department",,,"Sweden","Sweden - Level 2: Exercise Increased Caution","<p><b><i>There were no changes to the advisory level or risk indicators. Advisory summary was updated.</i></b></p>
<p>Exercise increased caution in Sweden due to&#8239;<b>terrorism</b>.</p>
<p><b>Advisory summary<br>
</b>There is risk of terrorist violence, including terrorist attacks and other activity in Sweden. Visit the U.S. Department of State's country reports on terrorism to learn more.</p>","2026-05-18 00:00:00","active",,,,,"Travel Advisory","45","monitor","https://travel.state.gov/content/travel/en/traveladvisories/traveladvisories/sweden-travel-advisory.html","{""title"":""Sweden - Level 2: Exercise Increased Caution"",""description"":""<p><b><i>There were no changes to the advisory level or risk indicators. Advisory summary was updated.</i></b></p>\n<p>Exercise increased caution in Sweden due to&#8239;<b>terrorism</b>.</p>\n<p><b>Advisory summary<br>\n</b>There is risk of terrorist violence, including terrorist attacks and other activity in Sweden. Visit the U.S. Department of State's country reports on terrorism to learn more.</p>\n<p>Terrorists may attack without warning and target:</p>\n<ul>\n<li>Tourist locations</li>\n<li>Transportation hubs (airports)&nbsp;</li>\n<li>Markets and shopping malls&nbsp;</li>\n<li>Local government facilities&nbsp;</li>\n<li>Hotels, clubs, and restaurants</li>\n<li>Places of worship and religious sites&nbsp;</li>\n<li>Parks&nbsp;</li>\n<li>Major sporting and cultural events&nbsp;</li>\n<li>Educational institutions</li>\n<li>Other public areas</li>\n<li>Review our <a adhocenable=\""false\"" href=\""https://travel.state.gov/content/travel/en/international-travel/International-Travel-Country-Information-Pages/Sweden.html\"" title=\""travel guidance for Sweden\"">travel guidance for Sweden</a> to learn how to prepare for a safe trip.</li>\n</ul>\n<p><b>If you decide to travel to Sweden:</b></p>\n<ul>\n<li>Enroll in the&nbsp;<a href=\""https://mytravel.state.gov/s/step\"" title=\""Smart Traveler Enrollment Program (STEP)\"" adhocenable=\""false\"">Smart Traveler Enrollment Program (STEP)</a>&nbsp;to get important updates and alerts from the U.S. embassy or consulate. Enrolling helps the&nbsp;U.S. embassy or consulate contact you or your emergency contact in an emergency.&#8239;</li>\n<li>Review the&nbsp;<a href=\""https://www.osac.gov/Country/Sweden/Detail\"" target=\""_blank\"" title=\""Country Security Report for Sweden\"" adhocenable=\""false\"">Country Security Report</a>&nbsp;for&nbsp;Sweden.</li>\n<li>Visit the Centers for Disease Control and Prevention (CDC) website for the&nbsp;<a href=\""https://wwwnc.cdc.gov/travel/destinations/list\"" target=\""_blank\"" title=\""CDC latest&#8239;Travel Health Information\"" adhocenable=\""false\"">latest&#8239;Travel Health Information</a>&#8239;for&nbsp;Sweden. &#8239;</li>\n<li>Whether&nbsp;you&#8217;re&nbsp;a first time or frequent traveler, use the&nbsp;<a href=\""https://travel.state.gov/en/international-travel/planning/checklist.html\"" title=\""International Travel Checklist\"" adhocenable=\""false\"">International Travel Checklist</a>.&#8239;</li>\n<li>We highly recommend that you buy travel insurance before you travel.&#8239;Check with&nbsp;your&#8239;<a href=\""https://travel.state.gov/en/international-travel/planning/guidance/insurance.html\"" title=\""Travel Insurance\"" adhocenable=\""false\"">travel insurance provider</a>&#8239;about evacuation&nbsp;assistance, medical insurance, and trip cancelation coverage.&#8239;</li>\n<li>Monitor local media for breaking news. Be prepared to adjust your plans.</li>\n<li>Keep travel documents up to date and easily accessible.</li>\n<li>Have a plan to&nbsp;depart&nbsp;in an emergency.</li>\n<li>Review local laws and conditions before traveling.</li>\n</ul>"",""link"":""https://travel.state.gov/content/travel/en/traveladvisories/traveladvisories/sweden-travel-advisory.html"",""pubDate"":""Mon, 18 May 2026""}","2026-06-03 20:13:15.131","2026-06-03 20:13:15.131","2026-06-03 20:13:15.131"
"1406be21-6473-5d08-8440-9c64c44741ed","forecast","sam_gov","INTERIOR, DEPARTMENT OF THE","US GEOLOGICAL SURVEY","RESTON",,"R--External Review Support Services","https://api.sam.gov/prod/opportunities/v1/noticedesc?noticeid=bcebe558e85d46ed9227f78e853ceb59","2026-05-29 00:00:00","active",,"140G0126Q0118",,,,"20","wait","https://sam.gov/workspace/contract/opp/bcebe558e85d46ed9227f78e853ceb59/view","{""noticeId"":""bcebe558e85d46ed9227f78e853ceb59"",""title"":""R--External Review Support Services"",""solicitationNumber"":""140G0126Q0118"",""fullParentPathName"":""INTERIOR, DEPARTMENT OF THE.US GEOLOGICAL SURVEY.OFC OF ACQUSITION  GRANTS-NATIONAL"",""fullParentPathCode"":""014.1434.140G01"",""postedDate"":""2026-05-29"",""type"":""Presolicitation"",""baseType"":""Special Notice"",""archiveType"":""auto15"",""archiveDate"":""2026-06-20"",""typeOfSetAsideDescription"":""Total Small Business Set-Aside (FAR 19.5)"",""typeOfSetAside"":""SBA"",""responseDeadLine"":""2026-06-05T17:00:00-04:00"",""naicsCode"":""541690"",""naicsCodes"":[""541690""],""classificationCode"":""R499"",""active"":""Yes"",""award"":null,""pointOfContact"":[{""fax"":null,""type"":""primary"",""email"":""trhardy@usgs.gov"",""phone"":""7036487377"",""title"":null,""fullName"":""Hardy, Terrence""}],""description"":""https://api.sam.gov/prod/opportunities/v1/noticedesc?noticeid=bcebe558e85d46ed9227f78e853ceb59"",""organizationType"":""OFFICE"",""officeAddress"":{""zipcode"":""20192"",""city"":""RESTON"",""countryCode"":""USA"",""state"":""VA""},""placeOfPerformance"":{""city"":{},""state"":{},""country"":{}},""additionalInfoLink"":null,""uiLink"":""https://sam.gov/workspace/contract/opp/bcebe558e85d46ed9227f78e853ceb59/view"",""links"":[{""rel"":""self"",""href"":""https://api.sam.gov/prod/opportunities/v2/search?noticeid=bcebe558e85d46ed9227f78e853ceb59&limit=1""}],""resourceLinks"":[""https://sam.gov/api/prod/opps/v3/opportunities/resources/files/3f59b60568af435e855b878ca2f9d14e/download""]}","2026-05-31 23:07:00.265","2026-05-31 23:07:00.265","2026-05-31 23:07:00.265"
"1414c893-4a3c-5f0a-df6e-76d9f3c5837b","recompete-watch","usaspending","Department of Veterans Affairs","Department of Veterans Affairs",,,"Award: 36C10X26N0008 — QTC MEDICAL SERVICES INC","MODIFICATION TO UPDATE REVISE PWS AND ATTACHMENT AR.","2025-10-01 00:00:00","recompete-window","QTC MEDICAL SERVICES INC","36C10X26N0008","$335,920,664.27",,,"65","pursue","https://www.usaspending.gov/award/36C10X26N0008","{""internal_id"":351849305,""Award ID"":""36C10X26N0008"",""Recipient Name"":""QTC MEDICAL SERVICES INC"",""Award Amount"":335920664.27,""Awarding Agency"":""Department of Veterans Affairs"",""Awarding Sub Agency"":""Department of Veterans Affairs"",""Start Date"":""2025-10-01"",""End Date"":""2026-09-30"",""Description"":""MODIFICATION TO UPDATE REVISE PWS AND ATTACHMENT AR."",""NAICS Code"":null,""awarding_agency_id"":561,""agency_slug"":""department-of-veterans-affairs"",""generated_internal_id"":""CONT_AWD_36C10X26N0008_3600_36C10X22D0007_3600""}","2026-04-07 08:24:14.226","2026-04-07 08:24:14.226","2026-04-07 08:24:14.226"
"14ae680d-466f-510d-4d9f-e03bd481eafc","incumbent-tracker","usaspending","Department of Homeland Security","U.S. Immigration and Customs Enforcement",,,"AKIMA GLOBAL SERVICES, LLC — Healthcare","KROME DETENTION CENTER","2014-05-01 00:00:00","expired","AKIMA GLOBAL SERVICES, LLC","70CDCR23FR0000026","$120,377,302.86",,,"85","monitor","https://www.usaspending.gov/award/70CDCR23FR0000026","{""internal_id"":291191193,""Award ID"":""70CDCR23FR0000026"",""Recipient Name"":""AKIMA GLOBAL SERVICES, LLC"",""Award Amount"":120377302.86,""Awarding Agency"":""Department of Homeland Security"",""Awarding Sub Agency"":""U.S. Immigration and Customs Enforcement"",""Start Date"":""2014-05-01"",""End Date"":""2025-02-28"",""Description"":""KROME DETENTION CENTER"",""NAICS Code"":null,""NAICS Description"":null,""awarding_agency_id"":766,""agency_slug"":""department-of-homeland-security"",""generated_internal_id"":""CONT_AWD_70CDCR23FR0000026_7012_HSCEDM14D00002_7012""}","2026-06-03 20:13:31.11","2026-06-03 20:13:31.11","2026-06-03 20:13:31.11"
"14d73429-cc07-569e-935d-170a2e40f1d8","incumbent-tracker","usaspending","Department of Homeland Security","Office of Procurement Operations",,,"TRIPLE CANOPY INC — Healthcare","PROTECTIVE SECURITY OFFICER(PSO)SERVICES FOR FEDERAL TRIANGLE COMPLEX IN WASHINGTON DC.","2021-10-01 00:00:00","expired","TRIPLE CANOPY INC","70RFP221FREC00034","$116,961,667.93",,,"85","monitor","https://www.usaspending.gov/award/70RFP221FREC00034","{""internal_id"":291241300,""Award ID"":""70RFP221FREC00034"",""Recipient Name"":""TRIPLE CANOPY INC"",""Award Amount"":116961667.93,""Awarding Agency"":""Department of Homeland Security"",""Awarding Sub Agency"":""Office of Procurement Operations"",""Start Date"":""2021-10-01"",""End Date"":""2024-09-30"",""Description"":""PROTECTIVE SECURITY OFFICER(PSO)SERVICES FOR FEDERAL TRIANGLE COMPLEX IN WASHINGTON DC."",""NAICS Code"":null,""NAICS Description"":null,""awarding_agency_id"":766,""agency_slug"":""department-of-homeland-security"",""generated_internal_id"":""CONT_AWD_70RFP221FREC00034_7001_70RFP218DEC000018_7001""}","2026-06-03 20:13:31.11","2026-06-03 20:13:31.11","2026-06-03 20:13:31.11"
"1683cd74-f2a8-5f18-d30c-421ef8fc886b","recompete-watch","usaspending","Department of Veterans Affairs","Department of Veterans Affairs",,,"Award: 36C79119F0007 — TRIWEST HEALTHCARE ALLIANCE CORP","IGF::CT::IGF PATIENT CENTERED COMMUNITY CARE (PCCC). FY19 FUNDING","2018-10-01 00:00:00","recompete-window","TRIWEST HEALTHCARE ALLIANCE CORP","36C79119F0007","$362,713,312.13",,,"65","pursue","https://www.usaspending.gov/award/36C79119F0007","{""internal_id"":280466921,""Award ID"":""36C79119F0007"",""Recipient Name"":""TRIWEST HEALTHCARE ALLIANCE CORP"",""Award Amount"":362713312.13,""Awarding Agency"":""Department of Veterans Affairs"",""Awarding Sub Agency"":""Department of Veterans Affairs"",""Start Date"":""2018-10-01"",""End Date"":""2024-09-30"",""Description"":""IGF::CT::IGF PATIENT CENTERED COMMUNITY CARE (PCCC). FY19 FUNDING"",""NAICS Code"":null,""awarding_agency_id"":561,""agency_slug"":""department-of-veterans-affairs"",""generated_internal_id"":""CONT_AWD_36C79119F0007_3600_VA79113D0054_3600""}","2026-04-07 08:24:14.226","2026-04-07 08:24:14.226","2026-04-07 08:24:14.226"
"1a5bf072-51fb-5984-3720-fa7e550efa85","incumbent-tracker","usaspending","Department of State","Department of State",,,"INTERNATIONAL DEVELOPMENT SOLUTIONS LLC — Healthcare","OVERSEAS CONTRACT","2012-03-21 00:00:00","expired","INTERNATIONAL DEVELOPMENT SOLUTIONS LLC","SAQMMA12F1044","$720,426,496.27",,,"85","monitor","https://www.usaspending.gov/award/SAQMMA12F1044","{""internal_id"":312017742,""Award ID"":""SAQMMA12F1044"",""Recipient Name"":""INTERNATIONAL DEVELOPMENT SOLUTIONS LLC"",""Award Amount"":720426496.27,""Awarding Agency"":""Department of State"",""Awarding Sub Agency"":""Department of State"",""Start Date"":""2012-03-21"",""End Date"":""2019-02-09"",""Description"":""OVERSEAS CONTRACT"",""NAICS Code"":null,""NAICS Description"":null,""awarding_agency_id"":315,""agency_slug"":""department-of-state"",""generated_internal_id"":""CONT_AWD_SAQMMA12F1044_1900_SAQMMA10D0098_1900""}","2026-06-03 20:13:31.11","2026-06-03 20:13:31.11","2026-06-03 20:13:31.11"
"1e445b1c-59b4-5909-8d53-9ae674bb9cce","forecast","sam_gov","HEALTH AND HUMAN SERVICES, DEPARTMENT OF","NATIONAL INSTITUTES OF HEALTH","Bethesda",,"Technical Support to NIAID's ICER Cambodia","https://api.sam.gov/prod/opportunities/v1/noticedesc?noticeid=9dd93dff9acb400084391d967901b705","2026-05-31 00:00:00","active",,"75N98026Q00416",,,,"20","wait","https://sam.gov/workspace/contract/opp/9dd93dff9acb400084391d967901b705/view","{""noticeId"":""9dd93dff9acb400084391d967901b705"",""title"":""Technical Support to NIAID's ICER Cambodia"",""solicitationNumber"":""75N98026Q00416"",""fullParentPathName"":""HEALTH AND HUMAN SERVICES, DEPARTMENT OF.NATIONAL INSTITUTES OF HEALTH.NATIONAL INSTITUTES OF HEALTH NIDA"",""fullParentPathCode"":""075.7529.75N950"",""postedDate"":""2026-05-31"",""type"":""Presolicitation"",""baseType"":""Presolicitation"",""archiveType"":""auto15"",""archiveDate"":""2026-06-30"",""typeOfSetAsideDescription"":""No Set aside used"",""typeOfSetAside"":""NONE"",""responseDeadLine"":""2026-06-15T12:00:00-04:00"",""naicsCode"":""541519"",""naicsCodes"":[""541519""],""classificationCode"":""R499"",""active"":""Yes"",""award"":null,""pointOfContact"":[{""fax"":"""",""type"":""primary"",""email"":""kelly.dempsey@nih.gov"",""phone"":"""",""title"":null,""fullName"":""Kelly Dempsey""}],""description"":""https://api.sam.gov/prod/opportunities/v1/noticedesc?noticeid=9dd93dff9acb400084391d967901b705"",""organizationType"":""OFFICE"",""officeAddress"":{""zipcode"":""20892"",""city"":""Bethesda"",""countryCode"":""USA"",""state"":""MD""},""placeOfPerformance"":{""country"":{""code"":""KHM"",""name"":""CAMBODIA""}},""additionalInfoLink"":null,""uiLink"":""https://sam.gov/workspace/contract/opp/9dd93dff9acb400084391d967901b705/view"",""links"":[{""rel"":""self"",""href"":""https://api.sam.gov/prod/opportunities/v2/search?noticeid=9dd93dff9acb400084391d967901b705&limit=1""}],""resourceLinks"":null}","2026-05-31 23:07:00.265","2026-05-31 23:07:00.265","2026-05-31 23:07:00.265"
"1f381775-a1e2-56b9-7b0f-c2d23bb7e7a4","deployment-medical","state_dept","State Department",,,"British Virgin Islands","British Virgin Islands - Level 1: Exercise Normal Precautions","<p><b><i>There are no changes to the advisory level or risk indicators. Advisory summary was updated.</i></b></p>
<p><b>Exercise normal precautions</b> in the <b>British Virgin Islands</b>.</p>
<p><b>Advisory summary</b></p>
<p>British Virgin Islands is generally a safe destination for travelers.</p>
<ul>
<li>British Virgin Islands regularly experiences hurricanes. Review our information on <a adh","2026-05-22 00:00:00","active",,,,,"Travel Advisory","45","monitor","https://travel.state.gov/content/travel/en/traveladvisories/traveladvisories/british-virgin-islands-travel-advisory.html","{""title"":""British Virgin Islands - Level 1: Exercise Normal Precautions"",""description"":""<p><b><i>There are no changes to the advisory level or risk indicators. Advisory summary was updated.</i></b></p>\n<p><b>Exercise normal precautions</b> in the <b>British Virgin Islands</b>.</p>\n<p><b>Advisory summary</b></p>\n<p>British Virgin Islands is generally a safe destination for travelers.</p>\n<ul>\n<li>British Virgin Islands regularly experiences hurricanes. Review our information on <a adhocenable=\""false\"" href=\""https://travel.state.gov/en/international-travel/help-abroad/crisis-response.html#assistance-item-a98d3b76f2\"" title=\""Weather and Natural Disasters in British Virgin Islands\"">W<u>eather and Natural Disasters</u></a> in British Virgin Islands.</li>\n<li>Review our <u><a adhocenable=\""false\"" href=\""https://travel.state.gov/content/travel/en/international-travel/International-Travel-Country-Information-Pages/BritishVirginIslands.html\"" title=\""Travel Guidance for British Virgin Islands\"">Travel Guidance for British Virgin Islands</a></u> to learn how to prepare for a safe trip.</li>\n</ul>\n<p><b>If you decide to travel to</b> <b>British Virgin Islands:</b></p>\n<ul>\n<li>Enroll in the <a href=\""https://mytravel.state.gov/s/step\"" title=\""Smart Traveler Enrollment Program (STEP)\"" adhocenable=\""false\"">Smart Traveler Enrollment Program (STEP)</a> to get important updates and alerts from the U.S. embassy or consulate. Enrolling helps the U.S. embassy or consulate contact you or your emergency contact in an emergency.</li>\n<li>Review the <a href=\""https://www.osac.gov/Content/Report/c6978ae5-3608-45ca-9900-1c4b57c0cfd6\"" target=\""_blank\"" title=\""Country Security Report\"" adhocenable=\""false\"">Country Security Report</a> for the Eastern Caribbean.</li>\n<li>Before you leave the United States for British Virgin Islands, carefully check your luggage for any loose ammunition or weapons you may have forgotten. Review our information on <u><a adhocenable=\""false\"" href=\""https://travel.state.gov/content/travel/en/international-travel/International-Travel-Country-Information-Pages/BritishVirginIslands.html\"" title=\""Local Laws and Customs\"">Local Laws and Customs</a></u>&nbsp;in British Virgin Islands.</li>\n<li>Visit the Centers for Disease Control and Prevention (CDC) website for the <a href=\""https://wwwnc.cdc.gov/travel/destinations/traveler/none/british-virgin-islands\"" target=\""_blank\"" title=\""CDC latest Travel Health Information\"" adhocenable=\""false\"">latest&nbsp;Travel Health Information&nbsp;</a>for British Virgin Islands.</li>\n<li>Whether you&#8217;re a first time or frequent traveler, use the <a href=\""https://travel.state.gov/en/international-travel/planning/checklist.html\"" title=\""International Travel Checklist\"" adhocenable=\""false\"">International Travel Checklist</a>.</li>\n<li>We highly recommend that you buy travel insurance before you travel.&nbsp;Check with your&nbsp;<a href=\""https://travel.state.gov/en/international-travel/planning/guidance/insurance.html\"" title=\""Travel Insurance\"" adhocenable=\""false\"">travel insurance provider</a>&nbsp;about evacuation assistance, medical insurance, and trip cancelation coverage.</li>\n</ul>"",""link"":""https://travel.state.gov/content/travel/en/traveladvisories/traveladvisories/british-virgin-islands-travel-advisory.html"",""pubDate"":""Fri, 22 May 2026""}","2026-06-03 20:13:15.131","2026-06-03 20:13:15.131","2026-06-03 20:13:15.131"
"201bedaa-6a63-5189-c67b-c704d5e3bb41","forecast","sam_gov","DEPT OF DEFENSE","DEPT OF THE NAVY","MECHANICSBURG",,"48--VALVE,SELF-CLOSING","https://api.sam.gov/prod/opportunities/v1/noticedesc?noticeid=4113dc5d9993484daa2046c2e5be40bd","2026-05-30 00:00:00","active",,"N0010426QBV72",,,,"20","wait","https://sam.gov/workspace/contract/opp/4113dc5d9993484daa2046c2e5be40bd/view","{""noticeId"":""4113dc5d9993484daa2046c2e5be40bd"",""title"":""48--VALVE,SELF-CLOSING"",""solicitationNumber"":""N0010426QBV72"",""fullParentPathName"":""DEPT OF DEFENSE.DEPT OF THE NAVY.NAVSUP.NAVSUP WEAPON SYSTEMS SUPPORT.NAVSUP WSS MECHANICSBURG.NAVSUP WEAPON SYSTEMS SUPPORT MECH"",""fullParentPathCode"":""017.1700.NAVSUP.NAVSUP WSS.NAVSUP WSS MECH.N00104"",""postedDate"":""2026-05-30"",""type"":""Presolicitation"",""baseType"":""Presolicitation"",""archiveType"":""autocustom"",""archiveDate"":""2026-07-29"",""typeOfSetAsideDescription"":""Total Small Business Set-Aside (FAR 19.5)"",""typeOfSetAside"":""SBA"",""responseDeadLine"":""2026-07-14T00:00:00-04:00"",""naicsCode"":null,""naicsCodes"":[],""classificationCode"":""4820"",""active"":""Yes"",""award"":null,""pointOfContact"":[{""fax"":null,""type"":""primary"",""email"":""MELISSA.FURNESS@NAVY.MIL"",""phone"":null,""title"":null,""fullName"":""MELISSA A. FURNESS, N9432.17, PHONE (771)229-0075, EMAIL MELISSA.FURNESS@NAVY.MIL""}],""description"":""https://api.sam.gov/prod/opportunities/v1/noticedesc?noticeid=4113dc5d9993484daa2046c2e5be40bd"",""organizationType"":""OFFICE"",""officeAddress"":{""zipcode"":""17050-0788"",""city"":""MECHANICSBURG"",""countryCode"":""USA"",""state"":""PA""},""placeOfPerformance"":null,""additionalInfoLink"":null,""uiLink"":""https://sam.gov/workspace/contract/opp/4113dc5d9993484daa2046c2e5be40bd/view"",""links"":[{""rel"":""self"",""href"":""https://api.sam.gov/prod/opportunities/v2/search?noticeid=4113dc5d9993484daa2046c2e5be40bd&limit=1""}],""resourceLinks"":null}","2026-05-31 23:07:00.265","2026-05-31 23:07:00.265","2026-05-31 23:07:00.265"
"20d6242e-57b1-5352-a959-7494fb772527","incumbent-tracker","usaspending","Department of Defense","Department of the Army",,,"TRIPLE CANOPY INC — Healthcare","SECURITY SUPPORT SERVICES IN SUPPORT OF ARMY SUPPORT- GROUP KUWAIT.","2020-07-22 00:00:00","active","TRIPLE CANOPY INC","W52P1J20F0496","$242,941,799.74",,,"85","monitor","https://www.usaspending.gov/award/W52P1J20F0496","{""internal_id"":349010444,""Award ID"":""W52P1J20F0496"",""Recipient Name"":""TRIPLE CANOPY INC"",""Award Amount"":242941799.74,""Awarding Agency"":""Department of Defense"",""Awarding Sub Agency"":""Department of the Army"",""Start Date"":""2020-07-22"",""End Date"":""2026-10-30"",""Description"":""SECURITY SUPPORT SERVICES IN SUPPORT OF ARMY SUPPORT- GROUP KUWAIT."",""NAICS Code"":null,""NAICS Description"":null,""awarding_agency_id"":1173,""agency_slug"":""department-of-defense"",""generated_internal_id"":""CONT_AWD_W52P1J20F0496_9700_W52P1J19D0005_9700""}","2026-06-03 20:13:31.11","2026-06-03 20:13:31.11","2026-06-03 20:13:31.11"
"227eb063-c325-5b3f-d14b-c2cf04690896","deployment-medical","state_dept","State Department",,,"Timor-Leste","Timor-Leste - Level 2: Exercise Increased Caution","<p><b><i>There was no change to the advisory level or risk indicators. Advisory summary was updated.</i></b></p>
<p>Exercise Increased Caution in Timor-Leste due to risk of <b>unrest </b>and <b>crime</b>.&nbsp;Read the entire Travel Advisory.</p>
<p><b>Advisory summary</b></p>
<ul>
<li>Police in Timor-Leste sometimes use force and tear gas against protestors.&nbsp;</li>
<li>Stone throwing attacks ","2026-05-21 00:00:00","active",,,,,"Travel Advisory","45","monitor","https://travel.state.gov/content/travel/en/traveladvisories/traveladvisories/timor-leste-travel-advisory.html","{""title"":""Timor-Leste - Level 2: Exercise Increased Caution"",""description"":""<p><b><i>There was no change to the advisory level or risk indicators. Advisory summary was updated.</i></b></p>\n<p>Exercise Increased Caution in Timor-Leste due to risk of <b>unrest </b>and <b>crime</b>.&nbsp;Read the entire Travel Advisory.</p>\n<p><b>Advisory summary</b></p>\n<ul>\n<li>Police in Timor-Leste sometimes use force and tear gas against protestors.&nbsp;</li>\n<li>Stone throwing attacks on vehicles can occur during gang conflicts and periods of unrest.&nbsp;</li>\n<li>Sex-based violence and sexual harassment are common in Timor-Leste.</li>\n</ul>\n<p><b>If you decide to travel to Timor-Leste:</b></p>\n<ul>\n<li>Enroll in the <a href=\""https://mytravel.state.gov/s/step\"" title=\""Smart Traveler Enrollment Program (STEP)\"" adhocenable=\""false\"">Smart Traveler Enrollment Program (STEP)</a> to get important updates and alerts from the U.S. embassy or consulate. Enrolling helps the U.S. embassy or consulate contact you or your emergency contact in an emergency.</li>\n<li>Review the&#8239;<a href=\""https://www.osac.gov/Content/Report/a04ec7bd-520d-4d00-937b-1cc10a6b8bab\"" target=\""_blank\"" title=\""Country Security Report\"" adhocenable=\""false\"">Country Security Report</a>&#8239;for Timor-Leste.</li>\n<li>Keep a low profile</li>\n<li>Always be aware of your personal safety and security.&#8239;</li>\n<li>Use caution when walking or driving at night.</li>\n<li>Avoid demonstrations or crowds</li>\n<li>Keep travel documents up-to-date and easily accessible.</li>\n<li>Review our information on <a href=\""https://travel.state.gov/en/international-travel/travel-advisories/crime.html\"" title=\""Crime Abroad\"" adhocenable=\""false\"">Crime Abroad</a> and for <a href=\""https://travel.state.gov/en/international-travel/help-abroad/victims-crime.html\"" title=\""Victims of Crime\"" adhocenable=\""false\"">Victims of Crime</a>.</li>\n<li>Visit the Centers for Disease Control and Prevention (CDC) website for the <a href=\""https://wwwnc.cdc.gov/travel/destinations/traveler/none/east-timor\"" target=\""_blank\"" title=\""CDC latest Travel Health Information\"" adhocenable=\""false\"">latest Travel Health Information</a> for Timor-Leste.</li>\n<li>Whether you&#8217;re a first time or frequent traveler, use <a href=\""https://travel.state.gov/en/international-travel/planning/checklist.html\"" title=\""the International Travel Checklist\"" adhocenable=\""false\"">the International Travel Checklist</a>.&nbsp;</li>\n<li>We highly recommend that you buy travel insurance before you travel. Check with your <a href=\""https://travel.state.gov/en/international-travel/planning/guidance/insurance.html\"" title=\""Travel Insurance\"" adhocenable=\""false\"">travel insurance provider</a> about evacuation assistance, medical insurance, and trip cancelation coverage.</li>\n</ul>"",""link"":""https://travel.state.gov/content/travel/en/traveladvisories/traveladvisories/timor-leste-travel-advisory.html"",""pubDate"":""Thu, 21 May 2026""}","2026-06-03 20:13:15.131","2026-06-03 20:13:15.131","2026-06-03 20:13:15.131"
"23dd8d2c-6b4f-56c0-19c3-530b8d472e6f","forecast","sam_gov","VETERANS AFFAIRS, DEPARTMENT OF","VETERANS AFFAIRS, DEPARTMENT OF","HAMPTON",,"Durham Getinge Premium Service Plan Contract (One Year)","https://api.sam.gov/prod/opportunities/v1/noticedesc?noticeid=cc587868712642a990be1bc2406a273e","2026-05-29 00:00:00","active",,"36C24626Q0401",,,,"20","wait","https://sam.gov/workspace/contract/opp/cc587868712642a990be1bc2406a273e/view","{""noticeId"":""cc587868712642a990be1bc2406a273e"",""title"":""Durham Getinge Premium Service Plan Contract (One Year)"",""solicitationNumber"":""36C24626Q0401"",""fullParentPathName"":""VETERANS AFFAIRS, DEPARTMENT OF.VETERANS AFFAIRS, DEPARTMENT OF.246-NETWORK CONTRACTING OFFICE 6 (36C246)"",""fullParentPathCode"":""036.3600.36C246"",""postedDate"":""2026-05-29"",""type"":""Presolicitation"",""baseType"":""Presolicitation"",""archiveType"":""autocustom"",""archiveDate"":""2026-07-02"",""typeOfSetAsideDescription"":null,""typeOfSetAside"":"""",""responseDeadLine"":""2026-06-12T10:00:00-04:00"",""naicsCode"":""339113"",""naicsCodes"":[""339113""],""classificationCode"":""J065"",""active"":""Yes"",""award"":{""awardee"":{}},""pointOfContact"":[{""fax"":"""",""type"":""primary"",""email"":""monique.cordero@va.gov"",""phone"":"""",""title"":""Contract Specialist"",""fullName"":""Monique Cordero""}],""description"":""https://api.sam.gov/prod/opportunities/v1/noticedesc?noticeid=cc587868712642a990be1bc2406a273e"",""organizationType"":""OFFICE"",""officeAddress"":{""zipcode"":""23667"",""city"":""HAMPTON"",""countryCode"":""USA"",""state"":""VA""},""placeOfPerformance"":{""streetAddress"":""Department of Veterans Affairs Durham VA Medical Center"",""streetAddress2"":""508 Fulton Street"",""city"":{""name"":""Durham""},""state"":{""name"":""NC""},""zip"":""27705"",""country"":{""name"":""""}},""additionalInfoLink"":null,""uiLink"":""https://sam.gov/workspace/contract/opp/cc587868712642a990be1bc2406a273e/view"",""links"":[{""rel"":""self"",""href"":""https://api.sam.gov/prod/opportunities/v2/search?noticeid=cc587868712642a990be1bc2406a273e&limit=1""}],""resourceLinks"":[""https://sam.gov/api/prod/opps/v3/opportunities/resources/files/1f8e4b1667c74cf5841d4d6e250e095b/download"",""https://sam.gov/api/prod/opps/v3/opportunities/resources/files/867e6165e77045d98997a6d961897601/download""]}","2026-05-31 23:07:00.265","2026-05-31 23:07:00.265","2026-05-31 23:07:00.265"
"240e79d8-e54a-57cb-0e14-b8a28371ea00","incumbent-tracker","usaspending","Department of State","Department of State",,,"TRIPLE CANOPY INC — Healthcare","WORLDWIDE PROTECTIVE SERVICES - BAGHDAD","2011-02-10 00:00:00","expired","TRIPLE CANOPY INC","SAQMMA11F0677","$948,929,794.21",,,"85","monitor","https://www.usaspending.gov/award/SAQMMA11F0677","{""internal_id"":312008637,""Award ID"":""SAQMMA11F0677"",""Recipient Name"":""TRIPLE CANOPY INC"",""Award Amount"":948929794.21,""Awarding Agency"":""Department of State"",""Awarding Sub Agency"":""Department of State"",""Start Date"":""2011-02-10"",""End Date"":""2016-11-07"",""Description"":""WORLDWIDE PROTECTIVE SERVICES - BAGHDAD"",""NAICS Code"":null,""NAICS Description"":null,""awarding_agency_id"":315,""agency_slug"":""department-of-state"",""generated_internal_id"":""CONT_AWD_SAQMMA11F0677_1900_SAQMMA10D0104_1900""}","2026-06-03 20:13:31.11","2026-06-03 20:13:31.11","2026-06-03 20:13:31.11"
"252da794-5a83-5b8b-7698-290cdb593f29","recompete-watch","usaspending","Department of Veterans Affairs","Department of Veterans Affairs",,,"Award: 36C10X26N0033 — QTC MEDICAL SERVICES INC","FY26 FUNDING MEDICAL DISABILITY EXAMINATIONS","2026-01-01 00:00:00","recompete-window","QTC MEDICAL SERVICES INC","36C10X26N0033","$392,676,748.18",,,"65","pursue","https://www.usaspending.gov/award/36C10X26N0033","{""internal_id"":353959210,""Award ID"":""36C10X26N0033"",""Recipient Name"":""QTC MEDICAL SERVICES INC"",""Award Amount"":392676748.18,""Awarding Agency"":""Department of Veterans Affairs"",""Awarding Sub Agency"":""Department of Veterans Affairs"",""Start Date"":""2026-01-01"",""End Date"":""2026-12-31"",""Description"":""FY26 FUNDING MEDICAL DISABILITY EXAMINATIONS"",""NAICS Code"":null,""awarding_agency_id"":561,""agency_slug"":""department-of-veterans-affairs"",""generated_internal_id"":""CONT_AWD_36C10X26N0033_3600_36C10X25D0003_3600""}","2026-04-07 08:24:14.226","2026-04-07 08:24:14.226","2026-04-07 08:24:14.226"
"25f74788-25f1-5c44-fbe9-c61f1cb850c8","recompete-watch","usaspending","Department of Veterans Affairs","Department of Veterans Affairs",,,"Award: 36C10X26N0045 — OPTUMSERVE HEALTH SERVICES, INC.","FY26 FUNDING MEDICAL DISABILITY EXAMINATIONS","2026-01-01 00:00:00","recompete-window","OPTUMSERVE HEALTH SERVICES, INC.","36C10X26N0045","$356,623,261.54",,,"65","pursue","https://www.usaspending.gov/award/36C10X26N0045","{""internal_id"":353976800,""Award ID"":""36C10X26N0045"",""Recipient Name"":""OPTUMSERVE HEALTH SERVICES, INC."",""Award Amount"":356623261.54,""Awarding Agency"":""Department of Veterans Affairs"",""Awarding Sub Agency"":""Department of Veterans Affairs"",""Start Date"":""2026-01-01"",""End Date"":""2026-12-31"",""Description"":""FY26 FUNDING MEDICAL DISABILITY EXAMINATIONS"",""NAICS Code"":null,""awarding_agency_id"":561,""agency_slug"":""department-of-veterans-affairs"",""generated_internal_id"":""CONT_AWD_36C10X26N0045_3600_36C10X25D0002_3600""}","2026-04-07 08:24:14.226","2026-04-07 08:24:14.226","2026-04-07 08:24:14.226"
"2645bbfb-c04d-5a5c-4661-916a7d99c464","recompete-watch","usaspending","Department of State","Department of State",,,"Award: SAQMMA16F4675 — TRIPLE CANOPY INC","IGF::OT::IGF BAGHDAD PROTECTIVE SECURITY OFFICE OF OVERSEAS PROTECTIVE SERVICES  BUREAU FOR DIPLOMATIC SECURITY US DEPARTMENT OF STATE","2016-09-30 00:00:00","recompete-window","TRIPLE CANOPY INC","SAQMMA16F4675","$648,205,281.61",,,"90","pursue","https://www.usaspending.gov/award/SAQMMA16F4675","{""internal_id"":312053926,""Award ID"":""SAQMMA16F4675"",""Recipient Name"":""TRIPLE CANOPY INC"",""Award Amount"":648205281.61,""Awarding Agency"":""Department of State"",""Awarding Sub Agency"":""Department of State"",""Start Date"":""2016-09-30"",""End Date"":""2022-06-27"",""Description"":""IGF::OT::IGF BAGHDAD PROTECTIVE SECURITY OFFICE OF OVERSEAS PROTECTIVE SERVICES  BUREAU FOR DIPLOMATIC SECURITY US DEPARTMENT OF STATE"",""NAICS Code"":null,""awarding_agency_id"":315,""agency_slug"":""department-of-state"",""generated_internal_id"":""CONT_AWD_SAQMMA16F4675_1900_SAQMMA16D0048_1900""}","2026-04-07 08:24:14.226","2026-04-07 08:24:14.226","2026-04-07 08:24:14.226"
"2664cb0b-2dca-558e-3968-dabb3e38381e","incumbent-tracker","usaspending","Department of Homeland Security","Office of Procurement Operations",,,"TRIPLE CANOPY INC — Healthcare","PROTECTIVE SECURITY OFFICER (PSO) SERVICES IN SILVER SPRING AND BELTSVILLE MD","2019-10-01 00:00:00","expired","TRIPLE CANOPY INC","70RFP219FREC00121","$133,302,725.29",,,"85","monitor","https://www.usaspending.gov/award/70RFP219FREC00121","{""internal_id"":291241149,""Award ID"":""70RFP219FREC00121"",""Recipient Name"":""TRIPLE CANOPY INC"",""Award Amount"":133302725.29,""Awarding Agency"":""Department of Homeland Security"",""Awarding Sub Agency"":""Office of Procurement Operations"",""Start Date"":""2019-10-01"",""End Date"":""2025-02-28"",""Description"":""PROTECTIVE SECURITY OFFICER (PSO) SERVICES IN SILVER SPRING AND BELTSVILLE MD"",""NAICS Code"":null,""NAICS Description"":null,""awarding_agency_id"":766,""agency_slug"":""department-of-homeland-security"",""generated_internal_id"":""CONT_AWD_70RFP219FREC00121_7001_70RFP218DEC000018_7001""}","2026-06-03 20:13:31.11","2026-06-03 20:13:31.11","2026-06-03 20:13:31.11"
"2cfa9e25-8b53-5469-28e5-aae13b9808ac","deployment-medical","state_dept","State Department",,,"Chile","Chile - Level 2: Exercise Increased Caution","<p><b>The health risk indicator was added. There were no changes to the advisory level.&nbsp;Updated to include Health Information.</b></p>
<p><b>Exercise increased caution </b>in Chile due to<b>&nbsp;crime </b>and&nbsp;<b>civil unrest.</b></p>
<p><b>Health</b><br>
The U.S. Centers for Disease Control (CDC) has issued a Level 1 Travelers&#8217; Health Notice for Andes virus (Hantavirus) in the reg","2026-05-20 00:00:00","active",,,,,"Travel Advisory","45","monitor","https://travel.state.gov/content/travel/en/traveladvisories/traveladvisories/chile-travel-advisory.html","{""title"":""Chile - Level 2: Exercise Increased Caution"",""description"":""<p><b>The health risk indicator was added. There were no changes to the advisory level.&nbsp;Updated to include Health Information.</b></p>\n<p><b>Exercise increased caution </b>in Chile due to<b>&nbsp;crime </b>and&nbsp;<b>civil unrest.</b></p>\n<p><b>Health</b><br>\nThe U.S. Centers for Disease Control (CDC) has issued a Level 1 Travelers&#8217; Health Notice for Andes virus (Hantavirus) in the region. The risk for most travelers is extremely low; the United States is working with international partners to investigate and prevent further viral spread. Review the CDC&#8217;s Travelers&#8217; Health Notice for more information on <a href=\""https://wwwnc.cdc.gov/travel/notices/level1/andes-virus-south-america\"">Andes virus</a>.&nbsp;</p>\n<p><b>Country Summary:</b>&nbsp;Street crime (e.g., muggings, pick-pocketing, theft) is common in Chile. Rates of violent crime, such as assaults, homicide, carjackings, and residential break-ins, are increasing.</p>\n<p>Large-scale demonstrations periodically occur in Santiago and other cities in Chile. Demonstrations can take place with little or no notice, and often result in disruptions to transportation, including public bus and Santiago metro services.Read the&nbsp;<a href=\""https://travel.state.gov/content/travel/en/international-travel/International-Travel-Country-Information-Pages/Chile.html\"">country information page</a>&nbsp;for additional information on travel to Chile.</p>\n<p>If you decide to travel to Chile:</p>\n<ul>\n<li>Do not leave luggage unattended, even in locked vehicles.</li>\n<li>Always carry a copy of your U.S. passport and visa (if applicable).&nbsp; Keep original documents in a secure location.</li>\n<li>Avoid demonstrations.</li>\n<li>Follow the instructions of local authorities including movement restrictions and obey all curfews.</li>\n<li>Find a safe location and shelter in place if in the vicinity of large gatherings or protests.</li>\n<li>Review the&nbsp;<a href=\""https://www.osac.gov/Content/Browse/Report?subContentTypes=Country%20Security%20Report\"">Country Security Report</a>&nbsp;for Chile.</li>\n<li>Enroll in the&nbsp;<a href=\""https://step.state.gov/\"">Smart Traveler Enrollment Program (STEP)</a>&nbsp;to receive Alerts and make it easier to locate you in an emergency.</li>\n<li>Follow the U.S. Embassy and Department of State on&nbsp;<a href=\""https://travel.state.gov/content/travel/en/traveladvisories/traveladvisories/chile-travel-advisory.html#ExternalPopup\"">Facebook</a><u>, </u><a adhocenable=\""false\"" href=\""https://www.instagram.com/statedept/\"">Instagram</a><u>,</u>&nbsp;and&nbsp;<a href=\""https://travel.state.gov/content/travel/en/traveladvisories/traveladvisories/chile-travel-advisory.html#ExternalPopup\"">X/Twitter</a>.</li>\n<li>Prepare a contingency plan for emergency situations. Review the&nbsp;<a href=\""https://travel.state.gov/content/travel/en/international-travel/before-you-go/travelers-checklist.html\"">Traveler&#8217;s Checklist</a>.</li>\n<li>Visit the CDC page for the latest&nbsp;<a href=\""https://travel.state.gov/content/travel/en/traveladvisories/traveladvisories/chile-travel-advisory.html#ExternalPopup\"">Travel Health Information</a>&nbsp;related to your travel.</li>\n</ul>"",""link"":""https://travel.state.gov/content/travel/en/traveladvisories/traveladvisories/chile-travel-advisory.html"",""pubDate"":""Wed, 20 May 2026""}","2026-06-03 20:13:15.131","2026-06-03 20:13:15.131","2026-06-03 20:13:15.131"
"2d7e4cfb-7b75-52e2-b827-a1f907182c21","forecast","sam_gov","AGRICULTURE, DEPARTMENT OF","FOREST SERVICE","Ogden",,"Regions 01 and 02 A&E Services","https://api.sam.gov/prod/opportunities/v1/noticedesc?noticeid=c9b82d27641c42dfaa526e37cef623d0","2026-05-29 00:00:00","active",,"1240LN26R0002",,,,"20","wait","https://sam.gov/workspace/contract/opp/c9b82d27641c42dfaa526e37cef623d0/view","{""noticeId"":""c9b82d27641c42dfaa526e37cef623d0"",""title"":""Regions 01 and 02 A&E Services"",""solicitationNumber"":""1240LN26R0002"",""fullParentPathName"":""AGRICULTURE, DEPARTMENT OF.FOREST SERVICE.USDA-FS, CSA INTERMOUNTAIN 3"",""fullParentPathCode"":""012.12C2.1240LN"",""postedDate"":""2026-05-29"",""type"":""Presolicitation"",""baseType"":""Presolicitation"",""archiveType"":""auto15"",""archiveDate"":""2026-06-30"",""typeOfSetAsideDescription"":""Total Small Business Set-Aside (FAR 19.5)"",""typeOfSetAside"":""SBA"",""responseDeadLine"":""2026-06-15T16:00:00-04:00"",""naicsCode"":""541330"",""naicsCodes"":[""541330""],""classificationCode"":""R425"",""active"":""Yes"",""award"":null,""pointOfContact"":[{""fax"":"""",""type"":""primary"",""email"":""gilbert.chonje@usda.gov"",""phone"":""9313788014"",""title"":null,""fullName"":""Gilbert Chonje""}],""description"":""https://api.sam.gov/prod/opportunities/v1/noticedesc?noticeid=c9b82d27641c42dfaa526e37cef623d0"",""organizationType"":""OFFICE"",""officeAddress"":{""zipcode"":""844012310"",""city"":""Ogden"",""countryCode"":""USA"",""state"":""UT""},""placeOfPerformance"":null,""additionalInfoLink"":null,""uiLink"":""https://sam.gov/workspace/contract/opp/c9b82d27641c42dfaa526e37cef623d0/view"",""links"":[{""rel"":""self"",""href"":""https://api.sam.gov/prod/opportunities/v2/search?noticeid=c9b82d27641c42dfaa526e37cef623d0&limit=1""}],""resourceLinks"":[""https://sam.gov/api/prod/opps/v3/opportunities/resources/files/07792e7fed234607881e519d57907e75/download"",""https://sam.gov/api/prod/opps/v3/opportunities/resources/files/be498a0654af466f980bbf1915ed3eab/download""]}","2026-05-31 23:07:00.265","2026-05-31 23:07:00.265","2026-05-31 23:07:00.265"
"30dc7814-5e99-54d4-9db8-65106a07c98e","deployment-medical","state_dept","State Department",,,"New Caledonia","New Caledonia - Level 2: Exercise Increased Caution","<p>The advisory level was decreased to 2. The &#8220;Unrest&#8221; risk indicator was removed. Advisory Summary was updated.</p>
<p><b>Exercise Increased Caution </b>in<b> New Caledonia </b>due to risk of <b>crime. &nbsp;</b></p>
<p><b>Advisory summary</b>&nbsp; &nbsp; &nbsp; &nbsp; &nbsp; &nbsp; &nbsp; &nbsp; &nbsp; &nbsp; &nbsp; &nbsp; &nbsp; &nbsp; &nbsp; &nbsp; &nbsp; &nbsp;</p>
<p>Exercise in","2026-05-21 00:00:00","active",,,,,"Travel Advisory","45","monitor","https://travel.state.gov/content/travel/en/traveladvisories/traveladvisories/new-caledonia-travel-advisory.html","{""title"":""New Caledonia - Level 2: Exercise Increased Caution"",""description"":""<p>The advisory level was decreased to 2. The &#8220;Unrest&#8221; risk indicator was removed. Advisory Summary was updated.</p>\n<p><b>Exercise Increased Caution </b>in<b> New Caledonia </b>due to risk of <b>crime. &nbsp;</b></p>\n<p><b>Advisory summary</b>&nbsp; &nbsp; &nbsp; &nbsp; &nbsp; &nbsp; &nbsp; &nbsp; &nbsp; &nbsp; &nbsp; &nbsp; &nbsp; &nbsp; &nbsp; &nbsp; &nbsp; &nbsp;</p>\n<p>Exercise increased caution in New Caledonia.</p>\n<p>Review our travel guidance for New Caledonia to learn how to prepare for a safe trip.</p>\n<p><b>Exercise increased caution </b>in<b> Areas Outside Noumea at night </b>due to<b> crime.</b></p>\n<p>Due to the civil unrest in 2024, an increased police and military presence remains around the country.</p>\n<ul>\n<li>Political demonstrations and protests may turn violent with little notice. Demonstrations may disrupt transportation and other essential services.</li>\n<li>There may be language barriers in calling emergency services, potentially causing delays.</li>\n<li>Medical services for routine and emergency procedures are generally available in Noumea, but limited outside of the city. Review the Health section of the Travel Guidance on this page for more information.</li>\n<li>The U.S. government is extremely limited in its ability to provide emergency services to U.S. citizens in&nbsp;New Caledonia. Help on site is available only from local authorities.</li>\n</ul>\n<p><b>If you decide to travel to New Caledonia:</b></p>\n<ul>\n<li>Enroll in the <a href=\""https://mytravel.state.gov/s/step\"">&#8239;Smart Traveler Enrollment Program (STEP)</a> to get important updates and alerts from the U.S. embassy or consulate. Enrolling helps the U.S. embassy or consulate contact you or your emergency contact in an emergency.</li>\n<li>Review the&nbsp;<a href=\""https://www.osac.gov/Content/Browse/Report?subContentTypes=Country%20Security%20Report\"">Country Security Report</a>&nbsp;for New Caledonia.&nbsp;&nbsp;&nbsp;</li>\n<li>Avoid demonstrations and crowds.</li>\n<li>Check local media for breaking news. Be prepared to adjust your plans.</li>\n<li>Review our information on <a href=\""https://travel.state.gov/en/international-travel/travel-advisories/crime.html\"">Crime Abroad</a><u> </u>and for <a href=\""https://travel.state.gov/en/international-travel/help-abroad/victims-crime.html\"">Victims of Crime</a><u>.<br>\n</u></li>\n<li>Visit the Centers for Disease Control and Prevention CDC website for the latest&#8239;<a href=\""https://wwwnc.cdc.gov/travel/destinations/traveler/none/south-korea\"">Travel Health Information</a>&nbsp;for New Caledonia.</li>\n<li>Whether you&#8217;re a first time or frequent traveler, use the <a href=\""https://travel.state.gov/en/international-travel/planning/checklist.html\"">International Travel Checklist</a>.<br>\n</li>\n<li>We highly recommend that you buy travel insurance before you travel. Check with your <a href=\""https://travel.state.gov/en/international-travel/planning/guidance/insurance.html\"">travel insurance provider</a> about evacuation assistance, medical insurance, and trip cancelation coverage.<br>\n</li>\n<li>Have a plan to leave in an emergency that does not depend on U.S. government help. Review our information on <a href=\""https://travel.state.gov/en/international-travel/help-abroad/crisis-response.html\"">Crisis and Evacuations</a>.</li>\n</ul>"",""link"":""https://travel.state.gov/content/travel/en/traveladvisories/traveladvisories/new-caledonia-travel-advisory.html"",""pubDate"":""Thu, 21 May 2026""}","2026-06-03 20:13:15.131","2026-06-03 20:13:15.131","2026-06-03 20:13:15.131"
"30e3e57d-83f7-5b30-b24f-8fbc29b4a03e","incumbent-tracker","usaspending","Department of Health and Human Services","Centers for Disease Control and Prevention",,,"CVS PHARMACY, INC — Healthcare","ICATT","2022-06-14 00:00:00","expired","CVS PHARMACY, INC","75D30122C13954","$185,307,164.35",,,"85","monitor","https://www.usaspending.gov/award/75D30122C13954","{""internal_id"":291507340,""Award ID"":""75D30122C13954"",""Recipient Name"":""CVS PHARMACY, INC"",""Award Amount"":185307164.35,""Awarding Agency"":""Department of Health and Human Services"",""Awarding Sub Agency"":""Centers for Disease Control and Prevention"",""Start Date"":""2022-06-14"",""End Date"":""2025-05-31"",""Description"":""ICATT"",""NAICS Code"":null,""NAICS Description"":null,""awarding_agency_id"":806,""agency_slug"":""department-of-health-and-human-services"",""generated_internal_id"":""CONT_AWD_75D30122C13954_7523_-NONE-_-NONE-""}","2026-06-03 20:13:31.11","2026-06-03 20:13:31.11","2026-06-03 20:13:31.11"
"311f4743-979c-5dbc-1ae6-6bd29655e83d","incumbent-tracker","usaspending","Department of Homeland Security","U.S. Immigration and Customs Enforcement",,,"THE GEO GROUP, INC. — Healthcare","NEW TASK ORDER FOR DETENTION SERVICES IN THE LOS ANGELES AREA OF RESPONSIBILITY","2022-12-20 00:00:00","expired","THE GEO GROUP, INC.","70CDCR23FR0000014","$116,595,853.53",,,"85","monitor","https://www.usaspending.gov/award/70CDCR23FR0000014","{""internal_id"":291191183,""Award ID"":""70CDCR23FR0000014"",""Recipient Name"":""THE GEO GROUP, INC."",""Award Amount"":116595853.53,""Awarding Agency"":""Department of Homeland Security"",""Awarding Sub Agency"":""U.S. Immigration and Customs Enforcement"",""Start Date"":""2022-12-20"",""End Date"":""2023-12-19"",""Description"":""NEW TASK ORDER FOR DETENTION SERVICES IN THE LOS ANGELES AREA OF RESPONSIBILITY"",""NAICS Code"":null,""NAICS Description"":null,""awarding_agency_id"":766,""agency_slug"":""department-of-homeland-security"",""generated_internal_id"":""CONT_AWD_70CDCR23FR0000014_7012_70CDCR20D00000009_7012""}","2026-06-03 20:13:31.11","2026-06-03 20:13:31.11","2026-06-03 20:13:31.11"
"33ad011d-45d4-5e46-750c-7bf054ba2922","incumbent-tracker","usaspending","Department of State","Department of State",,,"POND SECURITY SERVICE GMBH — Healthcare","US MISSION GERMANY CONTRACT AWARD IGF::OT::IGF","2014-02-01 00:00:00","expired","POND SECURITY SERVICE GMBH","SAQMMA14C0161","$252,546,808.16",,,"85","monitor","https://www.usaspending.gov/award/SAQMMA14C0161","{""internal_id"":312033565,""Award ID"":""SAQMMA14C0161"",""Recipient Name"":""POND SECURITY SERVICE GMBH"",""Award Amount"":252546808.16,""Awarding Agency"":""Department of State"",""Awarding Sub Agency"":""Department of State"",""Start Date"":""2014-02-01"",""End Date"":""2025-10-31"",""Description"":""US MISSION GERMANY CONTRACT AWARD IGF::OT::IGF"",""NAICS Code"":null,""NAICS Description"":null,""awarding_agency_id"":315,""agency_slug"":""department-of-state"",""generated_internal_id"":""CONT_AWD_SAQMMA14C0161_1900_-NONE-_-NONE-""}","2026-06-03 20:13:31.11","2026-06-03 20:13:31.11","2026-06-03 20:13:31.11"
"34309fdc-0ea3-59b1-8c4f-7aa7614d72bf","forecast","sam_gov","DEPT OF DEFENSE","DEFENSE LOGISTICS AGENCY","PHILADELPHIA",,"Liner, Berm, Tank, Fabric","https://api.sam.gov/prod/opportunities/v1/noticedesc?noticeid=9a4dd701b54e4e41805da8568c1152b8","2026-05-30 00:00:00","active",,"SPE8ED26Q0531",,,,"20","wait","https://sam.gov/workspace/contract/opp/9a4dd701b54e4e41805da8568c1152b8/view","{""noticeId"":""9a4dd701b54e4e41805da8568c1152b8"",""title"":""Liner, Berm, Tank, Fabric"",""solicitationNumber"":""SPE8ED26Q0531"",""fullParentPathName"":""DEPT OF DEFENSE.DEFENSE LOGISTICS AGENCY.TROOP SUPPORT CONSTRUCTION & EQUIPMENT.DLA TROOP SUPPORT"",""fullParentPathCode"":""097.97AS.DLA TRP SUPT C&E.SPE8ED"",""postedDate"":""2026-05-30"",""type"":""Presolicitation"",""baseType"":""Presolicitation"",""archiveType"":""auto15"",""archiveDate"":""2026-06-20"",""typeOfSetAsideDescription"":null,""typeOfSetAside"":null,""responseDeadLine"":""2026-06-05T18:00:00-04:00"",""naicsCode"":""332312"",""naicsCodes"":[""332312""],""classificationCode"":""5430"",""active"":""Yes"",""award"":null,""pointOfContact"":[{""fax"":"""",""type"":""primary"",""email"":""avril.dickerson@dla.mil"",""phone"":"""",""title"":null,""fullName"":""Avril Dickerson445-737-7976""}],""description"":""https://api.sam.gov/prod/opportunities/v1/noticedesc?noticeid=9a4dd701b54e4e41805da8568c1152b8"",""organizationType"":""OFFICE"",""officeAddress"":{""zipcode"":""19111-5096"",""city"":""PHILADELPHIA"",""countryCode"":""USA"",""state"":""PA""},""placeOfPerformance"":null,""additionalInfoLink"":null,""uiLink"":""https://sam.gov/workspace/contract/opp/9a4dd701b54e4e41805da8568c1152b8/view"",""links"":[{""rel"":""self"",""href"":""https://api.sam.gov/prod/opportunities/v2/search?noticeid=9a4dd701b54e4e41805da8568c1152b8&limit=1""}],""resourceLinks"":null}","2026-05-31 23:07:00.265","2026-05-31 23:07:00.265","2026-05-31 23:07:00.265"
"34509920-641f-511a-446d-787a6cfa4e15","incumbent-tracker","usaspending","Department of State","Department of State",,,"ACUITY - JANUS GLOBAL, LLC — Healthcare","NEW AWARD/IRBIL","2023-01-04 00:00:00","active","ACUITY - JANUS GLOBAL, LLC","19AQMM23F0045","$110,870,172.77",,,"85","monitor","https://www.usaspending.gov/award/19AQMM23F0045","{""internal_id"":278745263,""Award ID"":""19AQMM23F0045"",""Recipient Name"":""ACUITY - JANUS GLOBAL, LLC"",""Award Amount"":110870172.77,""Awarding Agency"":""Department of State"",""Awarding Sub Agency"":""Department of State"",""Start Date"":""2023-01-04"",""End Date"":""2027-01-03"",""Description"":""NEW AWARD/IRBIL"",""NAICS Code"":null,""NAICS Description"":null,""awarding_agency_id"":315,""agency_slug"":""department-of-state"",""generated_internal_id"":""CONT_AWD_19AQMM23F0045_1900_19AQMM21D0009_1900""}","2026-06-03 20:13:31.11","2026-06-03 20:13:31.11","2026-06-03 20:13:31.11"
"39c6baa2-386f-5a17-5651-fb5a7953c0ad","deployment-medical","state_dept","State Department",,,"Dominica","Dominica - Level 1: Exercise Normal Precautions","<p style=""text-align: left;""><i><b>There are no changes to the advisory level or risk indicators. Advisory summary was updated. Exercise normal precautions in Dominica.</b></i></p>
<p>Exercise normal precautions in <b>Dominica</b>.<b></b></p>
<p><b>Advisory summary</b></p>
<p>Dominica is generally a safe destination for travelers.</p>
<ul>
<li>Dominica regularly experiences hurricanes. Review our ","2026-05-20 00:00:00","active",,,,,"Travel Advisory","45","monitor","https://travel.state.gov/content/travel/en/traveladvisories/traveladvisories/dominica-travel-advisory.html","{""title"":""Dominica - Level 1: Exercise Normal Precautions"",""description"":""<p style=\""text-align: left;\""><i><b>There are no changes to the advisory level or risk indicators. Advisory summary was updated. Exercise normal precautions in Dominica.</b></i></p>\n<p>Exercise normal precautions in <b>Dominica</b>.<b></b></p>\n<p><b>Advisory summary</b></p>\n<p>Dominica is generally a safe destination for travelers.</p>\n<ul>\n<li>Dominica regularly experiences hurricanes. Review our information on <u><a title=\""Weather and Natural Disasters\"" adhocenable=\""false\"" href=\""https://travel.state.gov/en/international-travel/help-abroad/crisis-response.html#assistance-item-a98d3b76f2\"">Weather and Natural Disasters</a></u> in Dominica.</li>\n<li>Review our Travel Guidance for Dominica to learn how to prepare for a safe trip.</li>\n</ul>\n<p><b>If you decide to travel to</b> <b>Dominica:</b></p>\n<ul>\n<li>Enroll in the <a href=\""https://mytravel.state.gov/s/step\"" title=\""Smart Traveler Enrollment Program (STEP)\"" adhocenable=\""false\"">Smart Traveler Enrollment Program (STEP)</a> to get important updates and alerts from the U.S. embassy or consulate. Enrolling helps the U.S. embassy or consulate contact you or your emergency contact in an emergency.</li>\n<li>Review the <a href=\""https://www.osac.gov/Content/Report/c6978ae5-3608-45ca-9900-1c4b57c0cfd6\"" target=\""_blank\"" title=\""Country Security Report\"" adhocenable=\""false\"">Country Security Report</a> for the Eastern Caribbean.</li>\n<li>Visit the Centers for Disease Control and Prevention (CDC) website for the <a href=\""https://wwwnc.cdc.gov/travel/destinations/traveler/none/dominica\"" target=\""_blank\"" title=\""CDC latest Travel Health Information\"" adhocenable=\""false\"">latest&nbsp;Travel Health Information</a>&nbsp;for Dominica.</li>\n<li>Whether you&#8217;re a first time or frequent traveler, use the <a href=\""https://travel.state.gov/en/international-travel/planning/checklist.html\"" title=\""International Travel Checklist\"" adhocenable=\""false\"">International Travel Checklist</a>.</li>\n<li>We highly recommend that you buy travel insurance before you travel.&nbsp;Check with your&nbsp;<a href=\""https://travel.state.gov/en/international-travel/planning/guidance/insurance.html\"" title=\""Travel Insurance\"" adhocenable=\""false\"">travel insurance provider</a>&nbsp;about evacuation assistance, medical insurance, and trip cancelation coverage.</li>\n</ul>"",""link"":""https://travel.state.gov/content/travel/en/traveladvisories/traveladvisories/dominica-travel-advisory.html"",""pubDate"":""Wed, 20 May 2026""}","2026-06-03 20:13:15.131","2026-06-03 20:13:15.131","2026-06-03 20:13:15.131"
"3b3b261d-7a09-5106-2221-6e07ba0aa30c","incumbent-tracker","usaspending","Department of Homeland Security","U.S. Immigration and Customs Enforcement",,,"MVM, INC. — Healthcare","THIS AWARD ESTABLISHES A NEW TASK ORDER FOR THE NATIONWIDE TRANSPORTATION OF UNACCOMPANIED MINORS (UC) AND FAMILY UNITS (FAMU).","2024-04-01 00:00:00","expired","MVM, INC.","70CDCR25FR0000026","$145,096,173.9",,,"85","monitor","https://www.usaspending.gov/award/70CDCR25FR0000026","{""internal_id"":291191386,""Award ID"":""70CDCR25FR0000026"",""Recipient Name"":""MVM, INC."",""Award Amount"":145096173.9,""Awarding Agency"":""Department of Homeland Security"",""Awarding Sub Agency"":""U.S. Immigration and Customs Enforcement"",""Start Date"":""2024-04-01"",""End Date"":""2026-01-31"",""Description"":""THIS AWARD ESTABLISHES A NEW TASK ORDER FOR THE NATIONWIDE TRANSPORTATION OF UNACCOMPANIED MINORS (UC) AND FAMILY UNITS (FAMU)."",""NAICS Code"":null,""NAICS Description"":null,""awarding_agency_id"":766,""agency_slug"":""department-of-homeland-security"",""generated_internal_id"":""CONT_AWD_70CDCR25FR0000026_7012_70CDCR24D00000002_7012""}","2026-06-03 20:13:31.11","2026-06-03 20:13:31.11","2026-06-03 20:13:31.11"
"3d0c9b1c-52c5-5b9a-742e-6ae38c732616","incumbent-tracker","usaspending","Department of State","Department of State",,,"INTER-CON SECURITY SYSTEMS, INC. — Healthcare","THIS CONTRACT IS IN SUPPORT OF DS/DO/DFP  IF YOU HAVE ANY QUESTIONS PLEASE CONTACT:   ALFRED MAASS- 202-647-3005","2018-12-15 00:00:00","expired","INTER-CON SECURITY SYSTEMS, INC.","19AQMM19C0007","$358,935,467.4",,,"85","monitor","https://www.usaspending.gov/award/19AQMM19C0007","{""internal_id"":278719847,""Award ID"":""19AQMM19C0007"",""Recipient Name"":""INTER-CON SECURITY SYSTEMS, INC."",""Award Amount"":358935467.4,""Awarding Agency"":""Department of State"",""Awarding Sub Agency"":""Department of State"",""Start Date"":""2018-12-15"",""End Date"":""2021-10-31"",""Description"":""THIS CONTRACT IS IN SUPPORT OF DS/DO/DFP  IF YOU HAVE ANY QUESTIONS PLEASE CONTACT:   ALFRED MAASS- 202-647-3005"",""NAICS Code"":null,""NAICS Description"":null,""awarding_agency_id"":315,""agency_slug"":""department-of-state"",""generated_internal_id"":""CONT_AWD_19AQMM19C0007_1900_-NONE-_-NONE-""}","2026-06-03 20:13:31.11","2026-06-03 20:13:31.11","2026-06-03 20:13:31.11"
"3d89587e-b5b0-5275-fc02-3dd7fb4d24b6","recompete-watch","usaspending","Department of Veterans Affairs","Department of Veterans Affairs",,,"Award: 36C10X26N0021 — LOYAL SOURCE GOVERNMENT SERVICES LLC","MEDICAL DISABILITY EXAMINATIONS - TO FY26 FUNDING","2026-01-01 00:00:00","recompete-window","LOYAL SOURCE GOVERNMENT SERVICES LLC","36C10X26N0021","$348,691,285.48",,,"65","pursue","https://www.usaspending.gov/award/36C10X26N0021","{""internal_id"":353911691,""Award ID"":""36C10X26N0021"",""Recipient Name"":""LOYAL SOURCE GOVERNMENT SERVICES LLC"",""Award Amount"":348691285.48,""Awarding Agency"":""Department of Veterans Affairs"",""Awarding Sub Agency"":""Department of Veterans Affairs"",""Start Date"":""2026-01-01"",""End Date"":""2026-12-31"",""Description"":""MEDICAL DISABILITY EXAMINATIONS - TO FY26 FUNDING"",""NAICS Code"":null,""awarding_agency_id"":561,""agency_slug"":""department-of-veterans-affairs"",""generated_internal_id"":""CONT_AWD_36C10X26N0021_3600_36C10X25D0001_3600""}","2026-04-07 08:24:14.226","2026-04-07 08:24:14.226","2026-04-07 08:24:14.226"
"41eb60a5-05c8-5b05-a829-df84ea9fdffb","recompete-watch","usaspending","Department of Veterans Affairs","Department of Veterans Affairs",,,"Award: VA79117J0004 — TRIWEST HEALTHCARE ALLIANCE CORP","IGF::CT::IGF PATIENT CENTERED COMMUNITY CARE (PCCC).  EXPAND PROVIDER ELIGIBILITY FOR CHOICE AUTHORIZATIONS.","2016-10-01 00:00:00","recompete-window","TRIWEST HEALTHCARE ALLIANCE CORP","VA79117J0004","$421,351,174.88",,,"65","pursue","https://www.usaspending.gov/award/VA79117J0004","{""internal_id"":348777814,""Award ID"":""VA79117J0004"",""Recipient Name"":""TRIWEST HEALTHCARE ALLIANCE CORP"",""Award Amount"":421351174.88,""Awarding Agency"":""Department of Veterans Affairs"",""Awarding Sub Agency"":""Department of Veterans Affairs"",""Start Date"":""2016-10-01"",""End Date"":""2017-09-30"",""Description"":""IGF::CT::IGF PATIENT CENTERED COMMUNITY CARE (PCCC).  EXPAND PROVIDER ELIGIBILITY FOR CHOICE AUTHORIZATIONS."",""NAICS Code"":null,""awarding_agency_id"":561,""agency_slug"":""department-of-veterans-affairs"",""generated_internal_id"":""CONT_AWD_VA79117J0004_3600_VA79113D0054_3600""}","2026-04-07 08:24:14.226","2026-04-07 08:24:14.226","2026-04-07 08:24:14.226"
"43cbfe0c-8ec0-5bc2-215f-47a4c2585d8b","recompete-watch","usaspending","Department of Veterans Affairs","Department of Veterans Affairs",,,"Award: 36C10X23N0145 — QTC MEDICAL SERVICES INC","MDE FY24 FUNDING TASK ORDER - SUBJECT TO THE AVAILABILITY OF FUNDS.","2023-10-01 00:00:00","recompete-window","QTC MEDICAL SERVICES INC","36C10X23N0145","$700,495,670.7",,,"65","pursue","https://www.usaspending.gov/award/36C10X23N0145","{""internal_id"":279981115,""Award ID"":""36C10X23N0145"",""Recipient Name"":""QTC MEDICAL SERVICES INC"",""Award Amount"":700495670.7,""Awarding Agency"":""Department of Veterans Affairs"",""Awarding Sub Agency"":""Department of Veterans Affairs"",""Start Date"":""2023-10-01"",""End Date"":""2024-09-30"",""Description"":""MDE FY24 FUNDING TASK ORDER - SUBJECT TO THE AVAILABILITY OF FUNDS."",""NAICS Code"":null,""awarding_agency_id"":561,""agency_slug"":""department-of-veterans-affairs"",""generated_internal_id"":""CONT_AWD_36C10X23N0145_3600_36C10X19D0005_3600""}","2026-04-07 08:24:14.226","2026-04-07 08:24:14.226","2026-04-07 08:24:14.226"
"43efbde3-139d-5d3f-5242-f796cbe324c7","forecast","sam_gov","HEALTH AND HUMAN SERVICES, DEPARTMENT OF","NATIONAL INSTITUTES OF HEALTH","BETHESDA",,"Measuring mouse body composition","https://api.sam.gov/prod/opportunities/v1/noticedesc?noticeid=9bfe7f904f724032948a28c0534ee41f","2026-05-29 00:00:00","active",,"75N98026Q00471",,,,"20","wait","https://sam.gov/workspace/contract/opp/9bfe7f904f724032948a28c0534ee41f/view","{""noticeId"":""9bfe7f904f724032948a28c0534ee41f"",""title"":""Measuring mouse body composition"",""solicitationNumber"":""75N98026Q00471"",""fullParentPathName"":""HEALTH AND HUMAN SERVICES, DEPARTMENT OF.NATIONAL INSTITUTES OF HEALTH.NATIONAL INSTITUTES OF HEALTH OLAO"",""fullParentPathCode"":""075.7529.75N980"",""postedDate"":""2026-05-29"",""type"":""Presolicitation"",""baseType"":""Presolicitation"",""archiveType"":""autocustom"",""archiveDate"":""2026-06-10"",""typeOfSetAsideDescription"":""Total Small Business Set-Aside (FAR 19.5)"",""typeOfSetAside"":""SBA"",""responseDeadLine"":""2026-06-09T09:00:00-04:00"",""naicsCode"":""334516"",""naicsCodes"":[""334516""],""classificationCode"":""6640"",""active"":""Yes"",""award"":null,""pointOfContact"":[{""fax"":"""",""type"":""primary"",""email"":""burtonjo@mail.nih.gov"",""phone"":"""",""title"":null,""fullName"":""John Burton""}],""description"":""https://api.sam.gov/prod/opportunities/v1/noticedesc?noticeid=9bfe7f904f724032948a28c0534ee41f"",""organizationType"":""OFFICE"",""officeAddress"":{""zipcode"":""20892"",""city"":""BETHESDA"",""countryCode"":""USA"",""state"":""MD""},""placeOfPerformance"":{""state"":{""code"":""MD"",""name"":""Maryland""},""zip"":""20892"",""country"":{""code"":""USA"",""name"":""UNITED STATES""}},""additionalInfoLink"":null,""uiLink"":""https://sam.gov/workspace/contract/opp/9bfe7f904f724032948a28c0534ee41f/view"",""links"":[{""rel"":""self"",""href"":""https://api.sam.gov/prod/opportunities/v2/search?noticeid=9bfe7f904f724032948a28c0534ee41f&limit=1""}],""resourceLinks"":[""https://sam.gov/api/prod/opps/v3/opportunities/resources/files/c661e0cf7226465ba112f50a078dabe4/download""]}","2026-05-31 23:07:00.265","2026-05-31 23:07:00.265","2026-05-31 23:07:00.265"
"442a1e43-52f4-5ae9-2256-27a3b2ee4f6d","incumbent-tracker","usaspending","Department of Homeland Security","U.S. Immigration and Customs Enforcement",,,"THE GEO GROUP, INC. — Healthcare","DETENTION SERVICES FOR LOS ANGELES AOR AT ADELANTO DETENTION FACILITY","2024-12-20 00:00:00","expired","THE GEO GROUP, INC.","70CDCR25FR0000009","$120,393,306.26",,,"85","monitor","https://www.usaspending.gov/award/70CDCR25FR0000009","{""internal_id"":291191371,""Award ID"":""70CDCR25FR0000009"",""Recipient Name"":""THE GEO GROUP, INC."",""Award Amount"":120393306.26,""Awarding Agency"":""Department of Homeland Security"",""Awarding Sub Agency"":""U.S. Immigration and Customs Enforcement"",""Start Date"":""2024-12-20"",""End Date"":""2025-12-19"",""Description"":""DETENTION SERVICES FOR LOS ANGELES AOR AT ADELANTO DETENTION FACILITY"",""NAICS Code"":null,""NAICS Description"":null,""awarding_agency_id"":766,""agency_slug"":""department-of-homeland-security"",""generated_internal_id"":""CONT_AWD_70CDCR25FR0000009_7012_70CDCR20D00000009_7012""}","2026-06-03 20:13:31.11","2026-06-03 20:13:31.11","2026-06-03 20:13:31.11"
"4622ab00-2c9d-55c5-849e-db6d3721592c","forecast","sam_gov","DEPT OF DEFENSE","DEFENSE LOGISTICS AGENCY","WARREN",,"Governor, Diesel Engine","https://api.sam.gov/prod/opportunities/v1/noticedesc?noticeid=e0157bc9519a4a2eabe8d2d25f046ee9","2026-05-29 00:00:00","active",,"SPRDL1-26-Q-0087",,,,"20","wait","https://sam.gov/workspace/contract/opp/e0157bc9519a4a2eabe8d2d25f046ee9/view","{""noticeId"":""e0157bc9519a4a2eabe8d2d25f046ee9"",""title"":""Governor, Diesel Engine"",""solicitationNumber"":""SPRDL1-26-Q-0087"",""fullParentPathName"":""DEPT OF DEFENSE.DEFENSE LOGISTICS AGENCY.DLA LAND.DLA LAND WARREN MICHIGAN.DLA LAND WARREN"",""fullParentPathCode"":""097.97AS.DLA LAND.DLA LAND WARREN MI.SPRDL1"",""postedDate"":""2026-05-29"",""type"":""Presolicitation"",""baseType"":""Sources Sought"",""archiveType"":""auto15"",""archiveDate"":""2026-06-27"",""typeOfSetAsideDescription"":""No Set aside used"",""typeOfSetAside"":""NONE"",""responseDeadLine"":""2026-06-12T15:00:00-04:00"",""naicsCode"":""336310"",""naicsCodes"":[""336310""],""classificationCode"":""2910"",""active"":""Yes"",""award"":null,""pointOfContact"":[{""fax"":"""",""type"":""primary"",""email"":""alexandra.stone@dla.mil"",""phone"":""5862307255"",""title"":null,""fullName"":""Alexandra Stone""}],""description"":""https://api.sam.gov/prod/opportunities/v1/noticedesc?noticeid=e0157bc9519a4a2eabe8d2d25f046ee9"",""organizationType"":""OFFICE"",""officeAddress"":{""zipcode"":""48397"",""city"":""WARREN"",""countryCode"":""USA"",""state"":""MI""},""placeOfPerformance"":{},""additionalInfoLink"":null,""uiLink"":""https://sam.gov/workspace/contract/opp/e0157bc9519a4a2eabe8d2d25f046ee9/view"",""links"":[{""rel"":""self"",""href"":""https://api.sam.gov/prod/opportunities/v2/search?noticeid=e0157bc9519a4a2eabe8d2d25f046ee9&limit=1""}],""resourceLinks"":null}","2026-05-31 23:07:00.265","2026-05-31 23:07:00.265","2026-05-31 23:07:00.265"
"47a47507-f311-50d1-9e68-a7ad74e65a80","forecast","sam_gov","STATE, DEPARTMENT OF","STATE, DEPARTMENT OF","WASHINGTON",,"Refurbishment of the Winfield House Cottages, London, United Kingdom","https://api.sam.gov/prod/opportunities/v1/noticedesc?noticeid=fb9243494245430c97d640fe1701c356","2026-05-29 00:00:00","active",,"19GE5026R0090",,,,"20","wait","https://sam.gov/workspace/contract/opp/fb9243494245430c97d640fe1701c356/view","{""noticeId"":""fb9243494245430c97d640fe1701c356"",""title"":""Refurbishment of the Winfield House Cottages, London, United Kingdom"",""solicitationNumber"":""19GE5026R0090"",""fullParentPathName"":""STATE, DEPARTMENT OF.STATE, DEPARTMENT OF.ACQUISITIONS - RPSO FRANKFURT"",""fullParentPathCode"":""019.1900.19GE50"",""postedDate"":""2026-05-29"",""type"":""Presolicitation"",""baseType"":""Presolicitation"",""archiveType"":""auto15"",""archiveDate"":""2026-06-27"",""typeOfSetAsideDescription"":""No Set aside used"",""typeOfSetAside"":""NONE"",""responseDeadLine"":""2026-06-12T15:00:00+02:00"",""naicsCode"":""236118"",""naicsCodes"":[""236118""],""classificationCode"":""Z2FA"",""active"":""Yes"",""award"":null,""pointOfContact"":[{""fax"":"""",""type"":""primary"",""email"":""GruenbeckP@state.gov"",""phone"":"""",""title"":null,""fullName"":""Patticha Gruenbeck""},{""fax"":"""",""type"":""secondary"",""email"":""CatsamakiJ@state.gov"",""phone"":"""",""title"":null,""fullName"":""Joanna Catsamaki""}],""description"":""https://api.sam.gov/prod/opportunities/v1/noticedesc?noticeid=fb9243494245430c97d640fe1701c356"",""organizationType"":""OFFICE"",""officeAddress"":{""zipcode"":""20520"",""city"":""WASHINGTON"",""countryCode"":""USA"",""state"":""DC""},""placeOfPerformance"":{""city"":{""code"":""London"",""name"":""London""},""country"":{""code"":""GBR"",""name"":""UNITED KINGDOM""}},""additionalInfoLink"":null,""uiLink"":""https://sam.gov/workspace/contract/opp/fb9243494245430c97d640fe1701c356/view"",""links"":[{""rel"":""self"",""href"":""https://api.sam.gov/prod/opportunities/v2/search?noticeid=fb9243494245430c97d640fe1701c356&limit=1""}],""resourceLinks"":[""https://sam.gov/api/prod/opps/v3/opportunities/resources/files/dde9f35cbe0247e4b1129c168d00c451/download""]}","2026-05-31 23:07:00.265","2026-05-31 23:07:00.265","2026-05-31 23:07:00.265"
"49890e6a-ded8-564d-d137-8b35e7f076b5","recompete-watch","usaspending","Department of Homeland Security","Transportation Security Administration",,,"Award: 70T05021F5900N002 — COVENANT AVIATION SECURITY, LLC","TASK ORDER TO SUPPORT SECURITY SCREENING SERVICES AT SFO AIRPORT.","2021-02-06 00:00:00","recompete-window","COVENANT AVIATION SECURITY, LLC","70T05021F5900N002","$687,134,883.73",,,"90","pursue","https://www.usaspending.gov/award/70T05021F5900N002","{""internal_id"":291254933,""Award ID"":""70T05021F5900N002"",""Recipient Name"":""COVENANT AVIATION SECURITY, LLC"",""Award Amount"":687134883.73,""Awarding Agency"":""Department of Homeland Security"",""Awarding Sub Agency"":""Transportation Security Administration"",""Start Date"":""2021-02-06"",""End Date"":""2026-06-30"",""Description"":""TASK ORDER TO SUPPORT SECURITY SCREENING SERVICES AT SFO AIRPORT."",""NAICS Code"":null,""awarding_agency_id"":766,""agency_slug"":""department-of-homeland-security"",""generated_internal_id"":""CONT_AWD_70T05021F5900N002_7013_HSTS0516DSPP906_7013""}","2026-04-07 08:24:14.226","2026-04-07 08:24:14.226","2026-04-07 08:24:14.226"
"4a0ac1d8-b7c6-5faa-ca2f-0c80b02f4561","recompete-watch","usaspending","Department of Veterans Affairs","Department of Veterans Affairs",,,"Award: 36C10X23N0177 — VETERANS EVALUATION SERVICES, INC","FY24 FUNDING TASK ORDER.","2023-10-01 00:00:00","recompete-window","VETERANS EVALUATION SERVICES, INC","36C10X23N0177","$381,143,278.76",,,"65","pursue","https://www.usaspending.gov/award/36C10X23N0177","{""internal_id"":279981141,""Award ID"":""36C10X23N0177"",""Recipient Name"":""VETERANS EVALUATION SERVICES, INC"",""Award Amount"":381143278.76,""Awarding Agency"":""Department of Veterans Affairs"",""Awarding Sub Agency"":""Department of Veterans Affairs"",""Start Date"":""2023-10-01"",""End Date"":""2024-09-30"",""Description"":""FY24 FUNDING TASK ORDER."",""NAICS Code"":null,""awarding_agency_id"":561,""agency_slug"":""department-of-veterans-affairs"",""generated_internal_id"":""CONT_AWD_36C10X23N0177_3600_36C10X19D0006_3600""}","2026-04-07 08:24:14.226","2026-04-07 08:24:14.226","2026-04-07 08:24:14.226"
"4cd8e330-a75c-5a3a-2f03-60be500253db","forecast","sam_gov","DEPT OF DEFENSE","DEFENSE LOGISTICS AGENCY","TINKER AFB",,"ACTUATOR,ELECTROME","https://api.sam.gov/prod/opportunities/v1/noticedesc?noticeid=bbc1ab0fc2e3481984a3cbaf747e94a0","2026-05-29 00:00:00","active",,"SPRTA1-26-Q-0352",,,,"20","wait","https://sam.gov/workspace/contract/opp/bbc1ab0fc2e3481984a3cbaf747e94a0/view","{""noticeId"":""bbc1ab0fc2e3481984a3cbaf747e94a0"",""title"":""ACTUATOR,ELECTROME"",""solicitationNumber"":""SPRTA1-26-Q-0352"",""fullParentPathName"":""DEPT OF DEFENSE.DEFENSE LOGISTICS AGENCY.DLA AVIATION.DLA AVIATION OKLAHOMA CITY.DLA AVIATION AT OKLAHOMA CITY, OK"",""fullParentPathCode"":""097.97AS.DLA AVIATION.DLA AV OKLAHOMA CITY.SPRTA1"",""postedDate"":""2026-05-29"",""type"":""Presolicitation"",""baseType"":""Presolicitation"",""archiveType"":""autocustom"",""archiveDate"":""2027-05-26"",""typeOfSetAsideDescription"":""No Set aside used"",""typeOfSetAside"":""NONE"",""responseDeadLine"":""2026-05-29T14:30:00-04:00"",""naicsCode"":""336413"",""naicsCodes"":[""336413""],""classificationCode"":""1680"",""active"":""Yes"",""award"":null,""pointOfContact"":[{""fax"":"""",""type"":""primary"",""email"":""andre.hallmon@us.af.mil"",""phone"":""(405) 555-5555"",""title"":null,""fullName"":""Andre Hallmon""}],""description"":""https://api.sam.gov/prod/opportunities/v1/noticedesc?noticeid=bbc1ab0fc2e3481984a3cbaf747e94a0"",""organizationType"":""OFFICE"",""officeAddress"":{""zipcode"":""73145-3070"",""city"":""TINKER AFB"",""countryCode"":""USA"",""state"":""OK""},""placeOfPerformance"":null,""additionalInfoLink"":null,""uiLink"":""https://sam.gov/workspace/contract/opp/bbc1ab0fc2e3481984a3cbaf747e94a0/view"",""links"":[{""rel"":""self"",""href"":""https://api.sam.gov/prod/opportunities/v2/search?noticeid=bbc1ab0fc2e3481984a3cbaf747e94a0&limit=1""}],""resourceLinks"":null}","2026-05-31 23:07:00.265","2026-05-31 23:07:00.265","2026-05-31 23:07:00.265"
"4f463872-3f94-5e19-4a40-3bcbff998f76","incumbent-tracker","usaspending","Department of State","Department of State",,,"TRIPLE CANOPY INC — Healthcare","IGF::OT::IGF BAGHDAD PROTECTIVE SECURITY OFFICE OF OVERSEAS PROTECTIVE SERVICES  BUREAU FOR DIPLOMATIC SECURITY US DEPARTMENT OF STATE","2016-09-30 00:00:00","expired","TRIPLE CANOPY INC","SAQMMA16F4675","$648,205,281.61",,,"85","monitor","https://www.usaspending.gov/award/SAQMMA16F4675","{""internal_id"":312053926,""Award ID"":""SAQMMA16F4675"",""Recipient Name"":""TRIPLE CANOPY INC"",""Award Amount"":648205281.61,""Awarding Agency"":""Department of State"",""Awarding Sub Agency"":""Department of State"",""Start Date"":""2016-09-30"",""End Date"":""2022-06-27"",""Description"":""IGF::OT::IGF BAGHDAD PROTECTIVE SECURITY OFFICE OF OVERSEAS PROTECTIVE SERVICES  BUREAU FOR DIPLOMATIC SECURITY US DEPARTMENT OF STATE"",""NAICS Code"":null,""NAICS Description"":null,""awarding_agency_id"":315,""agency_slug"":""department-of-state"",""generated_internal_id"":""CONT_AWD_SAQMMA16F4675_1900_SAQMMA16D0048_1900""}","2026-06-03 20:13:31.11","2026-06-03 20:13:31.11","2026-06-03 20:13:31.11"
"50c7e2d1-7250-5a03-8a28-93f58f16029c","deployment-medical","state_dept","State Department",,,"South Sudan","South Sudan - Level 4: Do Not Travel","Do not travel<p>to <b>South Sudan </b>due to risk of <b>unrest</b>, <b>crime</b>, <b>kidnapping</b>, <b>landmines</b>, and <b>health</b> risks.</p>
<p> </p>
<p> </p>
<p><span class='body-regular'>The U.S. government has limited ability to provide emergency consular services to U.S. citizens in South Sudan<b>&nbsp;</b>due to the health and security situation</span></p>
<ul>
<li><span class='bo","2026-05-17 00:00:00","active",,,,,"Travel Advisory","75","brief","https://travel.state.gov/content/tsg_aem/us/en/home/international-travel/travel-advisories/destination.ssd.html","{""title"":""South Sudan - Level 4: Do Not Travel"",""description"":""Do not travel<p>to <b>South Sudan </b>due to risk of <b>unrest</b>, <b>crime</b>, <b>kidnapping</b>, <b>landmines</b>, and <b>health</b> risks.</p>\r\n<p> </p>\r\n<p> </p>\r\n<p><span class='body-regular'>The U.S. government has limited ability to provide emergency consular services to U.S. citizens in South Sudan<b>&nbsp;</b>due to the health and security situation</span></p>\r\n<ul>\r\n<li><span class='body-regular'>Family members cannot join U.S. government employees who work in South Sudan.</span></li>\r\n<li><span class='body-regular'>U.S. government personnel working in South Sudan are under a strict curfew.</span></li>\r\n<li><span class='body-regular'>U.S. government personnel must use armored vehicles for nearly all movements.&nbsp;</span></li>\r\n<li><span class='body-regular'>Official travel outside Juba is limited.&nbsp;</span></li>\r\n<li><span class='body-regular'>Because of the serious crime threat in Juba, walking is restricted to a small area near the U.S. embassy during the day.&nbsp;</span></li>\r\n</ul>\r\n<p><span class='header-paragraph'>Health<br>\r\n</span><span class='body-regular'>On May 15, the U.S. Centers for Disease Control and Prevention (CDC) issued a&nbsp;<a href='https://wwwnc.cdc.gov/travel/notices/level2/ebola-democratic-republic-of-the-congo' target='_blank'><span class='links_external'>Level 2 (Practice Enhanced Precautions) Travel Health Notice for Ebola</span></a>&nbsp;for the Democratic Republic of the Congo (DRC).&nbsp;</span></p>\r\n<p><span class='body-regular'>On May 17, the World Health Organization (WHO) declared the Ebola outbreak in the DRC and Uganda a&nbsp;<a href='https://www.who.int/news/item/17-05-2026-epidemic-of-ebola-disease-in-the-democratic-republic-of-the-congo-and-uganda-determined-a-public-health-emergency-of-international-concern' target='_blank'><span class='links_external'>Public Health Emergency of International Concern</span></a>.&nbsp;</span></p>\r\n<p><span class='body-regular'>Medical services in South Sudan are extremely limited. Adequate medical treatment, as well as access to routine an emergency procedures, is often unavailable, and even minor health issues could require medical evacuation. All medical services, including medical evacuation, are at your expense. If you purchase additional medical insurance, be sure to keep records of all medical services paid for and provided.</span></p>\r\n<p><span class='body-regular'><span class='header-paragraph'>Unrest<br>\r\n </span>Armed conflict is ongoing and includes fighting between various political and ethnic groups. Weapons are readily available to the population. In addition, cattle raids occur throughout the country, often leading to violence.</span></p>\r\n<p><span class='body-regular'>Journalists regularly report being harassed in South Sudan. Many have been killed while covering the conflict. Reporting in South Sudan without the proper documentation from the South Sudanese Media Authority is illegal. Any journalistic work there is very dangerous.&nbsp;</span></p>\r\n<p><span class='body-regular'><span class='header-paragraph'>Crime<br>\r\n </span>Violent crime is common throughout South Sudan, including Juba. This includes carjackings, shootings, ambushes, assaults, robberies, and kidnappings.&nbsp;</span></p>\r\n<p><span class='body-regular'>Foreign nationals have been the victims of rape, sexual assault, armed robberies, and other violent crimes.&nbsp;</span></p>\r\n<p><span class='body-regular'><span class='header-paragraph'>Kidnapping<br>\r\n </span>Criminal groups have kidnapped and threatened to kill or hurt people to force a third party, like a government, to act or abstain from doing something as a condition of release.&nbsp;</span></p>\r\n<p><span class='body-regular'>Kidnapping for ransom happens occasionally in South Sudan. Criminal groups most frequently target local citizens, including those with other nationalities.</span></p>\r\n<p><span class='body-regular'><span class='header-paragraph'>Landmines<br>\r\n </span>Landmines are sparsely located throughout the country. While most locations are marked, unmarked unexploded ordinance remains a threat and causes multiple deaths each year.&nbsp;</span></p>"",""link"":""https://travel.state.gov/content/tsg_aem/us/en/home/international-travel/travel-advisories/destination.ssd.html"",""pubDate"":""Sun, 17 May 2026""}","2026-06-03 20:13:15.131","2026-06-03 20:13:15.131","2026-06-03 20:13:15.131"
"526e1bf1-543a-5e2f-4413-ebb7659202d0","deployment-medical","state_dept","State Department",,,"Tunisia","Tunisia - Level 2: Exercise Increased Caution","<p><b><i>There was no change to the advisory level. The &#8220;Crime&#8221; and &#8220;Unrest&#8221; risk indicators were added. Advisory summary was updated.</i></b></p>
<p>Exercise Increased Caution in Tunisia due to <b>terrorism, crime, </b>and <b>unrest</b>.&nbsp; Some areas have increased risk. Read the entire Travel Advisory.</p>
<p><b>Do Not Travel to:</b></p>
<ul>
<li><b>Within 16 km of th","2026-05-21 00:00:00","active",,,,,"Travel Advisory","75","brief","https://travel.state.gov/content/travel/en/traveladvisories/traveladvisories/tunisia-travel-advisory.html","{""title"":""Tunisia - Level 2: Exercise Increased Caution"",""description"":""<p><b><i>There was no change to the advisory level. The &#8220;Crime&#8221; and &#8220;Unrest&#8221; risk indicators were added. Advisory summary was updated.</i></b></p>\n<p>Exercise Increased Caution in Tunisia due to <b>terrorism, crime, </b>and <b>unrest</b>.&nbsp; Some areas have increased risk. Read the entire Travel Advisory.</p>\n<p><b>Do Not Travel to:</b></p>\n<ul>\n<li><b>Within 16 km of the Algerian border</b> due to <b>terrorism</b>, except for the cities of Tabarka and Ain Draham.</li>\n<li><b>Within 16 km of the border with Libya</b> due to <b>terrorism</b>.</li>\n<li><b>Mount Chaambi National Park, Mount Salloum, Mount Sammamma, and Mount Mghila in Kasserine governorate</b> due to <b>terrorism</b>.</li>\n<li><b>Mount Orbata area in the Gafsa governorate</b> due to <b>terrorism</b>.</li>\n<li>The <b>desert south of Remada</b> as it is a military zone.</li>\n</ul>\n<p><b>Advisory summary</b></p>\n<p><b>U.S. government employee travel restrictions</b></p>\n<p>U.S. government employees working in Tunisia are not allowed to travel to the following locations without prior coordination with the Tunisian government due to safety risks:</p>\n<ul>\n<li>16 km of both the Algerian and Libyan border</li>\n<li>Mount Chaambi National Park</li>\n<li>Mount Salloum</li>\n<li>Mount Sammamma</li>\n<li>Mount Mghila in Kasserine governorate</li>\n<li>Mount Orbata in Gafsa governorate</li>\n<li>The military zone south of Remada</li>\n</ul>\n<p>U.S. citizens in Tunisia are strongly advised to take the same precautions and not travel to these areas for any reason.</p>\n<p><b>Terrorism</b></p>\n<p>There is risk of terrorist violence, including terrorist attacks and other activity in Tunisia. Visit the U.S. Department of State's <a href=\""https://www.state.gov/country-reports-on-terrorism/\"" target=\""_blank\"" title=\""D.O.S. Country reports on terrorism\"" adhocenable=\""false\"">country reports on terrorism</a> to learn more.</p>\n<p>Terrorist groups continue plotting possible attacks in Tunisia. Terrorist groups and individuals may attack, and may do so without warning or a pre-meditated target. There is a country-wide state of emergency in effect. It gives more authority to security forces to maintain civil order. It allows the government to focus on fighting terrorism.</p>\n<p><b>Crime</b></p>\n<ul>\n<li>Petty crime is common, especially in popular tourist locations. Stay aware of your surroundings.</li>\n<li>Most crimes against foreigners are crimes of opportunity, like purse snatching and pickpocketing.</li>\n<li>Violent crime can occur and is more common after dark. Do not walk or drive at night.&nbsp;</li>\n</ul>\n<p><b>Unrest</b></p>\n<p>There is high risk of violence and armed conflict in the Desert South of Remada. It is a military zone and requires special government permission to enter. For more information review the section on risks in specific areas.</p>\n<p><b>Risks in specific area |&nbsp;Level 4: Do Not Travel</b></p>\n<p><b>Border with Algeria</b></p>\n<p><b>Do Not Travel</b> within <b>16 km of the Algerian border</b> due to <b>terrorism</b>, except for the cities of Tabarka and Ain Draham.</p>\n<ul>\n<li>Terrorist groups are present within 16 km of the Algerian border.</li>\n<li>U.S. government employees working in Tunisia need special authorization to travel within 16 miles of the border area of Algeria due to safety risks. Visit our website for&nbsp;<a href=\""https://travel.state.gov/content/passports/en/go/TraveltoHighRiskAreas.html\"" title=\""Travel to High-Risk Areas\"" adhocenable=\""false\"">Travel to High-Risk Areas</a>.</li>\n</ul>\n<p><b>Border with Libya</b></p>\n<p><b>Do Not Travel</b> within <b>16 km of the Libyan border</b> due to <b>terrorism</b>.<b></b></p>\n<p>The Department of State advises U.S. citizens not to travel to Libya. &nbsp;</p>\n<p>U.S. government employees working in Tunisia need special authorization for travel to Libya due to safety risks. Events in Libya continue to affect security in the Tunisian-Libyan border. This includes areas such as Ras Jedir and Dehiba, and the cities of Ben Guerdan and Medenine.</p>\n<ul>\n<li>The border with Libya is frequently closed to all traffic with short notice for extended periods.</li>\n<li>Visit our website for&nbsp;<a href=\""https://travel.state.gov/content/passports/en/go/TraveltoHighRiskAreas.html\"" title=\""Travel to High-Risk Areas\"" adhocenable=\""false\"">Travel to High-Risk Areas</a>.</li>\n</ul>\n<p><b>Mount Chaambi National Park, Mount Salloum, Mount Sammamma, and Mount Mghila in Kasserine governorate</b></p>\n<p><b>Do Not Travel to Mount Chaambi National Park, Mount Salloum, Mount Sammamma, and Mount Mghila in Kasserine governorate </b>due to<b> terrorism. &nbsp;</b></p>\n<p>All U.S. government employees must follow U.S. embassy travel restrictions for travel to this area.</p>\n<ul>\n<li>Terrorist groups are present in the mountains of Western Tunisia near the Algerian border.</li>\n<li>Visit our website for&nbsp;<a href=\""https://travel.state.gov/content/passports/en/go/TraveltoHighRiskAreas.html\"" title=\""Travel to High-Risk Areas\"" adhocenable=\""false\"">Travel to High-Risk Areas</a>.</li>\n</ul>\n<p><b>Mount Orbata area</b></p>\n<p><b>Do not travel to Orbata Mountains in Gafsa in West-Central Tunisia </b>due to<b> terrorism.</b></p>\n<p>All U.S. government employees must follow U.S. embassy travel restrictions for travel to this area.</p>\n<ul>\n<li>Terrorist groups are present in the mountains of Western Tunisia near the Algerian border.</li>\n<li>Visit our website for&nbsp;<a href=\""https://travel.state.gov/content/passports/en/go/TraveltoHighRiskAreas.html\"">Travel to High-Risk Areas</a>.</li>\n</ul>\n<p><b>The Desert South of Remada</b></p>\n<p><b>Do not travel</b> to the <b>Desert South of Remada</b>, as it is a military zone<b>.</b></p>\n<p>All U.S. government employees must follow U.S. embassy travel restrictions for travel to this area.</p>\n<ul>\n<li>The desert south of Remada is a military zone. You must have special authorization to enter the military zone.</li>\n<li>Visit our website for&nbsp;<a href=\""https://travel.state.gov/content/passports/en/go/TraveltoHighRiskAreas.html\"" title=\""Travel to High-Risk Areas\"" adhocenable=\""false\"">Travel to High-Risk Areas</a>.</li>\n</ul>\n<p><b>If you decide to travel to Tunisia:</b></p>\n<ul>\n<li>Enroll in the <a href=\""https://mytravel.state.gov/s/step\"" title=\""Smart Traveler Enrollment Program (STEP)\"" adhocenable=\""false\"">Smart Traveler Enrollment Program (STEP)</a> to get important updates and alerts from the U.S. embassy or consulate. Enrolling helps the U.S. embassy or consulate contact you or your emergency contact in an emergency.</li>\n<li>Review our information on <a href=\""https://travel.state.gov/en/international-travel/travel-advisories/global-events/terrorism.html\"" title=\""Terrorism\"" adhocenable=\""false\"">Terrorism</a> and <a href=\""https://travel.state.gov/en/international-travel/travel-advisories/high-risk-areas.html\"" title=\""Travel to High-Risk Areas\"" adhocenable=\""false\"">Travel to High-Risk Areas</a>.</li>\n<li>Review our information on <a href=\""https://travel.state.gov/en/international-travel/travel-advisories/crime.html\"" title=\""Crime Abroad\"" adhocenable=\""false\"">Crime Abroad</a><u> </u>and for <a href=\""https://travel.state.gov/en/international-travel/help-abroad/victims-crime.html\"" title=\""Victims of Crime\"" adhocenable=\""false\"">Victims of Crime</a><u>.</u></li>\n<li>Exercise caution when using public transportation, due to safety and security concerns.</li>\n<li>Avoid demonstrations and crowds.</li>\n<li>Monitor local media for breaking events and be prepared to adjust your plans.</li>\n<li>Avoid staying overnight outside of the main cities and tourist locations.</li>\n<li>Review the <a href=\""https://www.osac.gov/Country/Tunisia/Detail\"" title=\""Country Security Report\"" adhocenable=\""false\"">Country Security Report</a> for Tunisia.</li>\n<li>Visit the Centers for Disease Control and Prevention (CDC) website for the <a href=\""https://wwwnc.cdc.gov/travel/destinations/list\"" target=\""_blank\"" title=\""CDC latest Travel Health Information\"" adhocenable=\""false\"">latest&nbsp;Travel Health Information</a>&nbsp;for Tunisia.</li>\n<li>Whether you&#8217;re a first time or frequent traveler, use the <a href=\""https://travel.state.gov/en/international-travel/planning/checklist.html\"" title=\""International Travel Checklist\"" adhocenable=\""false\"">International Travel Checklist</a>.</li>\n<li>We highly recommend that you buy travel insurance before you travel.&nbsp;Check with your&nbsp;<a href=\""https://travel.state.gov/en/international-travel/planning/guidance/insurance.html\"" title=\""Travel Insurance\"" adhocenable=\""false\"">travel insurance provider</a>&nbsp;about evacuation assistance, medical insurance, and trip cancelation coverage.</li>\n</ul>"",""link"":""https://travel.state.gov/content/travel/en/traveladvisories/traveladvisories/tunisia-travel-advisory.html"",""pubDate"":""Thu, 21 May 2026""}","2026-06-03 20:13:15.131","2026-06-03 20:13:15.131","2026-06-03 20:13:15.131"
"5272318c-15c6-5959-14fe-fac56ca7b330","forecast","sam_gov","DEPT OF DEFENSE","DEPT OF THE NAVY","PHILADELPHIA",,"53--CLAMP,LOOP","https://api.sam.gov/prod/opportunities/v1/noticedesc?noticeid=ef7ddb21fb234699a79177b03d497df4","2026-05-29 00:00:00","active",,"N0038326QQA80",,,,"20","wait","https://sam.gov/workspace/contract/opp/ef7ddb21fb234699a79177b03d497df4/view","{""noticeId"":""ef7ddb21fb234699a79177b03d497df4"",""title"":""53--CLAMP,LOOP"",""solicitationNumber"":""N0038326QQA80"",""fullParentPathName"":""DEPT OF DEFENSE.DEPT OF THE NAVY.NAVSUP.NAVSUP WEAPON SYSTEMS SUPPORT.NAVSUP WSS PHILADELPHIA.NAVSUP WEAPON SYSTEMS SUPPORT"",""fullParentPathCode"":""017.1700.NAVSUP.NAVSUP WSS.NAVSUP WSS PHIL.N00383"",""postedDate"":""2026-05-29"",""type"":""Presolicitation"",""baseType"":""Presolicitation"",""archiveType"":""autocustom"",""archiveDate"":""2026-07-14"",""typeOfSetAsideDescription"":null,""typeOfSetAside"":"""",""responseDeadLine"":""2026-06-29T00:00:00-04:00"",""naicsCode"":null,""naicsCodes"":[],""classificationCode"":""5340"",""active"":""Yes"",""award"":null,""pointOfContact"":[{""fax"":null,""type"":""primary"",""email"":""DEJA.S.THOMPSON-MITCHELL.CIV@US.NAVY.MIL"",""phone"":null,""title"":null,""fullName"":""DEJA S. THOMPSON-MITCHELL, N793.13, PHONE (215)697-0000, EMAIL DEJA.S.THOMPSON-MITCHELL.CIV@US.NAVY.MIL""}],""description"":""https://api.sam.gov/prod/opportunities/v1/noticedesc?noticeid=ef7ddb21fb234699a79177b03d497df4"",""organizationType"":""OFFICE"",""officeAddress"":{""zipcode"":""19111-5098"",""city"":""PHILADELPHIA"",""countryCode"":""USA"",""state"":""PA""},""placeOfPerformance"":null,""additionalInfoLink"":null,""uiLink"":""https://sam.gov/workspace/contract/opp/ef7ddb21fb234699a79177b03d497df4/view"",""links"":[{""rel"":""self"",""href"":""https://api.sam.gov/prod/opportunities/v2/search?noticeid=ef7ddb21fb234699a79177b03d497df4&limit=1""}],""resourceLinks"":null}","2026-05-31 23:07:00.265","2026-05-31 23:07:00.265","2026-05-31 23:07:00.265"
"5328ac6f-8256-5ba1-fb16-ed842ffcd365","incumbent-tracker","usaspending","Department of State","Department of State",,,"GARDAWORLD FEDERAL SERVICES LLC — Healthcare","OVERSEAS CONTRACT","2017-09-29 00:00:00","expired","GARDAWORLD FEDERAL SERVICES LLC","SAQMMA17F4167","$647,309,074.44",,,"85","monitor","https://www.usaspending.gov/award/SAQMMA17F4167","{""internal_id"":312061906,""Award ID"":""SAQMMA17F4167"",""Recipient Name"":""GARDAWORLD FEDERAL SERVICES LLC"",""Award Amount"":647309074.44,""Awarding Agency"":""Department of State"",""Awarding Sub Agency"":""Department of State"",""Start Date"":""2017-09-29"",""End Date"":""2023-09-30"",""Description"":""OVERSEAS CONTRACT"",""NAICS Code"":null,""NAICS Description"":null,""awarding_agency_id"":315,""agency_slug"":""department-of-state"",""generated_internal_id"":""CONT_AWD_SAQMMA17F4167_1900_SAQMMA16D0042_1900""}","2026-06-03 20:13:31.11","2026-06-03 20:13:31.11","2026-06-03 20:13:31.11"
"53413cbf-f2e6-531d-a3c0-6e2003d905ad","recompete-watch","usaspending","Department of Veterans Affairs","Department of Veterans Affairs",,,"Award: 36C10X26N0031 — QTC MEDICAL SERVICES INC","FY26 FUNDING MEDICAL DISABILITY EXAMINATIONS","2026-01-01 00:00:00","recompete-window","QTC MEDICAL SERVICES INC","36C10X26N0031","$348,691,285.48",,,"65","pursue","https://www.usaspending.gov/award/36C10X26N0031","{""internal_id"":353959208,""Award ID"":""36C10X26N0031"",""Recipient Name"":""QTC MEDICAL SERVICES INC"",""Award Amount"":348691285.48,""Awarding Agency"":""Department of Veterans Affairs"",""Awarding Sub Agency"":""Department of Veterans Affairs"",""Start Date"":""2026-01-01"",""End Date"":""2026-12-31"",""Description"":""FY26 FUNDING MEDICAL DISABILITY EXAMINATIONS"",""NAICS Code"":null,""awarding_agency_id"":561,""agency_slug"":""department-of-veterans-affairs"",""generated_internal_id"":""CONT_AWD_36C10X26N0031_3600_36C10X25D0003_3600""}","2026-04-07 08:24:14.226","2026-04-07 08:24:14.226","2026-04-07 08:24:14.226"
"53b5b647-3174-5fa6-1395-fb3a22d859a6","recompete-watch","usaspending","Department of State","Department of State",,,"Award: SAQMMA17F4167 — GARDAWORLD FEDERAL SERVICES LLC","OVERSEAS CONTRACT","2017-09-29 00:00:00","recompete-window","GARDAWORLD FEDERAL SERVICES LLC","SAQMMA17F4167","$647,309,074.44",,,"90","pursue","https://www.usaspending.gov/award/SAQMMA17F4167","{""internal_id"":312061906,""Award ID"":""SAQMMA17F4167"",""Recipient Name"":""GARDAWORLD FEDERAL SERVICES LLC"",""Award Amount"":647309074.44,""Awarding Agency"":""Department of State"",""Awarding Sub Agency"":""Department of State"",""Start Date"":""2017-09-29"",""End Date"":""2023-09-30"",""Description"":""OVERSEAS CONTRACT"",""NAICS Code"":null,""awarding_agency_id"":315,""agency_slug"":""department-of-state"",""generated_internal_id"":""CONT_AWD_SAQMMA17F4167_1900_SAQMMA16D0042_1900""}","2026-04-07 08:24:14.226","2026-04-07 08:24:14.226","2026-04-07 08:24:14.226"
"5580e96f-215e-5c64-b1be-152110d19b1a","forecast","sam_gov","ENERGY, DEPARTMENT OF","ENERGY, DEPARTMENT OF","BILLINGS",,"Y--Beresford Substation Stage 11, South Dakota","https://api.sam.gov/prod/opportunities/v1/noticedesc?noticeid=a714afc3bd87454f95d27e77d19cd281","2026-05-29 00:00:00","active",,"89503426BWA000068",,,,"20","wait","https://sam.gov/workspace/contract/opp/a714afc3bd87454f95d27e77d19cd281/view","{""noticeId"":""a714afc3bd87454f95d27e77d19cd281"",""title"":""Y--Beresford Substation Stage 11, South Dakota"",""solicitationNumber"":""89503426BWA000068"",""fullParentPathName"":""ENERGY, DEPARTMENT OF.ENERGY, DEPARTMENT OF.WESTERN-UPPER GREAT PLAINS REGION"",""fullParentPathCode"":""089.8900.895034"",""postedDate"":""2026-05-29"",""type"":""Presolicitation"",""baseType"":""Presolicitation"",""archiveType"":""auto15"",""archiveDate"":""2026-07-30"",""typeOfSetAsideDescription"":""Total Small Business Set-Aside (FAR 19.5)"",""typeOfSetAside"":""SBA"",""responseDeadLine"":""2026-07-15T15:30:00-05:00"",""naicsCode"":""237130"",""naicsCodes"":[""237130""],""classificationCode"":""Y1PZ"",""active"":""Yes"",""award"":null,""pointOfContact"":[{""fax"":null,""type"":""primary"",""email"":""richter@wapa.gov"",""phone"":""701-221-4514"",""title"":null,""fullName"":""Richter, Curtis J.""}],""description"":""https://api.sam.gov/prod/opportunities/v1/noticedesc?noticeid=a714afc3bd87454f95d27e77d19cd281"",""organizationType"":""OFFICE"",""officeAddress"":{""zipcode"":""59101"",""city"":""BILLINGS"",""countryCode"":""USA"",""state"":""MT""},""placeOfPerformance"":{""city"":{},""state"":{},""country"":{}},""additionalInfoLink"":null,""uiLink"":""https://sam.gov/workspace/contract/opp/a714afc3bd87454f95d27e77d19cd281/view"",""links"":[{""rel"":""self"",""href"":""https://api.sam.gov/prod/opportunities/v2/search?noticeid=a714afc3bd87454f95d27e77d19cd281&limit=1""}],""resourceLinks"":null}","2026-05-31 23:07:00.265","2026-05-31 23:07:00.265","2026-05-31 23:07:00.265"
"5616cfb8-2311-552d-988f-1f9f973f9434","deployment-medical","state_dept","State Department",,,"Croatia","Croatia - Level 1: Exercise Normal Precautions","<p><i><b>There was no change to the advisory level. An area of increased risk was removed.&nbsp;Advisory summary was updated.&nbsp;</b></i></p>
<p><b>Advisory Summary</b></p>
<p>Croatia is&nbsp;generally a&nbsp;safe destination for travelers. Review our&nbsp;Travel&nbsp;Guidance for Croatia&nbsp;to learn how to prepare for a safe trip.</p>
<p><b>If you decide to travel to Croatia:</b></p>
<ul>
<li","2026-05-18 00:00:00","active",,,,,"Travel Advisory","45","monitor","https://travel.state.gov/content/travel/en/traveladvisories/traveladvisories/croatia-travel-advisory.html","{""title"":""Croatia - Level 1: Exercise Normal Precautions"",""description"":""<p><i><b>There was no change to the advisory level. An area of increased risk was removed.&nbsp;Advisory summary was updated.&nbsp;</b></i></p>\n<p><b>Advisory Summary</b></p>\n<p>Croatia is&nbsp;generally a&nbsp;safe destination for travelers. Review our&nbsp;Travel&nbsp;Guidance for Croatia&nbsp;to learn how to prepare for a safe trip.</p>\n<p><b>If you decide to travel to Croatia:</b></p>\n<ul>\n<li>Enroll in the&nbsp;<a href=\""https://mytravel.state.gov/s/step\"" title=\""Smart Traveler Enrollment Program (STEP)\"" adhocenable=\""false\"">Smart Traveler Enrollment Program (STEP)</a>&nbsp;to get important updates and alerts from the U.S. embassy or consulate. Enrolling helps the U.S. embassy or consulate contact you or your emergency contact in an emergency.&nbsp;&nbsp;</li>\n<li>Review the&nbsp;<a href=\""https://www.osac.gov/Country/Croatia/Detail\"" target=\""_blank\"" title=\""Country Security Report\"" adhocenable=\""false\"">Country Security Report</a>&nbsp;for&nbsp;Croatia.&nbsp;</li>\n<li>Visit the Centers for Disease Control and Prevention (CDC) website for the&nbsp;<a href=\""https://wwwnc.cdc.gov/travel/destinations/list\"" target=\""_blank\"" title=\""CDC latest Travel Health Information\"" adhocenable=\""false\"">latest Travel Health Information</a>&nbsp;for&nbsp;Croatia.&nbsp;</li>\n<li>Whether&nbsp;you&#8217;re&nbsp;a first time or frequent traveler, use the&nbsp;<a href=\""https://travel.state.gov/en/international-travel/planning/checklist.html\"" title=\""International Travel Checklist\"" adhocenable=\""false\"">International Travel Checklist</a>.</li>\n<li>We highly recommend that you buy travel insurance before you travel.&#8239;Check with&nbsp;your&#8239;<a href=\""https://travel.state.gov/en/international-travel/planning/guidance/insurance.html\"" title=\""Trael Insurance\"" adhocenable=\""false\"">travel insurance provider</a>&#8239;about evacuation&nbsp;assistance, medical insurance, and trip cancelation coverage.</li>\n</ul>"",""link"":""https://travel.state.gov/content/travel/en/traveladvisories/traveladvisories/croatia-travel-advisory.html"",""pubDate"":""Mon, 18 May 2026""}","2026-06-03 20:13:15.131","2026-06-03 20:13:15.131","2026-06-03 20:13:15.131"
"56b52812-3189-502e-fe31-e376bb912834","incumbent-tracker","usaspending","Department of Defense","Washington Headquarters Services",,,"TRINITY PROTECTION SERVICES, INC. — Healthcare","CONTRACT SECURITY SERVICES FOR NCR","2011-04-01 00:00:00","expired","TRINITY PROTECTION SERVICES, INC.","HQ003411C0027","$118,678,395.4",,,"85","monitor","https://www.usaspending.gov/award/HQ003411C0027","{""internal_id"":307220614,""Award ID"":""HQ003411C0027"",""Recipient Name"":""TRINITY PROTECTION SERVICES, INC."",""Award Amount"":118678395.4,""Awarding Agency"":""Department of Defense"",""Awarding Sub Agency"":""Washington Headquarters Services"",""Start Date"":""2011-04-01"",""End Date"":""2015-11-30"",""Description"":""CONTRACT SECURITY SERVICES FOR NCR"",""NAICS Code"":null,""NAICS Description"":null,""awarding_agency_id"":1173,""agency_slug"":""department-of-defense"",""generated_internal_id"":""CONT_AWD_HQ003411C0027_9700_-NONE-_-NONE-""}","2026-06-03 20:13:31.11","2026-06-03 20:13:31.11","2026-06-03 20:13:31.11"
"5bdb26d6-be77-5258-b146-675f43507014","recompete-watch","usaspending","Department of Veterans Affairs","Department of Veterans Affairs",,,"Award: 36C10X26N0036 — VETERANS EVALUATION SERVICES, INC","FY26 FUNDING MEDICAL DISABILITY EXAMINATIONS","2026-01-01 00:00:00","recompete-window","VETERANS EVALUATION SERVICES, INC","36C10X26N0036","$566,164,541.23",,,"65","pursue","https://www.usaspending.gov/award/36C10X26N0036","{""internal_id"":353959213,""Award ID"":""36C10X26N0036"",""Recipient Name"":""VETERANS EVALUATION SERVICES, INC"",""Award Amount"":566164541.23,""Awarding Agency"":""Department of Veterans Affairs"",""Awarding Sub Agency"":""Department of Veterans Affairs"",""Start Date"":""2026-01-01"",""End Date"":""2026-12-31"",""Description"":""FY26 FUNDING MEDICAL DISABILITY EXAMINATIONS"",""NAICS Code"":null,""awarding_agency_id"":561,""agency_slug"":""department-of-veterans-affairs"",""generated_internal_id"":""CONT_AWD_36C10X26N0036_3600_36C10X25D0004_3600""}","2026-04-07 08:24:14.226","2026-04-07 08:24:14.226","2026-04-07 08:24:14.226"
"5e25a738-45ca-5ef7-a938-571e0bd5e916","incumbent-tracker","usaspending","Department of Homeland Security","U.S. Immigration and Customs Enforcement",,,"AMENTUM SERVICES, INC. — Healthcare","THE PURPOSE OF THIS CONTRACT IS TO PROVIDE DETENTION, TRANSPORTATION AND MEDICAL SERVICES AT THE CAMP EAST MONTANA TEMPORARY DETENTION CENTER IN EL PASO, TX.","2026-03-13 00:00:00","active","AMENTUM SERVICES, INC.","70CDCR26C00000016","$452,855,435.04",,,"85","monitor","https://www.usaspending.gov/award/70CDCR26C00000016","{""internal_id"":355995518,""Award ID"":""70CDCR26C00000016"",""Recipient Name"":""AMENTUM SERVICES, INC."",""Award Amount"":452855435.04,""Awarding Agency"":""Department of Homeland Security"",""Awarding Sub Agency"":""U.S. Immigration and Customs Enforcement"",""Start Date"":""2026-03-13"",""End Date"":""2026-09-30"",""Description"":""THE PURPOSE OF THIS CONTRACT IS TO PROVIDE DETENTION, TRANSPORTATION AND MEDICAL SERVICES AT THE CAMP EAST MONTANA TEMPORARY DETENTION CENTER IN EL PASO, TX."",""NAICS Code"":null,""NAICS Description"":null,""awarding_agency_id"":766,""agency_slug"":""department-of-homeland-security"",""generated_internal_id"":""CONT_AWD_70CDCR26C00000016_7012_-NONE-_-NONE-""}","2026-06-03 20:13:31.11","2026-06-03 20:13:31.11","2026-06-03 20:13:31.11"
"5ed1c6b6-ac40-551a-c158-029c44935151","forecast","sam_gov","VETERANS AFFAIRS, DEPARTMENT OF","VETERANS AFFAIRS, DEPARTMENT OF","MILWAUKEE",,"6525--RFQ - Ultrasound System SiteRite - Brand Name Only","https://api.sam.gov/prod/opportunities/v1/noticedesc?noticeid=c0b46b6ebe0147e5ad4a7dc96359ebbe","2026-05-29 00:00:00","active",,"36C25226Q0497",,,,"20","wait","https://sam.gov/workspace/contract/opp/c0b46b6ebe0147e5ad4a7dc96359ebbe/view","{""noticeId"":""c0b46b6ebe0147e5ad4a7dc96359ebbe"",""title"":""6525--RFQ - Ultrasound System SiteRite - Brand Name Only"",""solicitationNumber"":""36C25226Q0497"",""fullParentPathName"":""VETERANS AFFAIRS, DEPARTMENT OF.VETERANS AFFAIRS, DEPARTMENT OF.252-NETWORK CONTRACT OFFICE 12 (36C252)"",""fullParentPathCode"":""036.3600.36C252"",""postedDate"":""2026-05-29"",""type"":""Presolicitation"",""baseType"":""Presolicitation"",""archiveType"":""autocustom"",""archiveDate"":""2026-07-05"",""typeOfSetAsideDescription"":null,""typeOfSetAside"":"""",""responseDeadLine"":""2026-06-05T12:00:00-05:00"",""naicsCode"":""334510"",""naicsCodes"":[""334510""],""classificationCode"":""6525"",""active"":""Yes"",""award"":{""awardee"":{}},""pointOfContact"":[{""fax"":"""",""type"":""primary"",""email"":""patrick.trzeciak@va.gov"",""phone"":""830-500-1133"",""title"":""Contract Specialist"",""fullName"":""Patrick Trzeciak""}],""description"":""https://api.sam.gov/prod/opportunities/v1/noticedesc?noticeid=c0b46b6ebe0147e5ad4a7dc96359ebbe"",""organizationType"":""OFFICE"",""officeAddress"":{""zipcode"":""53214"",""city"":""MILWAUKEE"",""countryCode"":""USA"",""state"":""WI""},""placeOfPerformance"":{""streetAddress"":""For the Jesse Brown VA Medical Center 820 South Damen Avenue"",""streetAddress2"":"""",""city"":{""name"":""Chicago""},""state"":{""name"":""IL""},""zip"":""USA"",""country"":{""name"":""60612-3728""}},""additionalInfoLink"":null,""uiLink"":""https://sam.gov/workspace/contract/opp/c0b46b6ebe0147e5ad4a7dc96359ebbe/view"",""links"":[{""rel"":""self"",""href"":""https://api.sam.gov/prod/opportunities/v2/search?noticeid=c0b46b6ebe0147e5ad4a7dc96359ebbe&limit=1""}],""resourceLinks"":[""https://sam.gov/api/prod/opps/v3/opportunities/resources/files/1c91f39f6da645db8b82eebeb92d9b35/download""]}","2026-05-31 23:07:00.265","2026-05-31 23:07:00.265","2026-05-31 23:07:00.265"
"64ab6f95-ea2b-5cb1-7b01-2cad11f4d190","recompete-watch","usaspending","Department of Veterans Affairs","Department of Veterans Affairs",,,"Award: 36C10X22N0198 — OPTUMSERVE HEALTH SERVICES, INC.","MEDICAL DISABILITY EXAMINATIONS (MDES) UNDER SECTION 504 OF THE VETERANS BENEFITS IMPROVEMENTS ACT OF 1996 (PUBLIC LAW 104 275 38 U.S.C. 5101), REGION 2 (SOUTHEAST) - OPTION YEAR 4 TASK ORDER","2022-10-01 00:00:00","recompete-window","OPTUMSERVE HEALTH SERVICES, INC.","36C10X22N0198","$365,335,496.92",,,"65","pursue","https://www.usaspending.gov/award/36C10X22N0198","{""internal_id"":279980703,""Award ID"":""36C10X22N0198"",""Recipient Name"":""OPTUMSERVE HEALTH SERVICES, INC."",""Award Amount"":365335496.92,""Awarding Agency"":""Department of Veterans Affairs"",""Awarding Sub Agency"":""Department of Veterans Affairs"",""Start Date"":""2022-10-01"",""End Date"":""2023-09-30"",""Description"":""MEDICAL DISABILITY EXAMINATIONS (MDES) UNDER SECTION 504 OF THE VETERANS BENEFITS IMPROVEMENTS ACT OF 1996 (PUBLIC LAW 104 275 38 U.S.C. 5101), REGION 2 (SOUTHEAST) - OPTION YEAR 4 TASK ORDER"",""NAICS Code"":null,""awarding_agency_id"":561,""agency_slug"":""department-of-veterans-affairs"",""generated_internal_id"":""CONT_AWD_36C10X22N0198_3600_36C10X19D0004_3600""}","2026-04-07 08:24:14.226","2026-04-07 08:24:14.226","2026-04-07 08:24:14.226"
"69fbd54e-dbdf-5903-f127-cc7d78fec430","recompete-watch","usaspending","Department of Veterans Affairs","Department of Veterans Affairs",,,"Award: 36C10X23N0147 — QTC MEDICAL SERVICES INC","FY24 FUNDING TASK ORDER","2023-10-01 00:00:00","recompete-window","QTC MEDICAL SERVICES INC","36C10X23N0147","$355,033,387.2",,,"65","pursue","https://www.usaspending.gov/award/36C10X23N0147","{""internal_id"":279981117,""Award ID"":""36C10X23N0147"",""Recipient Name"":""QTC MEDICAL SERVICES INC"",""Award Amount"":355033387.2,""Awarding Agency"":""Department of Veterans Affairs"",""Awarding Sub Agency"":""Department of Veterans Affairs"",""Start Date"":""2023-10-01"",""End Date"":""2024-09-30"",""Description"":""FY24 FUNDING TASK ORDER"",""NAICS Code"":null,""awarding_agency_id"":561,""agency_slug"":""department-of-veterans-affairs"",""generated_internal_id"":""CONT_AWD_36C10X23N0147_3600_36C10X19D0008_3600""}","2026-04-07 08:24:14.226","2026-04-07 08:24:14.226","2026-04-07 08:24:14.226"
"6a16fddb-9b36-59d3-3182-193bb0687e11","forecast","sam_gov","DEPT OF DEFENSE","DEPT OF THE NAVY","MECHANICSBURG",,"30--CYLINDER ASSEMBLY,A","https://api.sam.gov/prod/opportunities/v1/noticedesc?noticeid=b455816e6fdc41d49278dfd2472a5d66","2026-05-29 00:00:00","active",,"N0010426QYA9D",,,,"20","wait","https://sam.gov/workspace/contract/opp/b455816e6fdc41d49278dfd2472a5d66/view","{""noticeId"":""b455816e6fdc41d49278dfd2472a5d66"",""title"":""30--CYLINDER ASSEMBLY,A"",""solicitationNumber"":""N0010426QYA9D"",""fullParentPathName"":""DEPT OF DEFENSE.DEPT OF THE NAVY.NAVSUP.NAVSUP WEAPON SYSTEMS SUPPORT.NAVSUP WSS MECHANICSBURG.NAVSUP WEAPON SYSTEMS SUPPORT MECH"",""fullParentPathCode"":""017.1700.NAVSUP.NAVSUP WSS.NAVSUP WSS MECH.N00104"",""postedDate"":""2026-05-29"",""type"":""Presolicitation"",""baseType"":""Presolicitation"",""archiveType"":""autocustom"",""archiveDate"":""2026-07-21"",""typeOfSetAsideDescription"":""Total Small Business Set-Aside (FAR 19.5)"",""typeOfSetAside"":""SBA"",""responseDeadLine"":""2026-07-06T00:00:00-04:00"",""naicsCode"":null,""naicsCodes"":[],""classificationCode"":""3040"",""active"":""Yes"",""award"":null,""pointOfContact"":[{""fax"":null,""type"":""primary"",""email"":""DEJA.S.THOMPSON-MITCHELL.CIV@US.NAVY.MIL"",""phone"":null,""title"":null,""fullName"":""DEJA S. THOMPSON-MITCHELL, N741.P13, PHONE (215)697-0000, EMAIL DEJA.S.THOMPSON-MITCHELL.CIV@US.NAVY.MIL""}],""description"":""https://api.sam.gov/prod/opportunities/v1/noticedesc?noticeid=b455816e6fdc41d49278dfd2472a5d66"",""organizationType"":""OFFICE"",""officeAddress"":{""zipcode"":""17050-0788"",""city"":""MECHANICSBURG"",""countryCode"":""USA"",""state"":""PA""},""placeOfPerformance"":null,""additionalInfoLink"":null,""uiLink"":""https://sam.gov/workspace/contract/opp/b455816e6fdc41d49278dfd2472a5d66/view"",""links"":[{""rel"":""self"",""href"":""https://api.sam.gov/prod/opportunities/v2/search?noticeid=b455816e6fdc41d49278dfd2472a5d66&limit=1""}],""resourceLinks"":null}","2026-05-31 23:07:00.265","2026-05-31 23:07:00.265","2026-05-31 23:07:00.265"
"6c3490af-e0aa-54e3-95e8-d194ed041a9b","forecast","sam_gov","DEPT OF DEFENSE","DEFENSE LOGISTICS AGENCY","COLUMBUS",,"REGULATOR,VOLTAGE","https://api.sam.gov/prod/opportunities/v1/noticedesc?noticeid=e29a1954e81f44a59321a901cfa0b53e","2026-05-29 00:00:00","active",,"SPE7L126Q1094",,,,"20","wait","https://sam.gov/workspace/contract/opp/e29a1954e81f44a59321a901cfa0b53e/view","{""noticeId"":""e29a1954e81f44a59321a901cfa0b53e"",""title"":""REGULATOR,VOLTAGE"",""solicitationNumber"":""SPE7L126Q1094"",""fullParentPathName"":""DEPT OF DEFENSE.DEFENSE LOGISTICS AGENCY.DLA LAND.DLA LAND COLUMBUS.DLA LAND AND MARITIME"",""fullParentPathCode"":""097.97AS.DLA LAND.DLA LAND COLUMBUS.SPE7L1"",""postedDate"":""2026-05-29"",""type"":""Presolicitation"",""baseType"":""Sources Sought"",""archiveType"":""auto15"",""archiveDate"":""2026-06-16"",""typeOfSetAsideDescription"":null,""typeOfSetAside"":null,""responseDeadLine"":""2026-06-01T15:00:00-04:00"",""naicsCode"":""335312"",""naicsCodes"":[""335312""],""classificationCode"":""6110"",""active"":""Yes"",""award"":null,""pointOfContact"":[{""fax"":"""",""type"":""primary"",""email"":""JENNIFER.CUMMINS@DLA.MIL"",""phone"":"""",""title"":null,""fullName"":""JENNIFER CUMMINS""}],""description"":""https://api.sam.gov/prod/opportunities/v1/noticedesc?noticeid=e29a1954e81f44a59321a901cfa0b53e"",""organizationType"":""OFFICE"",""officeAddress"":{""zipcode"":""43218-3990"",""city"":""COLUMBUS"",""countryCode"":""USA"",""state"":""OH""},""placeOfPerformance"":{},""additionalInfoLink"":null,""uiLink"":""https://sam.gov/workspace/contract/opp/e29a1954e81f44a59321a901cfa0b53e/view"",""links"":[{""rel"":""self"",""href"":""https://api.sam.gov/prod/opportunities/v2/search?noticeid=e29a1954e81f44a59321a901cfa0b53e&limit=1""}],""resourceLinks"":null}","2026-05-31 23:07:00.265","2026-05-31 23:07:00.265","2026-05-31 23:07:00.265"
"6d26074c-211b-5d95-d17f-1f7d0c83f0cf","recompete-watch","usaspending","Department of Veterans Affairs","Department of Veterans Affairs",,,"Award: 36C10X23N0192 — OPTUMSERVE HEALTH SERVICES, INC.","FY24 FUNDING TASK ORDER.","2023-10-01 00:00:00","recompete-window","OPTUMSERVE HEALTH SERVICES, INC.","36C10X23N0192","$596,120,933.15",,,"65","pursue","https://www.usaspending.gov/award/36C10X23N0192","{""internal_id"":279981156,""Award ID"":""36C10X23N0192"",""Recipient Name"":""OPTUMSERVE HEALTH SERVICES, INC."",""Award Amount"":596120933.15,""Awarding Agency"":""Department of Veterans Affairs"",""Awarding Sub Agency"":""Department of Veterans Affairs"",""Start Date"":""2023-10-01"",""End Date"":""2024-09-30"",""Description"":""FY24 FUNDING TASK ORDER."",""NAICS Code"":null,""awarding_agency_id"":561,""agency_slug"":""department-of-veterans-affairs"",""generated_internal_id"":""CONT_AWD_36C10X23N0192_3600_36C10X19D0004_3600""}","2026-04-07 08:24:14.226","2026-04-07 08:24:14.226","2026-04-07 08:24:14.226"
"70bf0f12-dcc4-5f84-5503-abc9a5ccd627","forecast","sam_gov","DEPT OF DEFENSE","DEPT OF THE AIR FORCE","HURLBURT FIELD",,"ARCHITECT-ENGINEERING (A-E) SERVICES FOR INDEFINITE DELIVERY/INDEFINITE QUANTITY (IDIQ) (OPEN ENDED) CONTRACT, HURLBURT FIELD, FL CIVIL STRUCTURAL ENGINEERING SERVICES CONTRACT","https://api.sam.gov/prod/opportunities/v1/noticedesc?noticeid=cadab3b56b57449eb25373dfac811670","2026-05-29 00:00:00","active",,"FA441727R0001",,,,"20","wait","https://sam.gov/workspace/contract/opp/cadab3b56b57449eb25373dfac811670/view","{""noticeId"":""cadab3b56b57449eb25373dfac811670"",""title"":""ARCHITECT-ENGINEERING (A-E) SERVICES FOR INDEFINITE DELIVERY/INDEFINITE QUANTITY (IDIQ) (OPEN ENDED) CONTRACT, HURLBURT FIELD, FL CIVIL STRUCTURAL ENGINEERING SERVICES CONTRACT"",""solicitationNumber"":""FA441727R0001"",""fullParentPathName"":""DEPT OF DEFENSE.DEPT OF THE AIR FORCE.AIR FORCE SPECIAL OPERATIONS COMMAND.FA4417 1 SOCONS"",""fullParentPathCode"":""057.5700.AFSOC.FA4417"",""postedDate"":""2026-05-29"",""type"":""Presolicitation"",""baseType"":""Presolicitation"",""archiveType"":""auto15"",""archiveDate"":""2026-06-23"",""typeOfSetAsideDescription"":""Total Small Business Set-Aside (FAR 19.5)"",""typeOfSetAside"":""SBA"",""responseDeadLine"":""2026-06-08T14:00:00-05:00"",""naicsCode"":""541330"",""naicsCodes"":[""541330""],""classificationCode"":""C219"",""active"":""Yes"",""award"":null,""pointOfContact"":[{""fax"":"""",""type"":""primary"",""email"":""christine.young.1@us.af.mil"",""phone"":""8508843298"",""title"":null,""fullName"":""Christine Young""},{""fax"":"""",""type"":""secondary"",""email"":""tina.kneip.1@us.af.mil"",""phone"":""8508844941"",""title"":null,""fullName"":""Tina Kneip""}],""description"":""https://api.sam.gov/prod/opportunities/v1/noticedesc?noticeid=cadab3b56b57449eb25373dfac811670"",""organizationType"":""OFFICE"",""officeAddress"":{""zipcode"":""32544-5810"",""city"":""HURLBURT FIELD"",""countryCode"":""USA"",""state"":""FL""},""placeOfPerformance"":{""city"":{""code"":""32975"",""name"":""Hurlburt Field""},""state"":{""code"":""FL"",""name"":""Florida""},""zip"":""32544"",""country"":{""code"":""USA"",""name"":""UNITED STATES""}},""additionalInfoLink"":null,""uiLink"":""https://sam.gov/workspace/contract/opp/cadab3b56b57449eb25373dfac811670/view"",""links"":[{""rel"":""self"",""href"":""https://api.sam.gov/prod/opportunities/v2/search?noticeid=cadab3b56b57449eb25373dfac811670&limit=1""}],""resourceLinks"":[""https://sam.gov/api/prod/opps/v3/opportunities/resources/files/7abf1dc17caf49e2ad5a5d60eadca7ec/download"",""https://sam.gov/api/prod/opps/v3/opportunities/resources/files/dbc3947718cc49a9a8c315fbf1c2af1f/download"",""https://sam.gov/api/prod/opps/v3/opportunities/resources/files/e9f889d944d04df6b06c75cb9afefe42/download""]}","2026-05-31 23:07:00.265","2026-05-31 23:07:00.265","2026-05-31 23:07:00.265"
"74f90e26-9da6-5983-29cd-58ee0359a8c2","forecast","sam_gov","DEPT OF DEFENSE","DEPT OF THE NAVY","NORTH CHARLESTON",,"Pacific Defense Strategies CSU software","https://api.sam.gov/prod/opportunities/v1/noticedesc?noticeid=d10646e740414db5830dc70933bf2e46","2026-05-29 00:00:00","active",,"N6523626QE233",,,,"20","wait","https://sam.gov/workspace/contract/opp/d10646e740414db5830dc70933bf2e46/view","{""noticeId"":""d10646e740414db5830dc70933bf2e46"",""title"":""Pacific Defense Strategies CSU software"",""solicitationNumber"":""N6523626QE233"",""fullParentPathName"":""DEPT OF DEFENSE.DEPT OF THE NAVY.SPAWAR.SPAWAR LANT.NIWC ATLANTIC"",""fullParentPathCode"":""017.1700.SPAWAR.SPAWAR LANT.N65236"",""postedDate"":""2026-05-29"",""type"":""Presolicitation"",""baseType"":""Presolicitation"",""archiveType"":""autocustom"",""archiveDate"":""2027-05-29"",""typeOfSetAsideDescription"":""8(a) Sole Source"",""typeOfSetAside"":""8AN"",""responseDeadLine"":""2026-06-15T12:00:00-05:00"",""naicsCode"":""334511"",""naicsCodes"":[""334511""],""classificationCode"":""7A20"",""active"":""Yes"",""award"":null,""pointOfContact"":[{""fax"":"""",""type"":""primary"",""email"":""michelle.a.pierce15.civ@us.navy.mil"",""phone"":""8432182025"",""title"":null,""fullName"":""Michelle Pierce""}],""description"":""https://api.sam.gov/prod/opportunities/v1/noticedesc?noticeid=d10646e740414db5830dc70933bf2e46"",""organizationType"":""OFFICE"",""officeAddress"":{""zipcode"":""29419-9022"",""city"":""NORTH CHARLESTON"",""countryCode"":""USA"",""state"":""SC""},""placeOfPerformance"":{""streetAddress"":"""",""zip"":""29410""},""additionalInfoLink"":null,""uiLink"":""https://sam.gov/workspace/contract/opp/d10646e740414db5830dc70933bf2e46/view"",""links"":[{""rel"":""self"",""href"":""https://api.sam.gov/prod/opportunities/v2/search?noticeid=d10646e740414db5830dc70933bf2e46&limit=1""}],""resourceLinks"":null}","2026-05-31 23:07:00.265","2026-05-31 23:07:00.265","2026-05-31 23:07:00.265"
"7515e1da-6df9-5cec-e063-b014adab0770","forecast","sam_gov","DEPT OF DEFENSE","DEPT OF THE NAVY","PHILADELPHIA",,"16--BOOSTER ASSEMBLY,AI, IN REPAIR/MODIFICATION OF","https://api.sam.gov/prod/opportunities/v1/noticedesc?noticeid=c9eba0d864a740b89497963625dac5fb","2026-05-29 00:00:00","active",,"N0038326QSB06",,,,"20","wait","https://sam.gov/workspace/contract/opp/c9eba0d864a740b89497963625dac5fb/view","{""noticeId"":""c9eba0d864a740b89497963625dac5fb"",""title"":""16--BOOSTER ASSEMBLY,AI, IN REPAIR/MODIFICATION OF"",""solicitationNumber"":""N0038326QSB06"",""fullParentPathName"":""DEPT OF DEFENSE.DEPT OF THE NAVY.NAVSUP.NAVSUP WEAPON SYSTEMS SUPPORT.NAVSUP WSS PHILADELPHIA.NAVSUP WEAPON SYSTEMS SUPPORT"",""fullParentPathCode"":""017.1700.NAVSUP.NAVSUP WSS.NAVSUP WSS PHIL.N00383"",""postedDate"":""2026-05-29"",""type"":""Presolicitation"",""baseType"":""Presolicitation"",""archiveType"":""autocustom"",""archiveDate"":""2026-07-29"",""typeOfSetAsideDescription"":null,""typeOfSetAside"":"""",""responseDeadLine"":""2026-07-14T00:00:00-04:00"",""naicsCode"":null,""naicsCodes"":[],""classificationCode"":""1680"",""active"":""Yes"",""award"":null,""pointOfContact"":[{""fax"":null,""type"":""primary"",""email"":""CHARLES.F.HORAN4.CIV@US.NAVY.MIL"",""phone"":null,""title"":null,""fullName"":""CHARLES F. HORAN, N763.05, PHONE (215)697-1303, EMAIL CHARLES.F.HORAN4.CIV@US.NAVY.MIL""}],""description"":""https://api.sam.gov/prod/opportunities/v1/noticedesc?noticeid=c9eba0d864a740b89497963625dac5fb"",""organizationType"":""OFFICE"",""officeAddress"":{""zipcode"":""19111-5098"",""city"":""PHILADELPHIA"",""countryCode"":""USA"",""state"":""PA""},""placeOfPerformance"":null,""additionalInfoLink"":null,""uiLink"":""https://sam.gov/workspace/contract/opp/c9eba0d864a740b89497963625dac5fb/view"",""links"":[{""rel"":""self"",""href"":""https://api.sam.gov/prod/opportunities/v2/search?noticeid=c9eba0d864a740b89497963625dac5fb&limit=1""}],""resourceLinks"":null}","2026-05-31 23:07:00.265","2026-05-31 23:07:00.265","2026-05-31 23:07:00.265"
"7aae5a25-4acc-54f2-ba1f-d277a2e33130","incumbent-tracker","usaspending","Department of Justice","Offices, Boards and Divisions",,,"PARAGON SYSTEMS INC — Healthcare","DOJ SECURITY GUARD SERVICES","2019-09-29 00:00:00","active","PARAGON SYSTEMS INC","15JPSS19F00000661","$190,957,645.06",,,"85","monitor","https://www.usaspending.gov/award/15JPSS19F00000661","{""internal_id"":278310762,""Award ID"":""15JPSS19F00000661"",""Recipient Name"":""PARAGON SYSTEMS INC"",""Award Amount"":190957645.06,""Awarding Agency"":""Department of Justice"",""Awarding Sub Agency"":""Offices, Boards and Divisions"",""Start Date"":""2019-09-29"",""End Date"":""2026-06-30"",""Description"":""DOJ SECURITY GUARD SERVICES"",""NAICS Code"":null,""NAICS Description"":null,""awarding_agency_id"":252,""agency_slug"":""department-of-justice"",""generated_internal_id"":""CONT_AWD_15JPSS19F00000661_1501_GS07F0418K_4730""}","2026-06-03 20:13:31.11","2026-06-03 20:13:31.11","2026-06-03 20:13:31.11"
"7b0ba9ba-7887-54f9-1fb0-1c59b24c9a44","incumbent-tracker","usaspending","Department of State","Department of State",,,"SOC LLC — Healthcare","STATIC GUARD SERVICES - BAGHDAD EMBASSY COMPLEX - WORLDWIDE PROTECTIVE SERVICES - BUREAU OF DIPLOMATIC SERVICES - US DEPARTMENT OF STATE IGF::OT::IGF","2017-08-21 00:00:00","expired","SOC LLC","SAQMMA17F1151","$708,316,583.19",,,"85","monitor","https://www.usaspending.gov/award/SAQMMA17F1151","{""internal_id"":312059418,""Award ID"":""SAQMMA17F1151"",""Recipient Name"":""SOC LLC"",""Award Amount"":708316583.19,""Awarding Agency"":""Department of State"",""Awarding Sub Agency"":""Department of State"",""Start Date"":""2017-08-21"",""End Date"":""2023-07-16"",""Description"":""STATIC GUARD SERVICES - BAGHDAD EMBASSY COMPLEX - WORLDWIDE PROTECTIVE SERVICES - BUREAU OF DIPLOMATIC SERVICES - US DEPARTMENT OF STATE IGF::OT::IGF"",""NAICS Code"":null,""NAICS Description"":null,""awarding_agency_id"":315,""agency_slug"":""department-of-state"",""generated_internal_id"":""CONT_AWD_SAQMMA17F1151_1900_SAQMMA16D0046_1900""}","2026-06-03 20:13:31.11","2026-06-03 20:13:31.11","2026-06-03 20:13:31.11"
"7b702d15-de8d-51db-dac3-41ccd71213da","recompete-watch","usaspending","Department of Energy","Department of Energy",,,"Award: DEAC3010CC60025 — CENTERRA GROUP, LLC","PROTECTIVE FORCE SECURITY SERVICES FOR THE DEPARTMENT OF ENERGY'S SAVANNAH RIVER SITE","2009-10-08 00:00:00","recompete-window","CENTERRA GROUP, LLC","DEAC3010CC60025","$1,382,722,835.71",,,"65","pursue","https://www.usaspending.gov/award/DEAC3010CC60025","{""internal_id"":295476978,""Award ID"":""DEAC3010CC60025"",""Recipient Name"":""CENTERRA GROUP, LLC"",""Award Amount"":1382722835.71,""Awarding Agency"":""Department of Energy"",""Awarding Sub Agency"":""Department of Energy"",""Start Date"":""2009-10-08"",""End Date"":""2023-07-14"",""Description"":""PROTECTIVE FORCE SECURITY SERVICES FOR THE DEPARTMENT OF ENERGY'S SAVANNAH RIVER SITE"",""NAICS Code"":null,""awarding_agency_id"":930,""agency_slug"":""department-of-energy"",""generated_internal_id"":""CONT_AWD_DEAC3010CC60025_8900_-NONE-_-NONE-""}","2026-04-07 08:24:14.226","2026-04-07 08:24:14.226","2026-04-07 08:24:14.226"
"817cf594-a3b6-5a41-22d5-5dca61b61c22","incumbent-tracker","usaspending","Department of Homeland Security","Federal Law Enforcement Training Center",,,"CHENEGA INFINITY, LLC — Healthcare","IGF::CT::IGF ENTERPRISE SECURITY SERVICES, FEDERAL LAW ENFORCEMENT TRAINING CENTERS, INCLUDING GLYNCO, GA; ARTESIA, NM, CHARLESTON, SC AND CHELTENHAM, MD","2016-10-01 00:00:00","expired","CHENEGA INFINITY, LLC","HSFLGL16C00013","$139,914,254.19",,,"85","monitor","https://www.usaspending.gov/award/HSFLGL16C00013","{""internal_id"":307790318,""Award ID"":""HSFLGL16C00013"",""Recipient Name"":""CHENEGA INFINITY, LLC"",""Award Amount"":139914254.19,""Awarding Agency"":""Department of Homeland Security"",""Awarding Sub Agency"":""Federal Law Enforcement Training Center"",""Start Date"":""2016-10-01"",""End Date"":""2025-06-30"",""Description"":""IGF::CT::IGF ENTERPRISE SECURITY SERVICES, FEDERAL LAW ENFORCEMENT TRAINING CENTERS, INCLUDING GLYNCO, GA; ARTESIA, NM, CHARLESTON, SC AND CHELTENHAM, MD"",""NAICS Code"":null,""NAICS Description"":null,""awarding_agency_id"":766,""agency_slug"":""department-of-homeland-security"",""generated_internal_id"":""CONT_AWD_HSFLGL16C00013_7015_-NONE-_-NONE-""}","2026-06-03 20:13:31.11","2026-06-03 20:13:31.11","2026-06-03 20:13:31.11"
"867e5da8-2c24-5c3c-a21b-2d2cd1da0166","incumbent-tracker","usaspending","Department of State","Department of State",,,"TRIPLE CANOPY INC — Healthcare","PROFESSIONAL SERVICES CONTRACT  WORLDWIDE  PROTECTIVE SERVICES III. TASK ORDER - 04  BAGHDAD MOVEMENT PROTECTIVE SERVICES BUREAU OF DIPLOMATIC SECURITY U.S. DEPARTMENT OF STATE AWARD","2022-02-27 00:00:00","active","TRIPLE CANOPY INC","19AQMM22F0469","$535,967,330.79",,,"85","monitor","https://www.usaspending.gov/award/19AQMM22F0469","{""internal_id"":278739329,""Award ID"":""19AQMM22F0469"",""Recipient Name"":""TRIPLE CANOPY INC"",""Award Amount"":535967330.79,""Awarding Agency"":""Department of State"",""Awarding Sub Agency"":""Department of State"",""Start Date"":""2022-02-27"",""End Date"":""2027-02-26"",""Description"":""PROFESSIONAL SERVICES CONTRACT  WORLDWIDE  PROTECTIVE SERVICES III. TASK ORDER - 04  BAGHDAD MOVEMENT PROTECTIVE SERVICES BUREAU OF DIPLOMATIC SECURITY U.S. DEPARTMENT OF STATE AWARD"",""NAICS Code"":null,""NAICS Description"":null,""awarding_agency_id"":315,""agency_slug"":""department-of-state"",""generated_internal_id"":""CONT_AWD_19AQMM22F0469_1900_19AQMM21D0011_1900""}","2026-06-03 20:13:31.11","2026-06-03 20:13:31.11","2026-06-03 20:13:31.11"
"87550cb6-b967-559e-5444-be0d068f606a","deployment-medical","state_dept","State Department",,,"Anguilla","Anguilla - Level 1: Exercise Normal Precautions","<p><b><i>There are no changes to the advisory level or risk indicators. Advisory summary was updated.</i></b></p>
<p><b>Exercise normal precautions</b> in <b>Anguilla</b>.<b></b></p>
<p><b>Advisory summary</b></p>
<p>Anguilla is generally a safe destination for travelers.</p>
<ul>
<li>Anguilla regularly experiences hurricanes. Review our information on <a adhocenable=""false"" href=""https://travel.s","2026-05-22 00:00:00","active",,,,,"Travel Advisory","45","monitor","https://travel.state.gov/content/travel/en/traveladvisories/traveladvisories/anguilla-travel-advisory.html","{""title"":""Anguilla - Level 1: Exercise Normal Precautions"",""description"":""<p><b><i>There are no changes to the advisory level or risk indicators. Advisory summary was updated.</i></b></p>\n<p><b>Exercise normal precautions</b> in <b>Anguilla</b>.<b></b></p>\n<p><b>Advisory summary</b></p>\n<p>Anguilla is generally a safe destination for travelers.</p>\n<ul>\n<li>Anguilla regularly experiences hurricanes. Review our information on <a adhocenable=\""false\"" href=\""https://travel.state.gov/en/international-travel/help-abroad/crisis-response.html#assistance-item-a98d3b76f2\"" title=\""Weather and Natural Disasters in Anguilla\"">Weather and Natural Disasters</a> in Anguilla.</li>\n<li>Review our <a title=\""Anguilla International Travel Information\"" adhocenable=\""false\"" href=\""https://travel.state.gov/content/travel/en/international-travel/International-Travel-Country-Information-Pages/Anguilla.html\"">Travel Guidance for Anguilla</a> to learn how to prepare for a safe trip.</li>\n</ul>\n<p><b>If you decide to travel to</b> <b>Anguilla:</b></p>\n<ul>\n<li>Enroll in the <a href=\""https://mytravel.state.gov/s/step\"" title=\""Smart Traveler Enrollment Program (STEP)\"" adhocenable=\""false\"">Smart Traveler Enrollment Program (STEP)</a> to get important updates and alerts from the U.S. embassy or consulate. Enrolling helps the U.S. embassy or consulate contact you or your emergency contact in an emergency.</li>\n<li>Review the <a href=\""https://www.osac.gov/Content/Report/c6978ae5-3608-45ca-9900-1c4b57c0cfd6\"" target=\""_blank\"" title=\""Country Security Report\"" adhocenable=\""false\"">Country Security Report</a> for the Eastern Caribbean.</li>\n<li>Before you leave the United States for Anguilla, carefully check your luggage for any loose ammunition or weapons you may have forgotten. Review our information on <a adhocenable=\""false\"" href=\""https://travel.state.gov/content/travel/en/international-travel/International-Travel-Country-Information-Pages/Anguilla.html\"" title=\""Local Laws and Customs in Anguilla\"">Local Laws and Customs</a>&nbsp;in Anguilla.</li>\n<li>Visit the Centers for Disease Control and Prevention (CDC) website for the <a href=\""https://wwwnc.cdc.gov/travel/destinations/traveler/none/anguilla\"" target=\""_blank\"" title=\""CDC latest Travel Health Information\"" adhocenable=\""false\"">latest&nbsp;Travel Health Information&nbsp;</a>for Anguilla.</li>\n<li>Whether you&#8217;re a first time or frequent traveler, use the <a href=\""https://travel.state.gov/en/international-travel/planning/checklist.html\"" title=\""International Travel Checklist\"" adhocenable=\""false\"">International Travel Checklist</a>.</li>\n<li>We highly recommend that you buy travel insurance before you travel.&nbsp;Check with your&nbsp;<a href=\""https://travel.state.gov/en/international-travel/planning/guidance/insurance.html\"" title=\""Travel Insurance\"" adhocenable=\""false\"">travel insurance provider</a>&nbsp;about evacuation assistance, medical insurance, and trip cancelation coverage.</li>\n</ul>"",""link"":""https://travel.state.gov/content/travel/en/traveladvisories/traveladvisories/anguilla-travel-advisory.html"",""pubDate"":""Fri, 22 May 2026""}","2026-06-03 20:13:15.131","2026-06-03 20:13:15.131","2026-06-03 20:13:15.131"
"89a847b6-3cca-5557-4b42-f93c6a6182cb","forecast","sam_gov","DEPT OF DEFENSE","DEPT OF THE ARMY","PITTSBURGH",,"Conemaugh Dam Gantry Crane Machinery Housing Roof Replacement","https://api.sam.gov/prod/opportunities/v1/noticedesc?noticeid=f4abe79810544ceea4c7ba954cd9ab56","2026-05-29 00:00:00","active",,"W911WN26BA008",,,,"20","wait","https://sam.gov/workspace/contract/opp/f4abe79810544ceea4c7ba954cd9ab56/view","{""noticeId"":""f4abe79810544ceea4c7ba954cd9ab56"",""title"":""Conemaugh Dam Gantry Crane Machinery Housing Roof Replacement"",""solicitationNumber"":""W911WN26BA008"",""fullParentPathName"":""DEPT OF DEFENSE.DEPT OF THE ARMY.US ARMY CORPS OF ENGINEERS.ENGINEER DIVISION GREAT LAKES AND OHIO.ENDIST PITTSBURGH.W072 ENDIST PITTSBURGH"",""fullParentPathCode"":""021.2100.USACE.LRD.LRP.W911WN"",""postedDate"":""2026-05-29"",""type"":""Presolicitation"",""baseType"":""Presolicitation"",""archiveType"":""autocustom"",""archiveDate"":""2026-06-30"",""typeOfSetAsideDescription"":""Total Small Business Set-Aside (FAR 19.5)"",""typeOfSetAside"":""SBA"",""responseDeadLine"":null,""naicsCode"":""237990"",""naicsCodes"":[""237990""],""classificationCode"":""Y1QA"",""active"":""Yes"",""award"":null,""pointOfContact"":[{""fax"":"""",""type"":""primary"",""email"":""Mario.Taormina@usace.army.mil"",""phone"":""4123957256"",""title"":null,""fullName"":""Mario TAORMINA""},{""fax"":"""",""type"":""secondary"",""email"":""connie.l.ferguson@usace.army.mil"",""phone"":""4123957551"",""title"":null,""fullName"":""Connie L. Ferguson""}],""description"":""https://api.sam.gov/prod/opportunities/v1/noticedesc?noticeid=f4abe79810544ceea4c7ba954cd9ab56"",""organizationType"":""OFFICE"",""officeAddress"":{""zipcode"":""15222-4198"",""city"":""PITTSBURGH"",""countryCode"":""USA"",""state"":""PA""},""placeOfPerformance"":{""city"":{""code"":""67648"",""name"":""Saltsburg""},""state"":{""code"":""PA"",""name"":""Pennsylvania""},""zip"":""15681"",""country"":{""code"":""USA"",""name"":""UNITED STATES""}},""additionalInfoLink"":null,""uiLink"":""https://sam.gov/workspace/contract/opp/f4abe79810544ceea4c7ba954cd9ab56/view"",""links"":[{""rel"":""self"",""href"":""https://api.sam.gov/prod/opportunities/v2/search?noticeid=f4abe79810544ceea4c7ba954cd9ab56&limit=1""}],""resourceLinks"":null}","2026-05-31 23:07:00.265","2026-05-31 23:07:00.265","2026-05-31 23:07:00.265"
"8f4c2b99-244b-5135-c1cd-e6d6487e1fcb","forecast","sam_gov","DEPT OF DEFENSE","DEPT OF THE ARMY","WILMINGTON",,"FY26 - MAINTENANCE DREDGING, MILITARY OCEAN TERMINAL SUNNY POINT (MOTSU)","https://api.sam.gov/prod/opportunities/v1/noticedesc?noticeid=ea2c74b1c4304ba495bfff159bd50199","2026-05-29 00:00:00","active",,"W912PM26BA011",,,,"20","wait","https://sam.gov/workspace/contract/opp/ea2c74b1c4304ba495bfff159bd50199/view","{""noticeId"":""ea2c74b1c4304ba495bfff159bd50199"",""title"":""FY26 - MAINTENANCE DREDGING, MILITARY OCEAN TERMINAL SUNNY POINT (MOTSU)"",""solicitationNumber"":""W912PM26BA011"",""fullParentPathName"":""DEPT OF DEFENSE.DEPT OF THE ARMY.US ARMY CORPS OF ENGINEERS.ENGINEER DIVISION SOUTH ATLANTIC.ENDIST WILMINGTON.W074 ENDIST WILMINGTON"",""fullParentPathCode"":""021.2100.USACE.SAD.SAW.W912PM"",""postedDate"":""2026-05-29"",""type"":""Presolicitation"",""baseType"":""Presolicitation"",""archiveType"":""autocustom"",""archiveDate"":""2026-12-31"",""typeOfSetAsideDescription"":null,""typeOfSetAside"":null,""responseDeadLine"":null,""naicsCode"":""237990"",""naicsCodes"":[""237990""],""classificationCode"":""Z1KF"",""active"":""Yes"",""award"":null,""pointOfContact"":[{""fax"":"""",""type"":""primary"",""email"":""rosalind.m.shoemaker@usace.army.mil"",""phone"":""9102514436"",""title"":null,""fullName"":""Rosalind M. Shoemaker""},{""fax"":"""",""type"":""secondary"",""email"":""terri.m.adams@usace.army.mil"",""phone"":"""",""title"":null,""fullName"":""Terri Adams""}],""description"":""https://api.sam.gov/prod/opportunities/v1/noticedesc?noticeid=ea2c74b1c4304ba495bfff159bd50199"",""organizationType"":""OFFICE"",""officeAddress"":{""zipcode"":""28403-1343"",""city"":""WILMINGTON"",""countryCode"":""USA"",""state"":""NC""},""placeOfPerformance"":{""city"":{""code"":""63400"",""name"":""Southport""},""state"":{""code"":""NC"",""name"":""North Carolina""},""country"":{""code"":""USA"",""name"":""UNITED STATES""}},""additionalInfoLink"":null,""uiLink"":""https://sam.gov/workspace/contract/opp/ea2c74b1c4304ba495bfff159bd50199/view"",""links"":[{""rel"":""self"",""href"":""https://api.sam.gov/prod/opportunities/v2/search?noticeid=ea2c74b1c4304ba495bfff159bd50199&limit=1""}],""resourceLinks"":null}","2026-05-31 23:07:00.265","2026-05-31 23:07:00.265","2026-05-31 23:07:00.265"
"95126742-29c5-508b-b89a-22a3e309063a","forecast","sam_gov","DEPT OF DEFENSE","DEFENSE LOGISTICS AGENCY","PHILADELPHIA",,"16--REGULATOR,OXYGEN,DI","https://api.sam.gov/prod/opportunities/v1/noticedesc?noticeid=d2db603841b7432f8a0137c6f29d8eb3","2026-05-29 00:00:00","active",,"SPRPA126RYC01",,,,"20","wait","https://sam.gov/workspace/contract/opp/d2db603841b7432f8a0137c6f29d8eb3/view","{""noticeId"":""d2db603841b7432f8a0137c6f29d8eb3"",""title"":""16--REGULATOR,OXYGEN,DI"",""solicitationNumber"":""SPRPA126RYC01"",""fullParentPathName"":""DEPT OF DEFENSE.DEFENSE LOGISTICS AGENCY.DLA AVIATION.DLA AVIATION PHILADELPHIA.DLA AVIATION AT PHILADELPHIA, PA"",""fullParentPathCode"":""097.97AS.DLA AVIATION.DLA AV PHILADELPHIA.SPRPA1"",""postedDate"":""2026-05-29"",""type"":""Presolicitation"",""baseType"":""Presolicitation"",""archiveType"":""autocustom"",""archiveDate"":""2026-07-29"",""typeOfSetAsideDescription"":null,""typeOfSetAside"":"""",""responseDeadLine"":""2026-07-14T00:00:00-04:00"",""naicsCode"":null,""naicsCodes"":[],""classificationCode"":""1660"",""active"":""Yes"",""award"":null,""pointOfContact"":[{""fax"":null,""type"":""primary"",""email"":""THOMAS.KUHNLE@DLA.MIL"",""phone"":null,""title"":null,""fullName"":""THOMAS KUHNLE, APBB.15, PHONE (215)737-4024, FAX (215)737-7149, EMAIL THOMAS.KUHNLE@DLA.MIL""}],""description"":""https://api.sam.gov/prod/opportunities/v1/noticedesc?noticeid=d2db603841b7432f8a0137c6f29d8eb3"",""organizationType"":""OFFICE"",""officeAddress"":{""zipcode"":""19111-5098"",""city"":""PHILADELPHIA"",""countryCode"":""USA"",""state"":""PA""},""placeOfPerformance"":null,""additionalInfoLink"":null,""uiLink"":""https://sam.gov/workspace/contract/opp/d2db603841b7432f8a0137c6f29d8eb3/view"",""links"":[{""rel"":""self"",""href"":""https://api.sam.gov/prod/opportunities/v2/search?noticeid=d2db603841b7432f8a0137c6f29d8eb3&limit=1""}],""resourceLinks"":null}","2026-05-31 23:07:00.265","2026-05-31 23:07:00.265","2026-05-31 23:07:00.265"
"95effc1c-c048-592e-70a5-a3816ec7beb0","recompete-watch","usaspending","Department of Veterans Affairs","Department of Veterans Affairs",,,"Award: 36C10X26N0032 — QTC MEDICAL SERVICES INC","FY26 FUNDING MEDICAL DISABILITY EXAMINATIONS","2026-01-01 00:00:00","recompete-window","QTC MEDICAL SERVICES INC","36C10X26N0032","$754,312,385.78",,,"65","pursue","https://www.usaspending.gov/award/36C10X26N0032","{""internal_id"":353959209,""Award ID"":""36C10X26N0032"",""Recipient Name"":""QTC MEDICAL SERVICES INC"",""Award Amount"":754312385.78,""Awarding Agency"":""Department of Veterans Affairs"",""Awarding Sub Agency"":""Department of Veterans Affairs"",""Start Date"":""2026-01-01"",""End Date"":""2026-12-31"",""Description"":""FY26 FUNDING MEDICAL DISABILITY EXAMINATIONS"",""NAICS Code"":null,""awarding_agency_id"":561,""agency_slug"":""department-of-veterans-affairs"",""generated_internal_id"":""CONT_AWD_36C10X26N0032_3600_36C10X25D0003_3600""}","2026-04-07 08:24:14.226","2026-04-07 08:24:14.226","2026-04-07 08:24:14.226"
"970f66cb-82ff-5a8d-f4fd-aa02ac0b39a5","forecast","sam_gov","DEPT OF DEFENSE","DEPT OF THE NAVY","PHILADELPHIA",,"61--POWER SUPPLY","https://api.sam.gov/prod/opportunities/v1/noticedesc?noticeid=b8cbb9758250435685795efa386e9b21","2026-05-29 00:00:00","active",,"N0038325QC550",,,,"20","wait","https://sam.gov/workspace/contract/opp/b8cbb9758250435685795efa386e9b21/view","{""noticeId"":""b8cbb9758250435685795efa386e9b21"",""title"":""61--POWER SUPPLY"",""solicitationNumber"":""N0038325QC550"",""fullParentPathName"":""DEPT OF DEFENSE.DEPT OF THE NAVY.NAVSUP.NAVSUP WEAPON SYSTEMS SUPPORT.NAVSUP WSS PHILADELPHIA.NAVSUP WEAPON SYSTEMS SUPPORT"",""fullParentPathCode"":""017.1700.NAVSUP.NAVSUP WSS.NAVSUP WSS PHIL.N00383"",""postedDate"":""2026-05-29"",""type"":""Presolicitation"",""baseType"":""Presolicitation"",""archiveType"":""auto15"",""archiveDate"":""2026-06-26"",""typeOfSetAsideDescription"":null,""typeOfSetAside"":"""",""responseDeadLine"":""2026-06-11T16:30:00-04:00"",""naicsCode"":null,""naicsCodes"":[],""classificationCode"":""6130"",""active"":""Yes"",""award"":null,""pointOfContact"":[{""fax"":null,""type"":""primary"",""email"":""DANIELLE.M.JUNOD.CIV@US.NAVY.MIL"",""phone"":null,""title"":null,""fullName"":""DANIELLE M. JUNOD, N792.15, PHONE (215)697-1138, EMAIL DANIELLE.M.JUNOD.CIV@US.NAVY.MIL""}],""description"":""https://api.sam.gov/prod/opportunities/v1/noticedesc?noticeid=b8cbb9758250435685795efa386e9b21"",""organizationType"":""OFFICE"",""officeAddress"":{""zipcode"":""19111-5098"",""city"":""PHILADELPHIA"",""countryCode"":""USA"",""state"":""PA""},""placeOfPerformance"":null,""additionalInfoLink"":null,""uiLink"":""https://sam.gov/workspace/contract/opp/b8cbb9758250435685795efa386e9b21/view"",""links"":[{""rel"":""self"",""href"":""https://api.sam.gov/prod/opportunities/v2/search?noticeid=b8cbb9758250435685795efa386e9b21&limit=1""}],""resourceLinks"":null}","2026-05-31 23:07:00.265","2026-05-31 23:07:00.265","2026-05-31 23:07:00.265"
"986d6348-7804-582b-75eb-c6102436dc43","deployment-medical","state_dept","State Department",,,"Sudan","Sudan - Level 4: Do Not Travel","<p><b><i>There was no change to the advisory level or risk indicators. Advisory summary was updated.</i></b> </p>
<p>Do not travel to Sudan due to risk of <b>unrest,</b> <b>crime, kidnapping, terrorism, landmines, </b>and<b> health </b>risks<b>.</b></p>
<p><b>Advisory summary<br>
</b><br>
The U.S. Embassy in Khartoum suspended its operations in April 2023 due to the outbreak of armed conflict in S","2026-05-15 00:00:00","active",,,,,"Travel Advisory","75","brief","https://travel.state.gov/content/travel/en/traveladvisories/traveladvisories/sudan-travel-advisory.html","{""title"":""Sudan - Level 4: Do Not Travel"",""description"":""<p><b><i>There was no change to the advisory level or risk indicators. Advisory summary was updated.</i></b> </p>\n<p>Do not travel to Sudan due to risk of <b>unrest,</b> <b>crime, kidnapping, terrorism, landmines, </b>and<b> health </b>risks<b>.</b></p>\n<p><b>Advisory summary<br>\n</b><br>\nThe U.S. Embassy in Khartoum suspended its operations in April 2023 due to the outbreak of armed conflict in Sudan. The U.S. government cannot provide routine or emergency consular services to Americans in Sudan due to the current security situation. Do not travel to Sudan for any reason.</p>\n<p>To report an emergency regarding an American in Sudan, contact:</p>\n<ul>\n<li>U.S. Embassy Cairo: <a adhocenable=\""false\"" href=\""tel:20-2-2797-3300\"" target=\""_blank\"" title=\""Dial for U.S. Embassy Cairo\""><b>+20-2-2797-3300</b></a></li>\n<li>From the United States and Canada: <a adhocenable=\""false\"" href=\""tel:1-888-407-4747\"" target=\""_blank\"" title=\""Dial for the U.S. Department of State\""><b>Dial +1-888-407-4747</b></a> for the U.S. Department of State.</li>\n<li>From elsewhere in the world: <a title=\""Dial for the U.S. Department of State\"" adhocenable=\""false\"" href=\""tel:1-202-501-4444\"" target=\""_blank\""><b>Dial +1-202-501-4444</b></a> for the U.S. Department of State.</li>\n</ul>\n<p><b>Unrest - Armed Conflict</b></p>\n<p>Armed conflict continues in Sudan. This includes heavy fighting among the Sudanese Armed Forces, the paramilitary Rapid Support Forces, and various armed militias.</p>\n<ul>\n<li>The situation is violent, volatile, and extremely unpredictable. This is especially true in the Kordofan and Darfur regions, as well as in the capital region, including Khartoum and Omdurman.</li>\n<li>Khartoum International Airport is currently only operating for limited commercial traffic. Commercial service to the Port Sudan International Airport has been limited at times due to drone strikes.<a></a>[JP1]</li>\n<li>Electrical and communication disruptions can occur at any time. This includes internet and cell phone service interruptions.</li>\n</ul>\n<p><b>Crime</b></p>\n<ul>\n<li>Crime, including kidnapping, assault, rape, armed robbery, home invasion, looting, and carjacking, is a common threat throughout the country.</li>\n<li>Checkpoints can appear at any time. Some may be real security checkpoints, but others may be set up so people can steal from travelers. Some checkpoints may be especially dangerous for certain groups of people.</li>\n</ul>\n<p><b>Terrorism</b></p>\n<ul>\n<li>Members of known terrorist groups and people sympathetic to these groups can attack with little or no warning. They may target foreign and local government facilities, as well as tourist areas.</li>\n</ul>\n<p><b>Landmines</b></p>\n<ul>\n<li>Landmines are a threat. Much of Sudan is an active war zone. There are widespread reports of unexploded ordnance and landmines posing a threat in Khartoum and elsewhere in the country, even after fighting has ended in those areas.</li>\n</ul>\n<p><b>Health</b></p>\n<p>Medical services in Sudan are extremely limited. Adequate medical treatment for routine and emergency procedures is often not available.Even minor health issues could require medical evacuation at the traveler&#8217;s expense.</p>\n<ul>\n<li>Even minor health issues could require medical evacuation at the traveler&#8217;s expense.</li>\n<li>Make sure you have medical or travel insurance that includes medical evacuation. Review our information on <a href=\""https://travel.state.gov/en/international-travel/planning/guidance/insurance.html\"" title=\""travel insurance\"" adhocenable=\""false\"">travel insurance</a>.</li>\n<li>Check with your doctor about required vaccines and shots for high-risk exposure before you go to Sudan. Visit the U.S. Centers for Disease Control and Prevention (CDC) website for the latest <a href=\""https://wwwnc.cdc.gov/travel/destinations/traveler/none/sudan?s_cid=ncezid-dgmq-travel-single-001\"" target=\""_blank\"" title=\""CDC travel health information for Sudan\"" adhocenable=\""false\"">travel health information for Sudan</a>.</li>\n</ul>\n<p><b>For Americans in Sudan</b>:</p>\n<ul>\n<li>Enroll in the <a href=\""https://mytravel.state.gov/s/step\"" title=\""Smart Traveler Enrollment Program (STEP)\"" adhocenable=\""false\"">Smart Traveler Enrollment Program (STEP)</a> to get important updates and alerts from the U.S. government. Enrolling helps the U.S. government contact you or your emergency contact in an emergency.</li>\n<li>Review the&nbsp;<a href=\""https://www.osac.gov/Content/Report/a835186b-730a-4bd6-a39f-1c5d651706d3\"" target=\""_blank\"" title=\""Country Security Report for Sudan\"" adhocenable=\""false\"">Country Security Report for Sudan</a>.</li>\n<li>The Department of State strongly urges Americans to leave Sudan.</li>\n<li>The U.S. government cannot guarantee your safety traveling to airports or borders or during any onward travel. You should consider your personal security situation before traveling anywhere in Sudan. Only attempt to depart Sudan<b> </b>or travel within Sudan<b> </b>if you believe it is safe for you to do so. <br _rte_temp_br=\""brEOB\"">\n</li>\n<li>Exercise extreme caution in all parts of the country, including Khartoum.</li>\n<li>Have a plan to leave in an emergency that does not depend on U.S. government help. Review our information on <a href=\""https://travel.state.gov/en/international-travel/help-abroad/crisis-response.html\"">crisis and evacuations</a>.</li>\n<li>Review our information on <a href=\""https://travel.state.gov/en/international-travel/travel-advisories/crime.html\"" title=\""Crime\"" adhocenable=\""false\"">crime</a>, including for <a href=\""https://travel.state.gov/en/international-travel/help-abroad/victims-crime.html\"" title=\""Victims of crime\"" adhocenable=\""false\"">victims of crime</a>.</li>\n<li>There is risk of terrorist violence, including terrorist attacks and other activity, in Sudan. Visit the U.S. Department of State&#8217;s <a href=\""https://www.state.gov/country-reports-on-terrorism/#crt\"" target=\""_blank\"" title=\""DOS Country Reports on Terrorism\"" adhocenable=\""false\"">Country Reports on Terrorism</a> to learn more.</li>\n<li>Review our information on <a href=\""https://travel.state.gov/en/international-travel/travel-advisories/global-events/terrorism.html\"" title=\""Terrorism\"" adhocenable=\""false\"">terrorism</a> and <a href=\""https://travel.state.gov/en/international-travel/travel-advisories/high-risk-areas.html\"" title=\""High-Risk Areas\"" adhocenable=\""false\"">travel to high-risk areas</a>.</li>\n<li>Landmines and unexploded ordnance exist throughout Sudan. The locations of landmines and unexploded ordnance are often not known, marked, or easy to recognize.</li>\n<li>Monitor local media for breaking news. Be prepared to adjust your plans.</li>\n<li>Stay aware of your surroundings.</li>\n<li>Draft a will. Designate appropriate insurance beneficiaries or draft a power of attorney.</li>\n<li>Develop a communication plan with your family, your employer, or your host organization. List how and when you will confirm you are safe (text or call). Specify how often you will do this.</li>\n<li>Establish a proof of life protocol with your loved ones. If you are taken hostage, your loved ones will know specific questions (and answers) to ask the hostage-takers to confirm you are being held captive and alive.</li>\n<li>Make sure your insurance includes specific coverage for medical evacuation from Sudan.</li>\n<li>Visit the CDC website for the latest <a href=\""https://wwwnc.cdc.gov/travel/destinations/traveler/none/sudan?s_cid=ncezid-dgmq-travel-single-001\"" target=\""_blank\"" title=\""CDC travel health information for Sudan\"" adhocenable=\""false\"">travel health information for Sudan</a>.</li>\n<li>We highly recommend that you buy travel insurance before you travel. Check with your&nbsp;<a href=\""https://travel.state.gov/en/international-travel/planning/guidance/insurance.html\"" title=\""travel insurance provider\"" adhocenable=\""false\"">travel insurance provider</a>&nbsp;about evacuation assistance, medical insurance, and trip cancelation coverage.</li>\n</ul>"",""link"":""https://travel.state.gov/content/travel/en/traveladvisories/traveladvisories/sudan-travel-advisory.html"",""pubDate"":""Fri, 15 May 2026""}","2026-06-03 20:13:15.131","2026-06-03 20:13:15.131","2026-06-03 20:13:15.131"
"99918dc1-da4c-56a0-4253-a824403699f2","incumbent-tracker","usaspending","Department of State","Department of State",,,"TRIPLE CANOPY INC — Healthcare","SECURITY SERVICES - U. S. CONSULATE BASRAH, IRAQ. OTHER FUNCTIONS IGF::OT::IGF","2013-09-09 00:00:00","expired","TRIPLE CANOPY INC","SAQMMA13F2633","$205,241,995.27",,,"85","monitor","https://www.usaspending.gov/award/SAQMMA13F2633","{""internal_id"":312027816,""Award ID"":""SAQMMA13F2633"",""Recipient Name"":""TRIPLE CANOPY INC"",""Award Amount"":205241995.27,""Awarding Agency"":""Department of State"",""Awarding Sub Agency"":""Department of State"",""Start Date"":""2013-09-09"",""End Date"":""2018-10-16"",""Description"":""SECURITY SERVICES - U. S. CONSULATE BASRAH, IRAQ. OTHER FUNCTIONS IGF::OT::IGF"",""NAICS Code"":null,""NAICS Description"":null,""awarding_agency_id"":315,""agency_slug"":""department-of-state"",""generated_internal_id"":""CONT_AWD_SAQMMA13F2633_1900_SAQMMA10D0104_1900""}","2026-06-03 20:13:31.11","2026-06-03 20:13:31.11","2026-06-03 20:13:31.11"
"99cc73fd-0bbd-5788-e0c9-ed4ab8cbda23","incumbent-tracker","usaspending","Department of Homeland Security","Transportation Security Administration",,,"COVENANT AVIATION SECURITY, LLC — Healthcare","TASK ORDER TO SUPPORT SECURITY SCREENING SERVICES AT SFO AIRPORT.","2021-02-06 00:00:00","active","COVENANT AVIATION SECURITY, LLC","70T05021F5900N002","$714,606,990.43",,,"85","monitor","https://www.usaspending.gov/award/70T05021F5900N002","{""internal_id"":291254933,""Award ID"":""70T05021F5900N002"",""Recipient Name"":""COVENANT AVIATION SECURITY, LLC"",""Award Amount"":714606990.43,""Awarding Agency"":""Department of Homeland Security"",""Awarding Sub Agency"":""Transportation Security Administration"",""Start Date"":""2021-02-06"",""End Date"":""2026-06-30"",""Description"":""TASK ORDER TO SUPPORT SECURITY SCREENING SERVICES AT SFO AIRPORT."",""NAICS Code"":null,""NAICS Description"":null,""awarding_agency_id"":766,""agency_slug"":""department-of-homeland-security"",""generated_internal_id"":""CONT_AWD_70T05021F5900N002_7013_HSTS0516DSPP906_7013""}","2026-06-03 20:13:31.11","2026-06-03 20:13:31.11","2026-06-03 20:13:31.11"
"9a260aac-04e5-520d-ce1b-6973814600fc","forecast","sam_gov","DEPT OF DEFENSE","DEPT OF THE NAVY","MECHANICSBURG",,"43--PUMP, ROTARY","https://api.sam.gov/prod/opportunities/v1/noticedesc?noticeid=d193f2cef98d4f6bb0db1deba82d6b63","2026-05-29 00:00:00","active",,"N0010426QBR72",,,,"20","wait","https://sam.gov/workspace/contract/opp/d193f2cef98d4f6bb0db1deba82d6b63/view","{""noticeId"":""d193f2cef98d4f6bb0db1deba82d6b63"",""title"":""43--PUMP, ROTARY"",""solicitationNumber"":""N0010426QBR72"",""fullParentPathName"":""DEPT OF DEFENSE.DEPT OF THE NAVY.NAVSUP.NAVSUP WEAPON SYSTEMS SUPPORT.NAVSUP WSS MECHANICSBURG.NAVSUP WEAPON SYSTEMS SUPPORT MECH"",""fullParentPathCode"":""017.1700.NAVSUP.NAVSUP WSS.NAVSUP WSS MECH.N00104"",""postedDate"":""2026-05-29"",""type"":""Presolicitation"",""baseType"":""Presolicitation"",""archiveType"":""auto15"",""archiveDate"":""2026-06-26"",""typeOfSetAsideDescription"":""No Set aside used"",""typeOfSetAside"":""NONE"",""responseDeadLine"":""2026-06-11T16:30:00-04:00"",""naicsCode"":""333914"",""naicsCodes"":[""333914""],""classificationCode"":""4320"",""active"":""Yes"",""award"":null,""pointOfContact"":[{""fax"":"""",""type"":""primary"",""email"":""DANIELLE.DELLISOLA@NAVY.MIL"",""phone"":"""",""title"":null,""fullName"":""DANIELLE DELL ISOLA, N9432.42, PHONE (771)229-0057, EMAIL DANIELLE.DELLISOLA@NAVY.MIL""}],""description"":""https://api.sam.gov/prod/opportunities/v1/noticedesc?noticeid=d193f2cef98d4f6bb0db1deba82d6b63"",""organizationType"":""OFFICE"",""officeAddress"":{""zipcode"":""17050-0788"",""city"":""MECHANICSBURG"",""countryCode"":""USA"",""state"":""PA""},""placeOfPerformance"":null,""additionalInfoLink"":null,""uiLink"":""https://sam.gov/workspace/contract/opp/d193f2cef98d4f6bb0db1deba82d6b63/view"",""links"":[{""rel"":""self"",""href"":""https://api.sam.gov/prod/opportunities/v2/search?noticeid=d193f2cef98d4f6bb0db1deba82d6b63&limit=1""}],""resourceLinks"":null}","2026-05-31 23:07:00.265","2026-05-31 23:07:00.265","2026-05-31 23:07:00.265"
"9a5f3caf-2053-5b7f-ee55-23055964c12f","forecast","sam_gov","DEPT OF DEFENSE","DEPT OF THE NAVY","NORFOLK",,"80-Day Tanker Time Charter","https://api.sam.gov/prod/opportunities/v1/noticedesc?noticeid=c154b6dd43ea489bb5cec84d12f713fa","2026-05-29 00:00:00","active",,"N3220526R6095",,,,"20","wait","https://sam.gov/workspace/contract/opp/c154b6dd43ea489bb5cec84d12f713fa/view","{""noticeId"":""c154b6dd43ea489bb5cec84d12f713fa"",""title"":""80-Day Tanker Time Charter"",""solicitationNumber"":""N3220526R6095"",""fullParentPathName"":""DEPT OF DEFENSE.DEPT OF THE NAVY.MSC.MSC HQS.MSCHQ NORFOLK"",""fullParentPathCode"":""017.1700.MSC.MSC HQS.N32205"",""postedDate"":""2026-05-29"",""type"":""Presolicitation"",""baseType"":""Presolicitation"",""archiveType"":""auto15"",""archiveDate"":""2026-06-19"",""typeOfSetAsideDescription"":null,""typeOfSetAside"":null,""responseDeadLine"":""2026-06-04T13:00:00-04:00"",""naicsCode"":""483111"",""naicsCodes"":[""483111""],""classificationCode"":""V124"",""active"":""Yes"",""award"":null,""pointOfContact"":[{""fax"":"""",""type"":""primary"",""email"":""jordan.a.morrison5.civ@us.navy.mil"",""phone"":""5642303633"",""title"":null,""fullName"":""Jordan Morrison""},{""fax"":"""",""type"":""secondary"",""email"":""ERIC.N.HATCHER2.CIV@US.NAVY.MIL"",""phone"":""5642303114"",""title"":null,""fullName"":""ERIC HATCHER""}],""description"":""https://api.sam.gov/prod/opportunities/v1/noticedesc?noticeid=c154b6dd43ea489bb5cec84d12f713fa"",""organizationType"":""OFFICE"",""officeAddress"":{""zipcode"":""23511-2313"",""city"":""NORFOLK"",""countryCode"":""USA"",""state"":""VA""},""placeOfPerformance"":{""country"":{""code"":""GRC"",""name"":""GREECE""}},""additionalInfoLink"":null,""uiLink"":""https://sam.gov/workspace/contract/opp/c154b6dd43ea489bb5cec84d12f713fa/view"",""links"":[{""rel"":""self"",""href"":""https://api.sam.gov/prod/opportunities/v2/search?noticeid=c154b6dd43ea489bb5cec84d12f713fa&limit=1""}],""resourceLinks"":null}","2026-05-31 23:07:00.265","2026-05-31 23:07:00.265","2026-05-31 23:07:00.265"
"9a6e22ee-6655-53ab-99f8-b8df274eae39","recompete-watch","usaspending","Department of Homeland Security","U.S. Immigration and Customs Enforcement",,,"Award: 70CDCR18C00000003 — STG INTERNATIONAL, INC.","IGF::OT::IGF IHSC MEDICAL STAFFING SERVICES","2018-02-20 00:00:00","recompete-window","STG INTERNATIONAL, INC.","70CDCR18C00000003","$641,096,352.82",,,"90","pursue","https://www.usaspending.gov/award/70CDCR18C00000003","{""internal_id"":291190244,""Award ID"":""70CDCR18C00000003"",""Recipient Name"":""STG INTERNATIONAL, INC."",""Award Amount"":641096352.82,""Awarding Agency"":""Department of Homeland Security"",""Awarding Sub Agency"":""U.S. Immigration and Customs Enforcement"",""Start Date"":""2018-02-20"",""End Date"":""2025-03-31"",""Description"":""IGF::OT::IGF IHSC MEDICAL STAFFING SERVICES"",""NAICS Code"":null,""awarding_agency_id"":766,""agency_slug"":""department-of-homeland-security"",""generated_internal_id"":""CONT_AWD_70CDCR18C00000003_7012_-NONE-_-NONE-""}","2026-04-07 08:24:14.226","2026-04-07 08:24:14.226","2026-04-07 08:24:14.226"
"9bf16fb5-0dc7-5ba7-9037-20413ab4d48c","incumbent-tracker","usaspending","Department of Homeland Security","U.S. Immigration and Customs Enforcement",,,"THE GEO GROUP, INC. — Healthcare","TASK ORDER IS TO PROVIDE FUNDING FOR DETENTION TRANSPORTATION AND MEDICAL SERVICES IN THE LOS ANGELES AREA OF RESPONSIBILITY","2020-11-04 00:00:00","expired","THE GEO GROUP, INC.","70CDCR21FR0000004","$110,740,019.25",,,"85","monitor","https://www.usaspending.gov/award/70CDCR21FR0000004","{""internal_id"":291190948,""Award ID"":""70CDCR21FR0000004"",""Recipient Name"":""THE GEO GROUP, INC."",""Award Amount"":110740019.25,""Awarding Agency"":""Department of Homeland Security"",""Awarding Sub Agency"":""U.S. Immigration and Customs Enforcement"",""Start Date"":""2020-11-04"",""End Date"":""2021-12-19"",""Description"":""TASK ORDER IS TO PROVIDE FUNDING FOR DETENTION TRANSPORTATION AND MEDICAL SERVICES IN THE LOS ANGELES AREA OF RESPONSIBILITY"",""NAICS Code"":null,""NAICS Description"":null,""awarding_agency_id"":766,""agency_slug"":""department-of-homeland-security"",""generated_internal_id"":""CONT_AWD_70CDCR21FR0000004_7012_70CDCR20D00000009_7012""}","2026-06-03 20:13:31.11","2026-06-03 20:13:31.11","2026-06-03 20:13:31.11"
"9c30b66e-171c-5e81-4137-0fab0f256409","deployment-medical","state_dept","State Department",,,"Slovenia","Slovenia - Level 1: Exercise Normal Precautions","Exercise normal precaution<p>in <b>Slovenia</b>.</p>
<p><span class='body-regular'>Slovenia is generally a safe destination for travelers.</span></p>
<p><span class='body-regular'>Travelers should take standard precautions against petty crime, such as&nbsp; pickpocketing and purse snatching. These crimes are common in tourist areas, city centers, and transportation hubs. Use caution at night.</s","2026-05-15 00:00:00","active",,,,,"Travel Advisory","45","monitor","https://travel.state.gov/content/tsg_aem/us/en/home/international-travel/travel-advisories/destination.svn.html","{""title"":""Slovenia - Level 1: Exercise Normal Precautions"",""description"":""Exercise normal precaution<p>in <b>Slovenia</b>.</p>\r\n<p><span class='body-regular'>Slovenia is generally a safe destination for travelers.</span></p>\r\n<p><span class='body-regular'>Travelers should take standard precautions against petty crime, such as&nbsp; pickpocketing and purse snatching. These crimes are common in tourist areas, city centers, and transportation hubs. Use caution at night.</span></p>\r\n<ul>\r\n<li><span class='body-regular'>Review our&nbsp;<a title='Slovenia Travel Guidance' href='/en/international-travel/travel-advisories/slovenia.html#requirements'>Travel Guidance</a> for Slovenia to learn how to prepare for a safe trip.</span></li>\r\n</ul>\r\n<p><span class='body-regular'>Exercise caution in the <b>Julian Alps</b>: follow local guidance, check the <a title='Slovenia Weather' href='/en/international-travel/travel-advisories/slovenia.html#weather'>weather</a> closely, dress appropriately, and never hike alone.</span></p>"",""link"":""https://travel.state.gov/content/tsg_aem/us/en/home/international-travel/travel-advisories/destination.svn.html"",""pubDate"":""Fri, 15 May 2026""}","2026-06-03 20:13:15.131","2026-06-03 20:13:15.131","2026-06-03 20:13:15.131"
"9d0067ac-37fa-5185-c251-2cc9b5d125b5","recompete-watch","usaspending","Department of Veterans Affairs","Department of Veterans Affairs",,,"Award: 36C79120F0001 — TRIWEST HEALTHCARE ALLIANCE CORP","SERVICES FOR THE PATIENT CENTERED COMMUNITY CARE (PC3) CONTRACT FOR THE OFFICE OF COMMUNITY CARE (OCC).","2019-10-01 00:00:00","recompete-window","TRIWEST HEALTHCARE ALLIANCE CORP","36C79120F0001","$422,701,904.22",,,"65","pursue","https://www.usaspending.gov/award/36C79120F0001","{""internal_id"":280467392,""Award ID"":""36C79120F0001"",""Recipient Name"":""TRIWEST HEALTHCARE ALLIANCE CORP"",""Award Amount"":422701904.22,""Awarding Agency"":""Department of Veterans Affairs"",""Awarding Sub Agency"":""Department of Veterans Affairs"",""Start Date"":""2019-10-01"",""End Date"":""2024-09-30"",""Description"":""SERVICES FOR THE PATIENT CENTERED COMMUNITY CARE (PC3) CONTRACT FOR THE OFFICE OF COMMUNITY CARE (OCC)."",""NAICS Code"":null,""awarding_agency_id"":561,""agency_slug"":""department-of-veterans-affairs"",""generated_internal_id"":""CONT_AWD_36C79120F0001_3600_VA79113D0054_3600""}","2026-04-07 08:24:14.226","2026-04-07 08:24:14.226","2026-04-07 08:24:14.226"
"9d5716bd-36a6-57ba-8ef5-dab87b09888e","incumbent-tracker","usaspending","Department of Health and Human Services","Centers for Disease Control and Prevention",,,"WALGREEN CO. — Healthcare","ICATT","2022-06-14 00:00:00","expired","WALGREEN CO.","75D30122C13958","$306,212,245.35",,,"85","monitor","https://www.usaspending.gov/award/75D30122C13958","{""internal_id"":291507344,""Award ID"":""75D30122C13958"",""Recipient Name"":""WALGREEN CO."",""Award Amount"":306212245.35,""Awarding Agency"":""Department of Health and Human Services"",""Awarding Sub Agency"":""Centers for Disease Control and Prevention"",""Start Date"":""2022-06-14"",""End Date"":""2025-05-31"",""Description"":""ICATT"",""NAICS Code"":null,""NAICS Description"":null,""awarding_agency_id"":806,""agency_slug"":""department-of-health-and-human-services"",""generated_internal_id"":""CONT_AWD_75D30122C13958_7523_-NONE-_-NONE-""}","2026-06-03 20:13:31.11","2026-06-03 20:13:31.11","2026-06-03 20:13:31.11"
"9f30af9e-432e-5f7e-6af1-5b1a3a7cf703","recompete-watch","usaspending","Department of State","Department of State",,,"Award: 19AQMM21C0066 — INTER-CON SECURITY SYSTEMS, INC.","GUARD SERVICES FOR DOS PHYSICAL FACILITIES CONUS AND OCONUS.","2021-11-01 00:00:00","recompete-window","INTER-CON SECURITY SYSTEMS, INC.","19AQMM21C0066","$563,941,549.5",,,"90","pursue","https://www.usaspending.gov/award/19AQMM21C0066","{""internal_id"":278732697,""Award ID"":""19AQMM21C0066"",""Recipient Name"":""INTER-CON SECURITY SYSTEMS, INC."",""Award Amount"":563941549.5,""Awarding Agency"":""Department of State"",""Awarding Sub Agency"":""Department of State"",""Start Date"":""2021-11-01"",""End Date"":""2026-10-31"",""Description"":""GUARD SERVICES FOR DOS PHYSICAL FACILITIES CONUS AND OCONUS."",""NAICS Code"":null,""awarding_agency_id"":315,""agency_slug"":""department-of-state"",""generated_internal_id"":""CONT_AWD_19AQMM21C0066_1900_-NONE-_-NONE-""}","2026-04-07 08:24:14.226","2026-04-07 08:24:14.226","2026-04-07 08:24:14.226"
"9f737fd1-2431-58eb-0211-85b18eb1e4fa","incumbent-tracker","usaspending","Department of Health and Human Services","Office of the Assistant Secretary for Administration",,,"SPECTRUM HEALTHCARE RESOURCES INCORPORATED — Healthcare","REGION D PROFESSIONAL MEDICAL STAFFING&OCCUPATIONAL HEALTH SERVICES","2010-12-06 00:00:00","expired","SPECTRUM HEALTHCARE RESOURCES INCORPORATED","HHSP233201100041G","$217,355,774.33",,,"85","monitor","https://www.usaspending.gov/award/HHSP233201100041G","{""internal_id"":307148289,""Award ID"":""HHSP233201100041G"",""Recipient Name"":""SPECTRUM HEALTHCARE RESOURCES INCORPORATED"",""Award Amount"":217355774.33,""Awarding Agency"":""Department of Health and Human Services"",""Awarding Sub Agency"":""Office of the Assistant Secretary for Administration"",""Start Date"":""2010-12-06"",""End Date"":""2022-03-31"",""Description"":""REGION D PROFESSIONAL MEDICAL STAFFING&OCCUPATIONAL HEALTH SERVICES"",""NAICS Code"":null,""NAICS Description"":null,""awarding_agency_id"":806,""agency_slug"":""department-of-health-and-human-services"",""generated_internal_id"":""CONT_AWD_HHSP233201100041G_7555_V797P4530A_3600""}","2026-06-03 20:13:31.11","2026-06-03 20:13:31.11","2026-06-03 20:13:31.11"
"a2390194-0179-55da-667c-d5dd23724866","recompete-watch","usaspending","Department of Energy","Department of Energy",,,"Award: DEAC0502OR22928 — CENTERRA GROUP, LLC",,"2002-07-15 00:00:00","recompete-window","CENTERRA GROUP, LLC","DEAC0502OR22928","$361,297,897.55",,,"65","pursue","https://www.usaspending.gov/award/DEAC0502OR22928","{""internal_id"":295476121,""Award ID"":""DEAC0502OR22928"",""Recipient Name"":""CENTERRA GROUP, LLC"",""Award Amount"":361297897.55,""Awarding Agency"":""Department of Energy"",""Awarding Sub Agency"":""Department of Energy"",""Start Date"":""2002-07-15"",""End Date"":""2007-07-16"",""Description"":null,""NAICS Code"":null,""awarding_agency_id"":930,""agency_slug"":""department-of-energy"",""generated_internal_id"":""CONT_AWD_DEAC0502OR22928_8900_-NONE-_-NONE-""}","2026-04-07 08:24:14.226","2026-04-07 08:24:14.226","2026-04-07 08:24:14.226"
"a61a6a9b-f987-5dbf-b7a4-08a5efbdc29b","recompete-watch","usaspending","Department of Veterans Affairs","Department of Veterans Affairs",,,"Award: 36C10X21N0054 — QTC MEDICAL SERVICES INC","TASK ORDER FOR MEDICAL DISABILITY EXAMINATIONS DISTRICT 6/ NATIONAL MISSION- SERVICES","2021-04-01 00:00:00","recompete-window","QTC MEDICAL SERVICES INC","36C10X21N0054","$330,000,000",,,"65","pursue","https://www.usaspending.gov/award/36C10X21N0054","{""internal_id"":279980147,""Award ID"":""36C10X21N0054"",""Recipient Name"":""QTC MEDICAL SERVICES INC"",""Award Amount"":330000000,""Awarding Agency"":""Department of Veterans Affairs"",""Awarding Sub Agency"":""Department of Veterans Affairs"",""Start Date"":""2021-04-01"",""End Date"":""2022-03-30"",""Description"":""TASK ORDER FOR MEDICAL DISABILITY EXAMINATIONS DISTRICT 6/ NATIONAL MISSION- SERVICES"",""NAICS Code"":null,""awarding_agency_id"":561,""agency_slug"":""department-of-veterans-affairs"",""generated_internal_id"":""CONT_AWD_36C10X21N0054_3600_VA119A16D0038_3600""}","2026-04-07 08:24:14.226","2026-04-07 08:24:14.226","2026-04-07 08:24:14.226"
"a742457f-ab61-50f5-acbd-a0dbb387f6a8","deployment-medical","state_dept","State Department",,,"Democratic Republic of the Congo","Democratic Republic of the Congo - Level 4: Do Not Travel","<p><i><b>The&nbsp;Level was changed from&nbsp;a Level&nbsp;3 to&nbsp;a Level&nbsp;4.&nbsp;Do Not Travel to the Democratic Republic of the Congo due to&nbsp;the&nbsp;Ebola&#8239;Bundibugyo Virus Disease&#8239;outbreak&#8239;in Ituri Province in the DRC.&nbsp;The &quot;Health&#8221; risk indicator was&nbsp;added&nbsp;and the &#8220;Other&#8221; indicator was removed.&nbsp;Advisory summary was update","2026-05-17 00:00:00","active",,,,,"Travel Advisory","75","brief","https://travel.state.gov/content/travel/en/traveladvisories/traveladvisories/democratic-republic-of-the-congo-travel-advisory.html","{""title"":""Democratic Republic of the Congo - Level 4: Do Not Travel"",""description"":""<p><i><b>The&nbsp;Level was changed from&nbsp;a Level&nbsp;3 to&nbsp;a Level&nbsp;4.&nbsp;Do Not Travel to the Democratic Republic of the Congo due to&nbsp;the&nbsp;Ebola&#8239;Bundibugyo Virus Disease&#8239;outbreak&#8239;in Ituri Province in the DRC.&nbsp;The &quot;Health&#8221; risk indicator was&nbsp;added&nbsp;and the &#8220;Other&#8221; indicator was removed.&nbsp;Advisory summary was updated.&nbsp;</b></i></p>\n<p><b>Do not&nbsp;travel </b>to the <b>Democratic Republic of the Congo (DRC) </b>due to&#8239;<b>crime</b>,<b>&nbsp;unrest</b>,<b> </b>and<b>&#8239;health.&nbsp;</b></p>\n<p><b>Advisory&nbsp;summary<br>\n</b>The U.S. government has limited ability to provide emergency consular services to U.S. citizens in the Democratic Republic of the Congo (DRC) due to the Health situation</p>\n<p><b>Health</b><br>\nOn&#8239;May 15, the&#8239;U.S.&#8239;Centers for Disease Control and Prevention (CDC) issued a&nbsp;<a href=\""https://wwwnc.cdc.gov/travel/notices/level2/ebola-democratic-republic-of-the-congo\"">Level 2 (Practice Enhanced Precautions) Travel Health Notice for Ebola</a>&#8239;for the Democratic Republic of the Congo (DRC).&#8239;</p>\n<p>&#8239;On May&#8239;17, the World Health Organization (WHO) declared the Ebola outbreak in&#8239;the&#8239;DRC and Uganda a&nbsp;<a href=\""https://www.who.int/news/item/17-05-2026-epidemic-of-ebola-disease-in-the-democratic-republic-of-the-congo-and-uganda-determined-a-public-health-emergency-of-international-concern\"" adhocenable=\""false\"">Public Health Emergency of International Concern</a>.&#8239;</p>\n<p><b>&#8239;</b>Outbreaks of serious infectious diseases are common in the Democratic Republic of&nbsp;the Congo. Visit the Centers for Disease Control and Prevention (CDC) website for the&nbsp;<a href=\""https://wwwnc.cdc.gov/travel/destinations/traveler/none/democratic-republic-of-congo?s_cid=ncezid-dgmq-travel-single-001\"">latest Travel Health Information</a>&nbsp;before you travel.&nbsp;</p>\n<p>The local health infrastructure is inadequate. Health services, hygiene, and quality control do not meet U.S. standards of care. Pharmacies are not well regulated. Locally available medications may be unsafe.&nbsp;</p>\n<p><b>Travel&nbsp;restrictions for government employees<br>\n</b>U.S. government employees working in the Democratic Republic of the Congo need special authorization to travel outside of Kinshasa due to safety risks. The U.S. embassy has extremely limited ability to provide routine or emergency consular services outside of Kinshasa.&nbsp;&nbsp;</p>\n<p>Due to safety risks, minor dependents cannot join U.S. government employees who work in the Democratic Republic of&nbsp;the Congo.&nbsp;&nbsp;</p>\n<p><b>Crime<br>\n</b>Petty crime is common. This includes crimes of opportunity like pickpocketing and burglary. Violent crimes include armed robbery, armed home invasion, and assault. Criminals may pose as police or security agents.&nbsp;</p>\n<p>Local police do&nbsp;not always inform the U.S. embassy when they arrest a U.S. citizen. They may also delay access to detained U.S. citizens&nbsp;or&nbsp;use&nbsp;violence and threats during interrogations.&nbsp;</p>\n<p><b>Unrest<br>\n</b>Demonstrations are common in many cities&nbsp;and can&nbsp;sometimes&nbsp;turn violent. Police may respond with force, resulting in deaths and arrests. Looting, assault, traffic obstruction, property damage, and other violent actions&nbsp;can happen&nbsp;when police don't respond&nbsp;quickly, or at all.&nbsp;</p>\n<p><b>North and South Kivu Provinces<br>\n</b>Active fighting is ongoing between armed groups and government military forces in the Kivu provinces; the M23 armed group is occupying major cities of Goma and Bukavu. Missiles and armed drones have been used in the conflict. The fighting has forced thousands of people from their homes which can cause instability in the province.</p>\n<p>Violent crime is common throughout the Kivu provinces. This includes murder, rape, kidnapping, and pillaging. Road travelers are common targets for ambush, armed robbery, and kidnapping.</p>\n<p>Terrorist and armed groups operate in the Kivu provinces. They have attacked military and civilian targets. This includes aid workers, businesspeople, and other NGO staff in the area.</p>\n<p>There is risk of terrorist violence, including terrorist attacks and other activity in North and South Kivu provinces. Visit the U.S. Department of State's&nbsp;<a href=\""https://www.state.gov/country-reports-on-terrorism/\"">country reports on terrorism</a>&nbsp;to learn more.</p>\n<p>Demonstrations and large gatherings can occur throughout the region, especially in urban areas. Mobs can form rapidly and turn violent, posing a threat to bystanders.</p>\n<p>Due to the security risks, U.S. government employees working in the DRC must obtain special authorization to travel to North and South Kivu Provinces. Due to the risks, the U.S. government is unable to provide emergency services to U.S. citizens in the Kivu provinces.</p>\n<p>Visit our website for&nbsp;<a href=\""https://travel.state.gov/content/passports/en/go/TraveltoHighRiskAreas.html\"">Travel to High-Risk Areas</a>.</p>\n<p><b>Ituri Province&nbsp;<br>\n</b>Violent crime continues throughout Ituri province. This includes murder, rape, kidnapping, and pillaging. Road travelers are common targets for ambush, armed robbery, and kidnapping.</p>\n<p>Terrorist and armed groups operate in Ituri province. They have targeted both military and civilian sites. This includes humanitarian aid workers and other NGO staff in the area.</p>\n<p>There is risk of terrorist violence, including terrorist attacks and other activity in Ituri province. Visit the U.S. Department of State's&nbsp;<a href=\""https://www.state.gov/country-reports-on-terrorism/\"">country reports on terrorism</a>&nbsp;to learn more.</p>\n<p>Demonstrations and large gatherings can occur throughout these regions, especially in urban areas. Mobs can form rapidly and turn violent, posing a threat to bystanders.</p>\n<p>Armed groups, individuals, and military forces routinely clash with each other. Civilians are frequently targeted in attacks.</p>\n<p>Due to the security risks, U.S. government employees working in the DRC must obtain special authorization to travel to Ituri province. Due to the risks, the U.S. government is unable to provide emergency services to U.S. citizens in Ituri province.</p>\n<p>Visit our website for&nbsp;<a href=\""https://travel.state.gov/content/passports/en/go/TraveltoHighRiskAreas.html\"">Travel to High-Risk Areas</a>.</p>\n<p><b>Tanganyika, Haut Lomami, and the 3 Kasai Provinces&nbsp;<br>\n</b>Violent crime like murder, rape, kidnapping, and robbery are common in these areas:</p>\n<ul>\n<li>Tanganyika</li>\n<li>Haut Lomami</li>\n<li>Kasai provinces: Kasai Oriental, Kasai Central, and Kasai.</li>\n</ul>\n<p>Road travelers are common targets for ambush, armed robbery, and kidnapping.</p>\n<p>Demonstrations and large gatherings can occur throughout these regions, especially in urban areas. Mobs can form rapidly and turn violent, posing a threat to bystanders.</p>\n<p>Armed groups, individuals, and military forces routinely clash with each other. Civilians are frequently targeted in attacks.</p>\n<p>Due to the security risks, U.S. government employees working in the DRC must obtain special authorization to travel to eastern DRC Region and the 3 Kasai provinces. Due to the risks, the U.S. government is unable to provide emergency services to U.S. citizens in eastern DRC Region and the 3 Kasai provinces.</p>\n<p>Visit our website for&nbsp;<a href=\""https://travel.state.gov/content/passports/en/go/TraveltoHighRiskAreas.html\"">Travel to High-Risk Areas</a>.</p>\n<p><b>Mai-Ndombe</b>&nbsp;<b>Province<br>\n</b>Violence in Mai-Ndombe is rising. There are also more police and military in the area, especially along the Route Nationale 17. Government security officials may limit travel for U.S. citizens when violence rises. Activity of armed groups could block passenger and freight traffic on regional routes in the province. Protests can occur without warning.</p>\n<p>Due to the security risks, U.S. government employees working in the DRC must obtain special authorization to travel to Mai-Ndombe province. Due to the risks, the U.S. government is unable to provide emergency services to U.S. citizens in Mai-Ndombe province.</p>\n<p>Visit our website for&nbsp;<a href=\""https://travel.state.gov/content/passports/en/go/TraveltoHighRiskAreas.html\"">Travel to High-Risk Areas</a></p>\n<p><b>If you decide to travel to the Democratic Republic of the Congo:</b></p>\n<ul>\n<li>Visit our website for&nbsp;<a href=\""https://travel.state.gov/content/travel/en/international-travel/before-you-go/travelers-with-special-considerations/high-risk-travelers.html\"">Travel to High-Risk Areas</a>.</li>\n<li>Avoid demonstrations and crowds.</li>\n<li>Use caution when walking or driving.</li>\n<li>Always have a photocopy of your U.S. passport and DRC visa. Keep originals in a secure location. Carry your U.S. passport and DRC visa when crossing provincial borders or flying domestically.</li>\n<li>If you are arrested or detained, ask police or prison officials to notify U.S. Embassy Kinshasa immediately.</li>\n<li>Enroll in the&nbsp;<a href=\""https://mytravel.state.gov/s/step\"">Smart Traveler Enrollment Program (STEP)</a>&nbsp;to receive Alerts from the U.S Embassy and make it easier to locate you in an emergency.</li>\n<li>Review the&nbsp;<a href=\""https://www.osac.gov/Content/Browse/Report?subContentTypes=Country%20Security%20Report\"">Country Security Report</a>&nbsp;for the DRC.</li>\n<li>Prepare a plan for emergency situations. Review the&nbsp;<a href=\""https://travel.state.gov/content/travel/en/international-travel/before-you-go/travelers-checklist.html\"">Traveler&#8217;s Checklist</a>. Ensure that documents and medications are easy to locate in case you need to leave on short notice.</li>\n<li>Visit the CDC page for the&nbsp;<a href=\""https://wwwnc.cdc.gov/travel/destinations/list\"">latest Travel Health Information</a>&nbsp;related to your travel and return to the United States.</li>\n<li>We highly recommend that you buy insurance before you travel. Check with your&nbsp;<a href=\""https://travel.state.gov/content/travel/en/international-travel/before-you-go/your-health-abroad/Insurance_Coverage_Overseas.html\"">travel insurance provider</a>&nbsp;about evacuation assistance, medical insurance, and trip cancellation coverage.</li>\n<li>Develop a communication plan with family, your employer or host organization. Specify how you'll confirm you're safe (text, calls, etc.), how often, and who you'll contact first to share the information.</li>\n</ul>"",""link"":""https://travel.state.gov/content/travel/en/traveladvisories/traveladvisories/democratic-republic-of-the-congo-travel-advisory.html"",""pubDate"":""Sun, 17 May 2026""}","2026-06-03 20:13:15.131","2026-06-03 20:13:15.131","2026-06-03 20:13:15.131"
"a874f3a8-6639-5626-f7d9-8f9e5bbab507","incumbent-tracker","usaspending","Department of Health and Human Services","Office of Assistant Secretary for Preparedness and Response",,,"PARAGON SYSTEMS INC — Healthcare","ARMED GUARD SERVICES","2020-02-22 00:00:00","expired","PARAGON SYSTEMS INC","75A50120F80007","$152,566,879.42",,,"85","monitor","https://www.usaspending.gov/award/75A50120F80007","{""internal_id"":291493553,""Award ID"":""75A50120F80007"",""Recipient Name"":""PARAGON SYSTEMS INC"",""Award Amount"":152566879.42,""Awarding Agency"":""Department of Health and Human Services"",""Awarding Sub Agency"":""Office of Assistant Secretary for Preparedness and Response"",""Start Date"":""2020-02-22"",""End Date"":""2025-08-21"",""Description"":""ARMED GUARD SERVICES"",""NAICS Code"":null,""NAICS Description"":null,""awarding_agency_id"":806,""agency_slug"":""department-of-health-and-human-services"",""generated_internal_id"":""CONT_AWD_75A50120F80007_7505_GS07F0418K_4730""}","2026-06-03 20:13:31.11","2026-06-03 20:13:31.11","2026-06-03 20:13:31.11"
"a8d6d728-03c9-5184-3473-fc63afbf390a","deployment-medical","state_dept","State Department",,,"Antigua and Barbuda","Antigua and Barbuda - Level 1: Exercise Normal Precautions","<p><b><i>There are no changes to the advisory level or risk indicators. Advisory summary was updated.</i></b></p>
<p>Exercise normal precautions in <b>Antigua and Barbuda</b>.<b></b></p>
<p><b>Advisory Summary</b></p>
<p>Antigua and Barbuda is generally a safe destination for travelers.</p>
<ul>
<li>Antigua and Barbuda regularly experiences hurricanes. Review our information on <a adhocenable=""fal","2026-05-20 00:00:00","active",,,,,"Travel Advisory","45","monitor","https://travel.state.gov/content/travel/en/traveladvisories/traveladvisories/antigua-and-barbuda-travel-advisory.html","{""title"":""Antigua and Barbuda - Level 1: Exercise Normal Precautions"",""description"":""<p><b><i>There are no changes to the advisory level or risk indicators. Advisory summary was updated.</i></b></p>\n<p>Exercise normal precautions in <b>Antigua and Barbuda</b>.<b></b></p>\n<p><b>Advisory Summary</b></p>\n<p>Antigua and Barbuda is generally a safe destination for travelers.</p>\n<ul>\n<li>Antigua and Barbuda regularly experiences hurricanes. Review our information on <a adhocenable=\""false\"" href=\""https://travel.state.gov/en/international-travel/help-abroad/crisis-response.html#assistance-item-a98d3b76f2\"" title=\""Antigua Weather and Natural Disasters\"">Weather and Natural Disasters</a> in Antigua and Barbuda.</li>\n<li>Review our Travel Guidance for Antigua and Barbuda to learn how to prepare for a safe trip.</li>\n</ul>\n<p><b>If you decide to travel to</b> <b>Antigua and Barbuda:</b></p>\n<ul>\n<li>Enroll in the <a href=\""https://mytravel.state.gov/s/step\"" title=\""Smart Traveler Enrollment Program (STEP)\"" adhocenable=\""false\"">Smart Traveler Enrollment Program (STEP)</a> to get important updates and alerts from the U.S. embassy or consulate. Enrolling helps the U.S. embassy or consulate contact you or your emergency contact in an emergency.</li>\n<li>Review the <a href=\""https://www.osac.gov/Content/Report/c6978ae5-3608-45ca-9900-1c4b57c0cfd6\"" target=\""_blank\"" title=\""Country Security Report\"" adhocenable=\""false\"">Country Security Report</a> for the Eastern Caribbean.</li>\n<li>Visit the Centers for Disease Control and Prevention (CDC) website for the <a href=\""https://wwwnc.cdc.gov/travel/destinations/traveler/none/antigua-and-barbuda\"" target=\""_blank\"" title=\""CDC latest Travel Health Information\"" adhocenable=\""false\"">latest&nbsp;Travel Health Information</a>&nbsp;for Antigua and Barbuda.</li>\n<li>Whether you&#8217;re a first time or frequent traveler, use the <a href=\""https://travel.state.gov/en/international-travel/planning/checklist.html\"" title=\""International Travel Checklist\"" adhocenable=\""false\"">International Travel Checklist</a>.</li>\n<li>We highly recommend that you buy travel insurance before you travel.&nbsp;Check with your&nbsp;<a href=\""https://travel.state.gov/en/international-travel/planning/guidance/insurance.html\"" title=\""Travel Insurance\"" adhocenable=\""false\"">travel insurance provider</a>&nbsp;about evacuation assistance, medical insurance, and trip cancelation coverage.</li>\n</ul>"",""link"":""https://travel.state.gov/content/travel/en/traveladvisories/traveladvisories/antigua-and-barbuda-travel-advisory.html"",""pubDate"":""Wed, 20 May 2026""}","2026-06-03 20:13:15.131","2026-06-03 20:13:15.131","2026-06-03 20:13:15.131"
"ac83a7e0-e179-5367-4c7a-2c60f60a5b1f","recompete-watch","usaspending","Department of Veterans Affairs","Department of Veterans Affairs",,,"Award: 36C10X26N0037 — VETERANS EVALUATION SERVICES, INC","FY26 FUNDING MEDICAL DISABILITY EXAMINATIONS","2026-01-01 00:00:00","recompete-window","VETERANS EVALUATION SERVICES, INC","36C10X26N0037","$388,506,331.46",,,"65","pursue","https://www.usaspending.gov/award/36C10X26N0037","{""internal_id"":353959214,""Award ID"":""36C10X26N0037"",""Recipient Name"":""VETERANS EVALUATION SERVICES, INC"",""Award Amount"":388506331.46,""Awarding Agency"":""Department of Veterans Affairs"",""Awarding Sub Agency"":""Department of Veterans Affairs"",""Start Date"":""2026-01-01"",""End Date"":""2026-12-31"",""Description"":""FY26 FUNDING MEDICAL DISABILITY EXAMINATIONS"",""NAICS Code"":null,""awarding_agency_id"":561,""agency_slug"":""department-of-veterans-affairs"",""generated_internal_id"":""CONT_AWD_36C10X26N0037_3600_36C10X25D0004_3600""}","2026-04-07 08:24:14.226","2026-04-07 08:24:14.226","2026-04-07 08:24:14.226"
"acd3992b-e344-56f1-9d7d-2f4d948f12cd","deployment-medical","state_dept","State Department",,,"Cyprus","Cyprus - Level 1: Exercise Normal Precautions","<p>The advisory level decreased to 1. There were no changes to the risk indicators. Advisory summary was updated to reflect changes to U.S. embassy operations.</p>
<p>Exercise Normal Precautions in Cyprus. Some areas have increased risk. Read the entire Travel Advisory.</p>
<p><b>Advisory Summary</b>&nbsp;&nbsp;&nbsp;&nbsp;<b></b></p>
<p>Cyprus is generally a safe destination for travelers.</p>
<p","2026-06-01 00:00:00","active",,,,,"Travel Advisory","45","monitor","https://travel.state.gov/content/travel/en/traveladvisories/traveladvisories/cyprus-travel-advisory.html","{""title"":""Cyprus - Level 1: Exercise Normal Precautions"",""description"":""<p>The advisory level decreased to 1. There were no changes to the risk indicators. Advisory summary was updated to reflect changes to U.S. embassy operations.</p>\n<p>Exercise Normal Precautions in Cyprus. Some areas have increased risk. Read the entire Travel Advisory.</p>\n<p><b>Advisory Summary</b>&nbsp;&nbsp;&nbsp;&nbsp;<b></b></p>\n<p>Cyprus is generally a safe destination for travelers.</p>\n<p><b>United Nations Buffer Zone</b></p>\n<p>Do not try to enter the United Nations buffer zone anywhere other than a designated crossing point. Police and UN peacekeeping forces strictly enforce this restriction.</p>\n<p><b>Armed Conflict&nbsp;</b></p>\n<p>Following the onset of hostilities between the United States and Iran on February 28, there were significant disruptions to commercial flights.&nbsp;&nbsp;</p>\n<p>A drone struck a building on the British Sovereign Base Area on Cyprus on March 2, 2026.</p>\n<p>Review our travel guidance for <a href=\""https://travel.state.gov/content/travel/en/international-travel/International-Travel-Country-Information-Pages/Cyprus.html\"">Cyprus</a> to learn how to prepare for a safe trip.&nbsp;&nbsp;<b></b></p>\n<p><b>Risks in specific areas</b></p>\n<p><b>Level 2 &#8211; Exercise Increased Caution</b></p>\n<p><b>Turkish Cypriot Administered Area</b></p>\n<p><b>Exercise Increased Caution </b>in the <b>Turkish Cypriot-Administered Area</b> due to<b> unrest.</b></p>\n<ul>\n<li>The U.S. Embassy in Nicosia has limited ability to help U.S. citizens in this area.</li>\n<li>Human rights reports show that central prison and police detention facilities do not meet international standards.</li>\n</ul>\n<p>Since 1974, the southern part of Cyprus has been under the control of the internationally recognized Government of the Republic of Cyprus. However, the northern part of Cyprus is administered by Turkish Cypriots. It proclaimed itself the &#8220;Turkish Republic of Northern Cyprus&#8221; (&#8220;TRNC&#8221;) in 1983.</p>\n<p>The United States does not recognize the &#8220;TRNC,&#8221; nor does any country other than T&#252;rkiye. A buffer zone, patrolled by the UN Peacekeeping Force in Cyprus, separates the 2 sides.</p>\n<p><b>For U.S. citizen travelers:</b></p>\n<ul>\n<li>Enter and exit the island of Cyprus only&nbsp;at Larnaca and Paphos airports or at the seaports of Limassol, Larnaca, and Paphos. The Republic of Cyprus&nbsp;does not consider&nbsp;entry or exit via Ercan Airport or by a seaport in the north to be legal. U.S. citizens who leave the island from Ercan could face challenges returning to the Republic of Cyprus in the future.</li>\n<li>You&nbsp;cannot receive a residency permit&nbsp;from the Republic of Cyprus to live in the area administered by Turkish Cypriots.</li>\n<li>The Republic of Cyprus&nbsp;does not recognize&nbsp;residence permits issued by Turkish Cypriots. If you arrive to the island at a north seaport or Ercan airport or stay in the Turkish Cypriot-administered area for over 90 days, you may be denied entry into the Republic of Cyprus.</li>\n<li>The U.S. Embassy has limited ability to help U.S. citizens in the area administered by Turkish Cypriots. The Government of the Republic of Cyprus does not control the area. Travelers should consider this when planning their activities.</li>\n</ul>\n<p><b>If you decide to travel to Cyprus:</b>&nbsp;&nbsp;</p>\n<ul>\n<li>Enroll in the <a href=\""https://mytravel.state.gov/s/step\"">Smart Traveler Enrollment Program (STEP)</a> to get important updates and alerts from the U.S. embassy or consulate. Enrolling helps the U.S. embassy or consulate contact you or your emergency contact in an emergency.</li>\n<li>Review the <a href=\""https://www.osac.gov/Country/Cyprus/Detail\"">Country Security Report</a>.</li>\n<li>Follow local laws and guidance from Cypriot authorities during your visit.</li>\n<li>Visit the Centers for Disease Control and Prevention (CDC) website for the latest&nbsp;<a href=\""https://wwwnc.cdc.gov/travel/destinations/traveler/none/kuwait\"">Travel Health Information</a>&nbsp;before you travel.&nbsp;&nbsp;</li>\n<li>Whether you&#8217;re a first time or frequent traveler, use the <a href=\""https://travel.state.gov/en/international-travel/planning/checklist.html\"">International Travel Checklist</a>.</li>\n</ul>\n<ul>\n<li>We highly recommend that you buy insurance before you travel. Check with&nbsp;your&nbsp;<a href=\""https://travel.state.gov/content/travel/en/international-travel/before-you-go/your-health-abroad/Insurance_Coverage_Overseas.html\"">travel insurance provider</a>&nbsp;about evacuation&nbsp;assistance, medical insurance, and trip cancelation coverage. &nbsp;&nbsp;</li>\n</ul>"",""link"":""https://travel.state.gov/content/travel/en/traveladvisories/traveladvisories/cyprus-travel-advisory.html"",""pubDate"":""Mon, 01 Jun 2026""}","2026-06-03 20:13:15.131","2026-06-03 20:13:15.131","2026-06-03 20:13:15.131"
"aeb920d4-8d4d-5994-9566-f6349d5bf0e8","recompete-watch","usaspending","Department of Homeland Security","U.S. Immigration and Customs Enforcement",,,"Award: 70CDCR20C00000001 — MVM, INC.","UNACCOMPANIED ALIEN CHILDREN AND FAMILY UNITS TRANSPORTATION SERVICES","2020-03-31 00:00:00","recompete-window","MVM, INC.","70CDCR20C00000001","$787,784,042.21",,,"90","pursue","https://www.usaspending.gov/award/70CDCR20C00000001","{""internal_id"":291190753,""Award ID"":""70CDCR20C00000001"",""Recipient Name"":""MVM, INC."",""Award Amount"":787784042.21,""Awarding Agency"":""Department of Homeland Security"",""Awarding Sub Agency"":""U.S. Immigration and Customs Enforcement"",""Start Date"":""2020-03-31"",""End Date"":""2024-06-30"",""Description"":""UNACCOMPANIED ALIEN CHILDREN AND FAMILY UNITS TRANSPORTATION SERVICES"",""NAICS Code"":null,""awarding_agency_id"":766,""agency_slug"":""department-of-homeland-security"",""generated_internal_id"":""CONT_AWD_70CDCR20C00000001_7012_-NONE-_-NONE-""}","2026-04-07 08:24:14.226","2026-04-07 08:24:14.226","2026-04-07 08:24:14.226"
"b2d71167-43ab-57d2-beb5-0bfca96216ac","incumbent-tracker","usaspending","Department of Homeland Security","U.S. Immigration and Customs Enforcement",,,"CORECIVIC, INC. — Healthcare","DETENTION SERVICES FOR SAN DIEGO AOR AT OTAY MESA","2024-12-20 00:00:00","expired","CORECIVIC, INC.","70CDCR25FR0000011","$114,347,553.96",,,"85","monitor","https://www.usaspending.gov/award/70CDCR25FR0000011","{""internal_id"":291191373,""Award ID"":""70CDCR25FR0000011"",""Recipient Name"":""CORECIVIC, INC."",""Award Amount"":114347553.96,""Awarding Agency"":""Department of Homeland Security"",""Awarding Sub Agency"":""U.S. Immigration and Customs Enforcement"",""Start Date"":""2024-12-20"",""End Date"":""2025-12-19"",""Description"":""DETENTION SERVICES FOR SAN DIEGO AOR AT OTAY MESA"",""NAICS Code"":null,""NAICS Description"":null,""awarding_agency_id"":766,""agency_slug"":""department-of-homeland-security"",""generated_internal_id"":""CONT_AWD_70CDCR25FR0000011_7012_70CDCR20D00000007_7012""}","2026-06-03 20:13:31.11","2026-06-03 20:13:31.11","2026-06-03 20:13:31.11"
"b79236e6-56d6-5377-6544-017e78defe72","incumbent-tracker","usaspending","Department of Homeland Security","Transportation Security Administration",,,"COVENANT AVIATION SECURITY, LLC — Healthcare","IGF::CL,CT::IGF  TASK ORDER 3 - SFO/SAN FRANCISCO INTERNATIONAL AIRPORT SECURITY SCREENING SERVICES UNDER THE SCREENING PARTNERSHIP PROGRAM (SPP).","2016-07-01 00:00:00","expired","COVENANT AVIATION SECURITY, LLC","HSTS0516JSPP023","$480,058,495.98",,,"85","monitor","https://www.usaspending.gov/award/HSTS0516JSPP023","{""internal_id"":307858343,""Award ID"":""HSTS0516JSPP023"",""Recipient Name"":""COVENANT AVIATION SECURITY, LLC"",""Award Amount"":480058495.98,""Awarding Agency"":""Department of Homeland Security"",""Awarding Sub Agency"":""Transportation Security Administration"",""Start Date"":""2016-07-01"",""End Date"":""2021-06-30"",""Description"":""IGF::CL,CT::IGF  TASK ORDER 3 - SFO/SAN FRANCISCO INTERNATIONAL AIRPORT SECURITY SCREENING SERVICES UNDER THE SCREENING PARTNERSHIP PROGRAM (SPP)."",""NAICS Code"":null,""NAICS Description"":null,""awarding_agency_id"":766,""agency_slug"":""department-of-homeland-security"",""generated_internal_id"":""CONT_AWD_HSTS0516JSPP023_7013_HSTS0516DSPP906_7013""}","2026-06-03 20:13:31.11","2026-06-03 20:13:31.11","2026-06-03 20:13:31.11"
"b8fc1dca-e197-5d4c-80e5-851227d38510","deployment-medical","state_dept","State Department",,,"Cayman Islands","Cayman Islands - Level 1: Exercise Normal Precautions","<p><b><i>There were no changes to the advisory level or risk indicators. Advisory summary was updated.</i></b></p>
<p><b>Exercise normal precautions</b> in the Cayman Islands.</p>
<p><b>Advisory summary</b></p>
<p>The Cayman Islands is generally a safe destination for travelers.</p>
<p>Accessibility of medical services for routine and emergency procedures may be limited.&nbsp; Review the Health Se","2026-05-21 00:00:00","active",,,,,"Travel Advisory","45","monitor","https://travel.state.gov/content/travel/en/traveladvisories/traveladvisories/cayman-islands-travel-advisory.html","{""title"":""Cayman Islands - Level 1: Exercise Normal Precautions"",""description"":""<p><b><i>There were no changes to the advisory level or risk indicators. Advisory summary was updated.</i></b></p>\n<p><b>Exercise normal precautions</b> in the Cayman Islands.</p>\n<p><b>Advisory summary</b></p>\n<p>The Cayman Islands is generally a safe destination for travelers.</p>\n<p>Accessibility of medical services for routine and emergency procedures may be limited.&nbsp; Review the Health Section of the Travel Guidance on this page for more information.</p>\n<p>Review our Travel Guidance for the Cayman Islands to learn how to prepare for a safe trip.</p>\n<p><b>If you decide to travel to the Cayman Islands:</b></p>\n<ul>\n<li>Enroll in the <a href=\""https://mytravel.state.gov/s/step\"" title=\""Smart Traveler Enrollment Program (STEP)\"" adhocenable=\""false\"">Smart Traveler Enrollment Program (STEP)</a> to get important updates and alerts from the U.S. embassy or consulate.&nbsp; Enrolling helps the U.S. embassy or consulate contact you or your emergency contact in an emergency.<b></b></li>\n<li>Review the <a href=\""https://www.osac.gov/Country/CaymanIslands/Detail\"" target=\""_blank\"" title=\""Country Security Report\"" adhocenable=\""false\"">Country Security Report</a> for the Cayman Islands.<b></b></li>\n<li>Visit the Centers for Disease Control and Prevention (CDC) website for the <a href=\""https://wwwnc.cdc.gov/travel/destinations/traveler/none/cayman-islands\"" target=\""_blank\"" title=\""CDC latest Travel Health Information\"" adhocenable=\""false\"">latest Travel Health Information</a> for the Cayman Islands.<b></b></li>\n<li>Whether you&#8217;re a first time or frequent traveler, use the <a href=\""https://travel.state.gov/en/international-travel/planning/checklist.html\"" title=\""International Travel Checklist\"" adhocenable=\""false\"">International Travel Checklist.</a><b></b></li>\n<li>We highly recommend that you buy travel insurance before you travel.&nbsp; Check with your <a href=\""https://travel.state.gov/en/international-travel/planning/guidance/insurance.html\"" title=\""travel Insurance\"" adhocenable=\""false\"">travel insurance provider</a> about evacuation assistance, medical insurance, and trip cancelation coverage.<b></b></li>\n<li>It is illegal to carry firearms or ammunition when arriving, departing, or traveling through the Cayman Islands. People have been arrested, charged with a crime, and fined for having even one bullet, a previously discharged bullet casing, or spent ammunition used in items such as jewelry or keychains in their pockets or luggage at the airport.<b></b></li>\n<li>You must follow <a href=\""https://travel.state.gov/en/international-travel/planning/guidance/laws.html\"" title=\""Local Laws\"" adhocenable=\""false\"">local laws abroad</a>.&nbsp; If you break laws in the Cayman Islands &#8211; even by mistake or unwillingly &#8211; you could face deportation, fines, or imprisonment.</li>\n<li>Accessibility of emergency medical services may be limited in popular tourist locations such as Stingray City (sandbar), West Bay, and other snorkeling areas. This also applies to boat parties, where there is an increased risk of drowning.</li>\n<li>Little Cayman has no hospital. The clinic there is only open during business hours, Monday through Friday, but not on weekends.</li>\n</ul>"",""link"":""https://travel.state.gov/content/travel/en/traveladvisories/traveladvisories/cayman-islands-travel-advisory.html"",""pubDate"":""Thu, 21 May 2026""}","2026-06-03 20:13:15.131","2026-06-03 20:13:15.131","2026-06-03 20:13:15.131"
"bad995b1-37d5-573f-35b8-b048c865d4a0","incumbent-tracker","usaspending","Department of Homeland Security","U.S. Immigration and Customs Enforcement",,,"MVM, INC. — Healthcare","UNACCOMPANIED ALIEN CHILDREN AND FAMILY UNITS TRANSPORTATION SERVICES","2020-03-31 00:00:00","expired","MVM, INC.","70CDCR20C00000001","$787,784,042.21",,,"85","monitor","https://www.usaspending.gov/award/70CDCR20C00000001","{""internal_id"":291190753,""Award ID"":""70CDCR20C00000001"",""Recipient Name"":""MVM, INC."",""Award Amount"":787784042.21,""Awarding Agency"":""Department of Homeland Security"",""Awarding Sub Agency"":""U.S. Immigration and Customs Enforcement"",""Start Date"":""2020-03-31"",""End Date"":""2024-06-30"",""Description"":""UNACCOMPANIED ALIEN CHILDREN AND FAMILY UNITS TRANSPORTATION SERVICES"",""NAICS Code"":null,""NAICS Description"":null,""awarding_agency_id"":766,""agency_slug"":""department-of-homeland-security"",""generated_internal_id"":""CONT_AWD_70CDCR20C00000001_7012_-NONE-_-NONE-""}","2026-06-03 20:13:31.11","2026-06-03 20:13:31.11","2026-06-03 20:13:31.11"
"bb1140f0-ce3a-57b9-93c2-d64e356dc0c1","forecast","sam_gov","DEPT OF DEFENSE","DEPT OF THE ARMY","CONCORD",,"Entrance Bridge Abutment Concrete Repairs, Otter Brook Lake, Keene, NH","https://api.sam.gov/prod/opportunities/v1/noticedesc?noticeid=bb46c0beee47445aa42122d291da6472","2026-05-29 00:00:00","active",,"W912WJ26QA110A",,,,"20","wait","https://sam.gov/workspace/contract/opp/bb46c0beee47445aa42122d291da6472/view","{""noticeId"":""bb46c0beee47445aa42122d291da6472"",""title"":""Entrance Bridge Abutment Concrete Repairs, Otter Brook Lake, Keene, NH"",""solicitationNumber"":""W912WJ26QA110A"",""fullParentPathName"":""DEPT OF DEFENSE.DEPT OF THE ARMY.US ARMY CORPS OF ENGINEERS.ENGINEER DIVISION NORTH ATLANTIC.ENDIST NEW ENGLAND.W2SD ENDIST NEW ENGLAND"",""fullParentPathCode"":""021.2100.USACE.NAD.NAE.W912WJ"",""postedDate"":""2026-05-29"",""type"":""Presolicitation"",""baseType"":""Presolicitation"",""archiveType"":""autocustom"",""archiveDate"":""2026-06-26"",""typeOfSetAsideDescription"":""Service-Disabled Veteran-Owned Small Business Set Aside"",""typeOfSetAside"":""SDVOSBC"",""responseDeadLine"":null,""naicsCode"":""237310"",""naicsCodes"":[""237310""],""classificationCode"":""Y1QA"",""active"":""Yes"",""award"":null,""pointOfContact"":[{""fax"":"""",""type"":""primary"",""email"":""alicia.n.lacrosse@usace.army.mil"",""phone"":""9783188902"",""title"":null,""fullName"":""Alicia LaCrosse""}],""description"":""https://api.sam.gov/prod/opportunities/v1/noticedesc?noticeid=bb46c0beee47445aa42122d291da6472"",""organizationType"":""OFFICE"",""officeAddress"":{""zipcode"":""01742-2751"",""city"":""CONCORD"",""countryCode"":""USA"",""state"":""MA""},""placeOfPerformance"":{""city"":{""code"":""39300"",""name"":""Keene""},""state"":{""code"":""NH"",""name"":""New Hampshire""},""country"":{""code"":""USA"",""name"":""UNITED STATES""}},""additionalInfoLink"":null,""uiLink"":""https://sam.gov/workspace/contract/opp/bb46c0beee47445aa42122d291da6472/view"",""links"":[{""rel"":""self"",""href"":""https://api.sam.gov/prod/opportunities/v2/search?noticeid=bb46c0beee47445aa42122d291da6472&limit=1""}],""resourceLinks"":null}","2026-05-31 23:07:00.265","2026-05-31 23:07:00.265","2026-05-31 23:07:00.265"
"bc92dbe8-3550-5d9c-4c76-07f1603729ab","forecast","sam_gov","DEPT OF DEFENSE","DEPT OF THE NAVY","PHILADELPHIA",,"49--ADAPTER,TEST","https://api.sam.gov/prod/opportunities/v1/noticedesc?noticeid=d4a1def7f0384ed2aafb5033e1c90a28","2026-05-29 00:00:00","active",,"N0038326QQA79",,,,"20","wait","https://sam.gov/workspace/contract/opp/d4a1def7f0384ed2aafb5033e1c90a28/view","{""noticeId"":""d4a1def7f0384ed2aafb5033e1c90a28"",""title"":""49--ADAPTER,TEST"",""solicitationNumber"":""N0038326QQA79"",""fullParentPathName"":""DEPT OF DEFENSE.DEPT OF THE NAVY.NAVSUP.NAVSUP WEAPON SYSTEMS SUPPORT.NAVSUP WSS PHILADELPHIA.NAVSUP WEAPON SYSTEMS SUPPORT"",""fullParentPathCode"":""017.1700.NAVSUP.NAVSUP WSS.NAVSUP WSS PHIL.N00383"",""postedDate"":""2026-05-29"",""type"":""Presolicitation"",""baseType"":""Presolicitation"",""archiveType"":""autocustom"",""archiveDate"":""2026-07-14"",""typeOfSetAsideDescription"":null,""typeOfSetAside"":"""",""responseDeadLine"":""2026-06-29T00:00:00-04:00"",""naicsCode"":null,""naicsCodes"":[],""classificationCode"":""4920"",""active"":""Yes"",""award"":null,""pointOfContact"":[{""fax"":null,""type"":""primary"",""email"":""DEJA.S.THOMPSON-MITCHELL.CIV@US.NAVY.MIL"",""phone"":null,""title"":null,""fullName"":""DEJA S. THOMPSON-MITCHELL, N793.13, PHONE (215)697-0000, EMAIL DEJA.S.THOMPSON-MITCHELL.CIV@US.NAVY.MIL""}],""description"":""https://api.sam.gov/prod/opportunities/v1/noticedesc?noticeid=d4a1def7f0384ed2aafb5033e1c90a28"",""organizationType"":""OFFICE"",""officeAddress"":{""zipcode"":""19111-5098"",""city"":""PHILADELPHIA"",""countryCode"":""USA"",""state"":""PA""},""placeOfPerformance"":null,""additionalInfoLink"":null,""uiLink"":""https://sam.gov/workspace/contract/opp/d4a1def7f0384ed2aafb5033e1c90a28/view"",""links"":[{""rel"":""self"",""href"":""https://api.sam.gov/prod/opportunities/v2/search?noticeid=d4a1def7f0384ed2aafb5033e1c90a28&limit=1""}],""resourceLinks"":null}","2026-05-31 23:07:00.265","2026-05-31 23:07:00.265","2026-05-31 23:07:00.265"
"bc9a29b1-0477-52e2-b240-28dc22bc967a","forecast","sam_gov","DEPT OF DEFENSE","DEFENSE LOGISTICS AGENCY","MECHANICSBURG",,"39--TRUCK,LIFT,HAND","https://api.sam.gov/prod/opportunities/v1/noticedesc?noticeid=d11a2e6172504233bf871559dbb28510","2026-05-29 00:00:00","active",,"SPRMM126RRA20",,,,"20","wait","https://sam.gov/workspace/contract/opp/d11a2e6172504233bf871559dbb28510/view","{""noticeId"":""d11a2e6172504233bf871559dbb28510"",""title"":""39--TRUCK,LIFT,HAND"",""solicitationNumber"":""SPRMM126RRA20"",""fullParentPathName"":""DEPT OF DEFENSE.DEFENSE LOGISTICS AGENCY.DLA MARITIME.DLA MARITIME MECHANICSBURG.SPRMM1 DLA MECHANICSBURG"",""fullParentPathCode"":""097.97AS.DLA MARITIME.DLA MARITIME MECH.SPRMM1"",""postedDate"":""2026-05-29"",""type"":""Presolicitation"",""baseType"":""Presolicitation"",""archiveType"":""autocustom"",""archiveDate"":""2026-07-28"",""typeOfSetAsideDescription"":""Total Small Business Set-Aside (FAR 19.5)"",""typeOfSetAside"":""SBA"",""responseDeadLine"":""2026-07-13T00:00:00-04:00"",""naicsCode"":null,""naicsCodes"":[],""classificationCode"":""3920"",""active"":""Yes"",""award"":null,""pointOfContact"":[{""fax"":null,""type"":""primary"",""email"":""MATTHEW.FORSYTHE@DLA.MIL"",""phone"":null,""title"":null,""fullName"":""MATTHEW W. FORSYTHE, ZIL5, PHONE (445)737-6530, EMAIL MATTHEW.FORSYTHE@DLA.MIL""}],""description"":""https://api.sam.gov/prod/opportunities/v1/noticedesc?noticeid=d11a2e6172504233bf871559dbb28510"",""organizationType"":""OFFICE"",""officeAddress"":{""zipcode"":""17055-0788"",""city"":""MECHANICSBURG"",""countryCode"":""USA"",""state"":""PA""},""placeOfPerformance"":null,""additionalInfoLink"":null,""uiLink"":""https://sam.gov/workspace/contract/opp/d11a2e6172504233bf871559dbb28510/view"",""links"":[{""rel"":""self"",""href"":""https://api.sam.gov/prod/opportunities/v2/search?noticeid=d11a2e6172504233bf871559dbb28510&limit=1""}],""resourceLinks"":null}","2026-05-31 23:07:00.265","2026-05-31 23:07:00.265","2026-05-31 23:07:00.265"
"bccd7c77-cd57-5cf2-6dc5-5df0a918f54e","recompete-watch","usaspending","Department of Veterans Affairs","Department of Veterans Affairs",,,"Award: 36C10X26N0041 — LOYAL SOURCE GOVERNMENT SERVICES LLC","MEDICAL DISABILITY EXAMINATIONS - TO FY26 FUNDING","2026-01-01 00:00:00","recompete-window","LOYAL SOURCE GOVERNMENT SERVICES LLC","36C10X26N0041","$392,676,748.18",,,"65","pursue","https://www.usaspending.gov/award/36C10X26N0041","{""internal_id"":353911693,""Award ID"":""36C10X26N0041"",""Recipient Name"":""LOYAL SOURCE GOVERNMENT SERVICES LLC"",""Award Amount"":392676748.18,""Awarding Agency"":""Department of Veterans Affairs"",""Awarding Sub Agency"":""Department of Veterans Affairs"",""Start Date"":""2026-01-01"",""End Date"":""2026-12-31"",""Description"":""MEDICAL DISABILITY EXAMINATIONS - TO FY26 FUNDING"",""NAICS Code"":null,""awarding_agency_id"":561,""agency_slug"":""department-of-veterans-affairs"",""generated_internal_id"":""CONT_AWD_36C10X26N0041_3600_36C10X25D0001_3600""}","2026-04-07 08:24:14.226","2026-04-07 08:24:14.226","2026-04-07 08:24:14.226"
"bf9ddf9c-8d77-57d0-d2c5-9472f5c37f26","forecast","sam_gov","VETERANS AFFAIRS, DEPARTMENT OF","VETERANS AFFAIRS, DEPARTMENT OF","HAMPTON",,"F103--Ground Water Monitoring and Testing","https://api.sam.gov/prod/opportunities/v1/noticedesc?noticeid=aad4c3ee285949fa970131e681895700","2026-05-29 00:00:00","active",,"36C24626Q0617",,,,"20","wait","https://sam.gov/workspace/contract/opp/aad4c3ee285949fa970131e681895700/view","{""noticeId"":""aad4c3ee285949fa970131e681895700"",""title"":""F103--Ground Water Monitoring and Testing"",""solicitationNumber"":""36C24626Q0617"",""fullParentPathName"":""VETERANS AFFAIRS, DEPARTMENT OF.VETERANS AFFAIRS, DEPARTMENT OF.246-NETWORK CONTRACTING OFFICE 6 (36C246)"",""fullParentPathCode"":""036.3600.36C246"",""postedDate"":""2026-05-29"",""type"":""Presolicitation"",""baseType"":""Presolicitation"",""archiveType"":""autocustom"",""archiveDate"":""2026-09-12"",""typeOfSetAsideDescription"":""Service-Disabled Veteran-Owned Small Business Set Aside"",""typeOfSetAside"":""SDVOSBC"",""responseDeadLine"":""2026-06-05T10:00:00-04:00"",""naicsCode"":""541330"",""naicsCodes"":[""541330""],""classificationCode"":""F103"",""active"":""Yes"",""award"":{""awardee"":{}},""pointOfContact"":[{""fax"":"""",""type"":""primary"",""email"":""kristine.woodbury@va.gov"",""phone"":""757-728-3449"",""title"":""Contract Specialist"",""fullName"":""Kristine Woodbury""}],""description"":""https://api.sam.gov/prod/opportunities/v1/noticedesc?noticeid=aad4c3ee285949fa970131e681895700"",""organizationType"":""OFFICE"",""officeAddress"":{""zipcode"":""23667"",""city"":""HAMPTON"",""countryCode"":""USA"",""state"":""VA""},""placeOfPerformance"":{""streetAddress"":""Salem VAMC 1970 Roanoke Blvd"",""streetAddress2"":"""",""city"":{""name"":""Salem""},""state"":{""name"":""VA""},""zip"":""24153"",""country"":{""name"":""""}},""additionalInfoLink"":null,""uiLink"":""https://sam.gov/workspace/contract/opp/aad4c3ee285949fa970131e681895700/view"",""links"":[{""rel"":""self"",""href"":""https://api.sam.gov/prod/opportunities/v2/search?noticeid=aad4c3ee285949fa970131e681895700&limit=1""}],""resourceLinks"":[""https://sam.gov/api/prod/opps/v3/opportunities/resources/files/6f4d19c86de748469078437fa5d95db9/download""]}","2026-05-31 23:07:00.265","2026-05-31 23:07:00.265","2026-05-31 23:07:00.265"
"c37a6c4c-5978-5b79-090f-dad5c276d41f","recompete-watch","usaspending","Department of Veterans Affairs","Department of Veterans Affairs",,,"Award: 36C10X26N0043 — OPTUMSERVE HEALTH SERVICES, INC.","FY26 FUNDING MEDICAL DISABILITY EXAMINATIONS","2026-01-01 00:00:00","recompete-window","OPTUMSERVE HEALTH SERVICES, INC.","36C10X26N0043","$362,240,798.52",,,"65","pursue","https://www.usaspending.gov/award/36C10X26N0043","{""internal_id"":353976798,""Award ID"":""36C10X26N0043"",""Recipient Name"":""OPTUMSERVE HEALTH SERVICES, INC."",""Award Amount"":362240798.52,""Awarding Agency"":""Department of Veterans Affairs"",""Awarding Sub Agency"":""Department of Veterans Affairs"",""Start Date"":""2026-01-01"",""End Date"":""2026-12-31"",""Description"":""FY26 FUNDING MEDICAL DISABILITY EXAMINATIONS"",""NAICS Code"":null,""awarding_agency_id"":561,""agency_slug"":""department-of-veterans-affairs"",""generated_internal_id"":""CONT_AWD_36C10X26N0043_3600_36C10X25D0002_3600""}","2026-04-07 08:24:14.226","2026-04-07 08:24:14.226","2026-04-07 08:24:14.226"
"c39ed959-7aa7-5e4c-1065-54f8bd23c90c","forecast","sam_gov","VETERANS AFFAIRS, DEPARTMENT OF","VETERANS AFFAIRS, DEPARTMENT OF","Saint Paul",,"Z1DA--36C26326B0017, Install Sediment Filter System, Iowa City VA  Health Care System (ICVAHCS), PN: 636A8-26-001","https://api.sam.gov/prod/opportunities/v1/noticedesc?noticeid=d98edcbb5db94681b836cfc3d097b5a8","2026-05-29 00:00:00","active",,"36C26326B0017",,,,"20","wait","https://sam.gov/workspace/contract/opp/d98edcbb5db94681b836cfc3d097b5a8/view","{""noticeId"":""d98edcbb5db94681b836cfc3d097b5a8"",""title"":""Z1DA--36C26326B0017, Install Sediment Filter System, Iowa City VA  Health Care System (ICVAHCS), PN: 636A8-26-001"",""solicitationNumber"":""36C26326B0017"",""fullParentPathName"":""VETERANS AFFAIRS, DEPARTMENT OF.VETERANS AFFAIRS, DEPARTMENT OF.NETWORK CONTRACT OFFICE 23 (36C263)"",""fullParentPathCode"":""036.3600.36C263"",""postedDate"":""2026-05-29"",""type"":""Presolicitation"",""baseType"":""Presolicitation"",""archiveType"":""autocustom"",""archiveDate"":""2026-08-07"",""typeOfSetAsideDescription"":""Service-Disabled Veteran-Owned Small Business Set Aside"",""typeOfSetAside"":""SDVOSBC"",""responseDeadLine"":""2026-07-08T10:00:00-05:00"",""naicsCode"":""238220"",""naicsCodes"":[""238220""],""classificationCode"":""Z1DA"",""active"":""Yes"",""award"":{""awardee"":{}},""pointOfContact"":[{""fax"":"""",""type"":""primary"",""email"":""john.breyer@va.gov"",""phone"":""john.breyer@va.gov"",""title"":""Contract Specialist"",""fullName"":""John Breyer""}],""description"":""https://api.sam.gov/prod/opportunities/v1/noticedesc?noticeid=d98edcbb5db94681b836cfc3d097b5a8"",""organizationType"":""OFFICE"",""officeAddress"":{""zipcode"":""55101"",""city"":""Saint Paul"",""countryCode"":""USA"",""state"":""MN""},""placeOfPerformance"":{""streetAddress"":""Iowa City VA Health Care System (ICVAHCS) 601 Highway 6 West"",""streetAddress2"":"""",""city"":{""code"":""38595"",""name"":""Iowa City""},""state"":{""code"":""IA"",""name"":""Iowa""},""zip"":""52246-2208"",""country"":{""code"":""USA"",""name"":""UNITED STATES""}},""additionalInfoLink"":null,""uiLink"":""https://sam.gov/workspace/contract/opp/d98edcbb5db94681b836cfc3d097b5a8/view"",""links"":[{""rel"":""self"",""href"":""https://api.sam.gov/prod/opportunities/v2/search?noticeid=d98edcbb5db94681b836cfc3d097b5a8&limit=1""}],""resourceLinks"":[""https://sam.gov/api/prod/opps/v3/opportunities/resources/files/e00d2bb459224fb8a49c3e14979b25de/download""]}","2026-05-31 23:07:00.265","2026-05-31 23:07:00.265","2026-05-31 23:07:00.265"
"c88154f0-6ed9-5e13-c5b0-1cd12227afcb","incumbent-tracker","usaspending","Department of State","Department of State",,,"TRIPLE CANOPY INC — Healthcare","OVERSEAS CONTRACT","2018-01-10 00:00:00","expired","TRIPLE CANOPY INC","SAQMMA17F4124","$272,431,880.46",,,"85","monitor","https://www.usaspending.gov/award/SAQMMA17F4124","{""internal_id"":312061864,""Award ID"":""SAQMMA17F4124"",""Recipient Name"":""TRIPLE CANOPY INC"",""Award Amount"":272431880.46,""Awarding Agency"":""Department of State"",""Awarding Sub Agency"":""Department of State"",""Start Date"":""2018-01-10"",""End Date"":""2023-07-09"",""Description"":""OVERSEAS CONTRACT"",""NAICS Code"":null,""NAICS Description"":null,""awarding_agency_id"":315,""agency_slug"":""department-of-state"",""generated_internal_id"":""CONT_AWD_SAQMMA17F4124_1900_SAQMMA16D0048_1900""}","2026-06-03 20:13:31.11","2026-06-03 20:13:31.11","2026-06-03 20:13:31.11"
"c8f9a3d5-0918-5ece-72ef-5a438f269cfe","recompete-watch","usaspending","Department of Homeland Security","Transportation Security Administration",,,"Award: HSTS0516JSPP023 — COVENANT AVIATION SECURITY, LLC","IGF::CL,CT::IGF  TASK ORDER 3 - SFO/SAN FRANCISCO INTERNATIONAL AIRPORT SECURITY SCREENING SERVICES UNDER THE SCREENING PARTNERSHIP PROGRAM (SPP).","2016-07-01 00:00:00","recompete-window","COVENANT AVIATION SECURITY, LLC","HSTS0516JSPP023","$480,058,495.98",,,"90","pursue","https://www.usaspending.gov/award/HSTS0516JSPP023","{""internal_id"":307858343,""Award ID"":""HSTS0516JSPP023"",""Recipient Name"":""COVENANT AVIATION SECURITY, LLC"",""Award Amount"":480058495.98,""Awarding Agency"":""Department of Homeland Security"",""Awarding Sub Agency"":""Transportation Security Administration"",""Start Date"":""2016-07-01"",""End Date"":""2021-06-30"",""Description"":""IGF::CL,CT::IGF  TASK ORDER 3 - SFO/SAN FRANCISCO INTERNATIONAL AIRPORT SECURITY SCREENING SERVICES UNDER THE SCREENING PARTNERSHIP PROGRAM (SPP)."",""NAICS Code"":null,""awarding_agency_id"":766,""agency_slug"":""department-of-homeland-security"",""generated_internal_id"":""CONT_AWD_HSTS0516JSPP023_7013_HSTS0516DSPP906_7013""}","2026-04-07 08:24:14.226","2026-04-07 08:24:14.226","2026-04-07 08:24:14.226"
"ca9cb27d-e83b-5e95-8267-8f9cad60629f","recompete-watch","usaspending","Department of State","Department of State",,,"Award: SAQMMA17F1151 — SOC LLC","STATIC GUARD SERVICES - BAGHDAD EMBASSY COMPLEX - WORLDWIDE PROTECTIVE SERVICES - BUREAU OF DIPLOMATIC SERVICES - US DEPARTMENT OF STATE IGF::OT::IGF","2017-08-21 00:00:00","recompete-window","SOC LLC","SAQMMA17F1151","$708,316,583.19",,,"90","pursue","https://www.usaspending.gov/award/SAQMMA17F1151","{""internal_id"":312059418,""Award ID"":""SAQMMA17F1151"",""Recipient Name"":""SOC LLC"",""Award Amount"":708316583.19,""Awarding Agency"":""Department of State"",""Awarding Sub Agency"":""Department of State"",""Start Date"":""2017-08-21"",""End Date"":""2023-07-16"",""Description"":""STATIC GUARD SERVICES - BAGHDAD EMBASSY COMPLEX - WORLDWIDE PROTECTIVE SERVICES - BUREAU OF DIPLOMATIC SERVICES - US DEPARTMENT OF STATE IGF::OT::IGF"",""NAICS Code"":null,""awarding_agency_id"":315,""agency_slug"":""department-of-state"",""generated_internal_id"":""CONT_AWD_SAQMMA17F1151_1900_SAQMMA16D0046_1900""}","2026-04-07 08:24:14.226","2026-04-07 08:24:14.226","2026-04-07 08:24:14.226"
"cab56187-a7f3-52a4-982f-2ca6ce2bc8bc","incumbent-tracker","usaspending","Department of State","Department of State",,,"INTER-CON SECURITY SYSTEMS, INC. — Healthcare","GUARD SERVICES FOR DOS PHYSICAL FACILITIES CONUS AND OCONUS.","2021-11-01 00:00:00","active","INTER-CON SECURITY SYSTEMS, INC.","19AQMM21C0066","$632,052,937.6",,,"85","monitor","https://www.usaspending.gov/award/19AQMM21C0066","{""internal_id"":278732697,""Award ID"":""19AQMM21C0066"",""Recipient Name"":""INTER-CON SECURITY SYSTEMS, INC."",""Award Amount"":632052937.6,""Awarding Agency"":""Department of State"",""Awarding Sub Agency"":""Department of State"",""Start Date"":""2021-11-01"",""End Date"":""2026-10-31"",""Description"":""GUARD SERVICES FOR DOS PHYSICAL FACILITIES CONUS AND OCONUS."",""NAICS Code"":null,""NAICS Description"":null,""awarding_agency_id"":315,""agency_slug"":""department-of-state"",""generated_internal_id"":""CONT_AWD_19AQMM21C0066_1900_-NONE-_-NONE-""}","2026-06-03 20:13:31.11","2026-06-03 20:13:31.11","2026-06-03 20:13:31.11"
"cbe612a1-e501-58ba-4ee0-fc7bed520409","deployment-medical","state_dept","State Department",,,"Marshall Islands","Marshall Islands - Level 1: Exercise Normal Precautions","<p><b><i>There were no changes to the advisory level or risk indicators. Advisory summary was updated.</i></b></p>
<p><b>Exercise normal precautions</b> in the Marshall Islands.</p>
<p><b>Advisory summary</b></p>
<p>The Marshall Islands are generally a safe destination for travelers.</p>
<p>Review our Travel Guidance for the Marshall Islands to learn how to prepare for a safe trip.&nbsp;</p>
<p><b","2026-05-21 00:00:00","active",,,,,"Travel Advisory","45","monitor","https://travel.state.gov/content/travel/en/traveladvisories/traveladvisories/marshall-islands-travel-advisory.html","{""title"":""Marshall Islands - Level 1: Exercise Normal Precautions"",""description"":""<p><b><i>There were no changes to the advisory level or risk indicators. Advisory summary was updated.</i></b></p>\n<p><b>Exercise normal precautions</b> in the Marshall Islands.</p>\n<p><b>Advisory summary</b></p>\n<p>The Marshall Islands are generally a safe destination for travelers.</p>\n<p>Review our Travel Guidance for the Marshall Islands to learn how to prepare for a safe trip.&nbsp;</p>\n<p><b>If you decide to travel to the Marshall Islands:</b></p>\n<ul>\n<li>Enroll in the&#8239;<a href=\""https://mytravel.state.gov/s/step\"" title=\""Smart Traveler Enrollment Program (STEP)\"" adhocenable=\""false\"">Smart Traveler Enrollment Program (STEP)</a>&#8239;to get important updates and alerts from the U.S. embassy. Enrolling helps the U.S. embassy contact you make it easier to locate you in an emergency.&nbsp;</li>\n<li>Review the&#8239;<a href=\""https://www.osac.gov/Content/Report/2834dfbe-154a-46ed-a0be-1cbd178e8f17\"" target=\""_blank\"" title=\""Country Security Report\"" adhocenable=\""false\"">Country Security Report</a>&#8239;for the Marshall Islands.&#8239;</li>\n<li>Visit the Centers for Disease Control and Prevention (CDC) website for the <a href=\""https://wwwnc.cdc.gov/travel/destinations/traveler/none/marshall-islands\"" target=\""_blank\"" title=\""CDC latest&#8239;Travel Health Information\"" adhocenable=\""false\"">latest&#8239;Travel Health Information</a>&#8239;for the Marshall Islands.</li>\n<li>Whether you&#8217;re a first time or frequent traveler, use the <a href=\""https://travel.state.gov/en/international-travel/planning/checklist.html\"" title=\""International Travel Checklist\"" adhocenable=\""false\"">International Travel Checklist</a>.</li>\n<li>We highly recommend that you buy travel insurance&#8239;before you travel. Check with your <a href=\""https://travel.state.gov/en/international-travel/planning/guidance/insurance.html\"" title=\""Travel Insurance\"" adhocenable=\""false\"">travel insurance provider</a> about evacuation assistance, medical insurance, and trip cancellation coverage.</li>\n</ul>"",""link"":""https://travel.state.gov/content/travel/en/traveladvisories/traveladvisories/marshall-islands-travel-advisory.html"",""pubDate"":""Thu, 21 May 2026""}","2026-06-03 20:13:15.131","2026-06-03 20:13:15.131","2026-06-03 20:13:15.131"
"cf17d0ea-4a65-59ac-c17c-623ea4780249","forecast","sam_gov","HEALTH AND HUMAN SERVICES, DEPARTMENT OF","NATIONAL INSTITUTES OF HEALTH","BETHESDA",,"Biohazardous Waste Disposal Service","https://api.sam.gov/prod/opportunities/v1/noticedesc?noticeid=dadb6361859a4fed89088a59487419eb","2026-05-31 00:00:00","active",,"75N98026Q00486",,,,"20","wait","https://sam.gov/workspace/contract/opp/dadb6361859a4fed89088a59487419eb/view","{""noticeId"":""dadb6361859a4fed89088a59487419eb"",""title"":""Biohazardous Waste Disposal Service"",""solicitationNumber"":""75N98026Q00486"",""fullParentPathName"":""HEALTH AND HUMAN SERVICES, DEPARTMENT OF.NATIONAL INSTITUTES OF HEALTH.NATIONAL INSTITUTES OF HEALTH OLAO"",""fullParentPathCode"":""075.7529.75N980"",""postedDate"":""2026-05-31"",""type"":""Presolicitation"",""baseType"":""Presolicitation"",""archiveType"":""autocustom"",""archiveDate"":""2026-06-10"",""typeOfSetAsideDescription"":""Total Small Business Set-Aside (FAR 19.5)"",""typeOfSetAside"":""SBA"",""responseDeadLine"":""2026-06-09T23:00:00-04:00"",""naicsCode"":""562112"",""naicsCodes"":[""562112""],""classificationCode"":""R499"",""active"":""Yes"",""award"":null,""pointOfContact"":[{""fax"":"""",""type"":""primary"",""email"":""david.shen@nih.gov"",""phone"":"""",""title"":null,""fullName"":""David Shen""}],""description"":""https://api.sam.gov/prod/opportunities/v1/noticedesc?noticeid=dadb6361859a4fed89088a59487419eb"",""organizationType"":""OFFICE"",""officeAddress"":{""zipcode"":""20892"",""city"":""BETHESDA"",""countryCode"":""USA"",""state"":""MD""},""placeOfPerformance"":{""city"":{""code"":""55000"",""name"":""Phoenix""},""state"":{""code"":""AZ"",""name"":""Arizona""},""zip"":""85004"",""country"":{""code"":""USA"",""name"":""UNITED STATES""}},""additionalInfoLink"":null,""uiLink"":""https://sam.gov/workspace/contract/opp/dadb6361859a4fed89088a59487419eb/view"",""links"":[{""rel"":""self"",""href"":""https://api.sam.gov/prod/opportunities/v2/search?noticeid=dadb6361859a4fed89088a59487419eb&limit=1""}],""resourceLinks"":[""https://sam.gov/api/prod/opps/v3/opportunities/resources/files/1265d5e88d6c48188ae4ab988cd0f59e/download""]}","2026-05-31 23:07:00.265","2026-05-31 23:07:00.265","2026-05-31 23:07:00.265"
"cf25d0ae-ac45-5ebb-45c9-6752933d1876","forecast","sam_gov","DEPT OF DEFENSE","DEFENSE LOGISTICS AGENCY","COLUMBUS",,"Synopsis, CM26037005, 1 NSN (Tie Rod End)","https://api.sam.gov/prod/opportunities/v1/noticedesc?noticeid=a4af51df457943ec814c3031a91f9b5a","2026-05-29 00:00:00","active",,"SPE7MX26RX026",,,,"20","wait","https://sam.gov/workspace/contract/opp/a4af51df457943ec814c3031a91f9b5a/view","{""noticeId"":""a4af51df457943ec814c3031a91f9b5a"",""title"":""Synopsis, CM26037005, 1 NSN (Tie Rod End)"",""solicitationNumber"":""SPE7MX26RX026"",""fullParentPathName"":""DEPT OF DEFENSE.DEFENSE LOGISTICS AGENCY.DLA MARITIME.DLA MARITIME COLUMBUS.DLA LAND AND MARITIME"",""fullParentPathCode"":""097.97AS.DLA MARITIME.DLA MARITIME COLUMBS.SPE7MX"",""postedDate"":""2026-05-29"",""type"":""Presolicitation"",""baseType"":""Presolicitation"",""archiveType"":""auto15"",""archiveDate"":""2026-07-21"",""typeOfSetAsideDescription"":""No Set aside used"",""typeOfSetAside"":""NONE"",""responseDeadLine"":""2026-07-06T17:00:00-04:00"",""naicsCode"":""336330"",""naicsCodes"":[""336330""],""classificationCode"":""2530"",""active"":""Yes"",""award"":null,""pointOfContact"":[{""fax"":"""",""type"":""primary"",""email"":""SARAH.SCHAFF@DLA.MIL"",""phone"":""3802457698"",""title"":null,""fullName"":""SARAH SCHAFF""}],""description"":""https://api.sam.gov/prod/opportunities/v1/noticedesc?noticeid=a4af51df457943ec814c3031a91f9b5a"",""organizationType"":""OFFICE"",""officeAddress"":{""zipcode"":""43218-3990"",""city"":""COLUMBUS"",""countryCode"":""USA"",""state"":""OH""},""placeOfPerformance"":null,""additionalInfoLink"":null,""uiLink"":""https://sam.gov/workspace/contract/opp/a4af51df457943ec814c3031a91f9b5a/view"",""links"":[{""rel"":""self"",""href"":""https://api.sam.gov/prod/opportunities/v2/search?noticeid=a4af51df457943ec814c3031a91f9b5a&limit=1""}],""resourceLinks"":[""https://sam.gov/api/prod/opps/v3/opportunities/resources/files/d94d6e43135a4b03925eb9e417651b6b/download""]}","2026-05-31 23:07:00.265","2026-05-31 23:07:00.265","2026-05-31 23:07:00.265"
"d0c74b9f-e159-56f7-9257-b0d88489b876","recompete-watch","usaspending","Department of State","Department of State",,,"Award: 19AQMM22F3446 — GARDAWORLD FEDERAL SERVICES LLC","REVISE AWARD TASK ORDER NUMBER FROM 19AQMM22F1759 TO 19AQMM22F3446 AND CORRECT COMPANY DBA NAME.  WORLDWIDE  PROTECTIVE SERVICES III. TASK ORDER - 05 BAGHDAD EMBASSY SECURITY FORCE BUREAU OF DIPLOMATIC SECURITY U.S. DEPARTMENT OF STATE AWARD","2022-10-17 00:00:00","recompete-window","GARDAWORLD FEDERAL SERVICES LLC","19AQMM22F3446","$387,307,850.64",,,"90","pursue","https://www.usaspending.gov/award/19AQMM22F3446","{""internal_id"":278741954,""Award ID"":""19AQMM22F3446"",""Recipient Name"":""GARDAWORLD FEDERAL SERVICES LLC"",""Award Amount"":387307850.64,""Awarding Agency"":""Department of State"",""Awarding Sub Agency"":""Department of State"",""Start Date"":""2022-10-17"",""End Date"":""2026-10-16"",""Description"":""REVISE AWARD TASK ORDER NUMBER FROM 19AQMM22F1759 TO 19AQMM22F3446 AND CORRECT COMPANY DBA NAME.  WORLDWIDE  PROTECTIVE SERVICES III. TASK ORDER - 05 BAGHDAD EMBASSY SECURITY FORCE BUREAU OF DIPLOMATIC SECURITY U.S. DEPARTMENT OF STATE AWARD"",""NAICS Code"":null,""awarding_agency_id"":315,""agency_slug"":""department-of-state"",""generated_internal_id"":""CONT_AWD_19AQMM22F3446_1900_19AQMM21D0008_1900""}","2026-04-07 08:24:14.226","2026-04-07 08:24:14.226","2026-04-07 08:24:14.226"
"d3675ee9-bae2-5bf9-bdf7-a29471e1c61e","forecast","sam_gov","DEPT OF DEFENSE","DEPT OF THE ARMY","CONCORD",,"Control Tower Chamber Equipment Painting, Colebrook River Lake, Colebrook, CT","https://api.sam.gov/prod/opportunities/v1/noticedesc?noticeid=fa3fab822e9847ae9f13c4d9d25273b7","2026-05-29 00:00:00","active",,"W912WJ26QA120",,,,"20","wait","https://sam.gov/workspace/contract/opp/fa3fab822e9847ae9f13c4d9d25273b7/view","{""noticeId"":""fa3fab822e9847ae9f13c4d9d25273b7"",""title"":""Control Tower Chamber Equipment Painting, Colebrook River Lake, Colebrook, CT"",""solicitationNumber"":""W912WJ26QA120"",""fullParentPathName"":""DEPT OF DEFENSE.DEPT OF THE ARMY.US ARMY CORPS OF ENGINEERS.ENGINEER DIVISION NORTH ATLANTIC.ENDIST NEW ENGLAND.W2SD ENDIST NEW ENGLAND"",""fullParentPathCode"":""021.2100.USACE.NAD.NAE.W912WJ"",""postedDate"":""2026-05-29"",""type"":""Presolicitation"",""baseType"":""Presolicitation"",""archiveType"":""autocustom"",""archiveDate"":""2026-06-20"",""typeOfSetAsideDescription"":""Total Small Business Set-Aside (FAR 19.5)"",""typeOfSetAside"":""SBA"",""responseDeadLine"":null,""naicsCode"":""238320"",""naicsCodes"":[""238320""],""classificationCode"":""Y1QA"",""active"":""Yes"",""award"":null,""pointOfContact"":[{""fax"":"""",""type"":""primary"",""email"":""jennifer.m.samela@usace.army.mil"",""phone"":""9783188324"",""title"":null,""fullName"":""Jennifer Samela""}],""description"":""https://api.sam.gov/prod/opportunities/v1/noticedesc?noticeid=fa3fab822e9847ae9f13c4d9d25273b7"",""organizationType"":""OFFICE"",""officeAddress"":{""zipcode"":""01742-2751"",""city"":""CONCORD"",""countryCode"":""USA"",""state"":""MA""},""placeOfPerformance"":null,""additionalInfoLink"":null,""uiLink"":""https://sam.gov/workspace/contract/opp/fa3fab822e9847ae9f13c4d9d25273b7/view"",""links"":[{""rel"":""self"",""href"":""https://api.sam.gov/prod/opportunities/v2/search?noticeid=fa3fab822e9847ae9f13c4d9d25273b7&limit=1""}],""resourceLinks"":null}","2026-05-31 23:07:00.265","2026-05-31 23:07:00.265","2026-05-31 23:07:00.265"
"d5114e70-bdfc-5485-a10d-7453f6dbc23d","forecast","sam_gov","DEPT OF DEFENSE","DEPT OF THE NAVY","MECHANICSBURG",,"99--HATCH,WTID","https://api.sam.gov/prod/opportunities/v1/noticedesc?noticeid=f36d3fdba084492e9dd4e6d62c93af11","2026-05-29 00:00:00","active",,"N0010426QSD13",,,,"20","wait","https://sam.gov/workspace/contract/opp/f36d3fdba084492e9dd4e6d62c93af11/view","{""noticeId"":""f36d3fdba084492e9dd4e6d62c93af11"",""title"":""99--HATCH,WTID"",""solicitationNumber"":""N0010426QSD13"",""fullParentPathName"":""DEPT OF DEFENSE.DEPT OF THE NAVY.NAVSUP.NAVSUP WEAPON SYSTEMS SUPPORT.NAVSUP WSS MECHANICSBURG.NAVSUP WEAPON SYSTEMS SUPPORT MECH"",""fullParentPathCode"":""017.1700.NAVSUP.NAVSUP WSS.NAVSUP WSS MECH.N00104"",""postedDate"":""2026-05-29"",""type"":""Presolicitation"",""baseType"":""Presolicitation"",""archiveType"":""autocustom"",""archiveDate"":""2026-06-30"",""typeOfSetAsideDescription"":null,""typeOfSetAside"":"""",""responseDeadLine"":""2026-06-15T00:00:00-04:00"",""naicsCode"":null,""naicsCodes"":[],""classificationCode"":""9999"",""active"":""Yes"",""award"":null,""pointOfContact"":[{""fax"":null,""type"":""primary"",""email"":""WILLIAM.G.BIGGS4.CIV@US.NAVY.MIL"",""phone"":null,""title"":null,""fullName"":""WILLIAM BIGGS, N7M3.5, PHONE (717)605-4061, EMAIL WILLIAM.G.BIGGS4.CIV@US.NAVY.MIL""}],""description"":""https://api.sam.gov/prod/opportunities/v1/noticedesc?noticeid=f36d3fdba084492e9dd4e6d62c93af11"",""organizationType"":""OFFICE"",""officeAddress"":{""zipcode"":""17050-0788"",""city"":""MECHANICSBURG"",""countryCode"":""USA"",""state"":""PA""},""placeOfPerformance"":null,""additionalInfoLink"":null,""uiLink"":""https://sam.gov/workspace/contract/opp/f36d3fdba084492e9dd4e6d62c93af11/view"",""links"":[{""rel"":""self"",""href"":""https://api.sam.gov/prod/opportunities/v2/search?noticeid=f36d3fdba084492e9dd4e6d62c93af11&limit=1""}],""resourceLinks"":null}","2026-05-31 23:07:00.265","2026-05-31 23:07:00.265","2026-05-31 23:07:00.265"
"d65d5481-b380-5d86-969a-e7cee34d3610","forecast","sam_gov","HEALTH AND HUMAN SERVICES, DEPARTMENT OF","INDIAN HEALTH SERVICE","OKLAHOMA CITY",,"Cepheid GeneXpert PM Service and Support","https://api.sam.gov/prod/opportunities/v1/noticedesc?noticeid=ed0f163a18b147de9715070993d13f9c","2026-05-29 00:00:00","active",,"IHS1524060",,,,"20","wait","https://sam.gov/workspace/contract/opp/ed0f163a18b147de9715070993d13f9c/view","{""noticeId"":""ed0f163a18b147de9715070993d13f9c"",""title"":""Cepheid GeneXpert PM Service and Support"",""solicitationNumber"":""IHS1524060"",""fullParentPathName"":""HEALTH AND HUMAN SERVICES, DEPARTMENT OF.INDIAN HEALTH SERVICE.INDIAN HEALTH SERVICE"",""fullParentPathCode"":""075.7527.75H711"",""postedDate"":""2026-05-29"",""type"":""Presolicitation"",""baseType"":""Sources Sought"",""archiveType"":""auto15"",""archiveDate"":""2026-07-02"",""typeOfSetAsideDescription"":""Buy Indian Set-Aside (specific to Department of Health and Human Services, Indian Health Services)"",""typeOfSetAside"":""BICiv"",""responseDeadLine"":""2026-06-17T10:00:00-06:00"",""naicsCode"":""811210"",""naicsCodes"":[""811210""],""classificationCode"":""J065"",""active"":""Yes"",""award"":null,""pointOfContact"":[{""fax"":null,""type"":""primary"",""email"":""marshall.arviso@ihs.gov"",""phone"":""(505) 786-6319"",""title"":null,""fullName"":""Marshall Arviso""}],""description"":""https://api.sam.gov/prod/opportunities/v1/noticedesc?noticeid=ed0f163a18b147de9715070993d13f9c"",""organizationType"":""OFFICE"",""officeAddress"":{""zipcode"":""73114"",""city"":""OKLAHOMA CITY"",""countryCode"":""USA"",""state"":""OK""},""placeOfPerformance"":{""city"":{""code"":""18940"",""name"":""Crownpoint""},""state"":{""code"":""NM"",""name"":""New Mexico""},""zip"":""87313"",""country"":{""code"":""USA"",""name"":""UNITED STATES""}},""additionalInfoLink"":null,""uiLink"":""https://sam.gov/workspace/contract/opp/ed0f163a18b147de9715070993d13f9c/view"",""links"":[{""rel"":""self"",""href"":""https://api.sam.gov/prod/opportunities/v2/search?noticeid=ed0f163a18b147de9715070993d13f9c&limit=1""}],""resourceLinks"":null}","2026-05-31 23:07:00.265","2026-05-31 23:07:00.265","2026-05-31 23:07:00.265"
"d82291a1-3132-5a97-eb58-a8fd2c72222e","forecast","sam_gov","DEPT OF DEFENSE","DEPT OF THE ARMY","LOUISVILLE",,"Cyber Maintenance Hangar Modernization - Mansfield, OH","https://api.sam.gov/prod/opportunities/v1/noticedesc?noticeid=eab6600bde8642c6a7d36fb07f7df90f","2026-05-29 00:00:00","active",,"W912QR_26_MANSCYBERHANGAR_Presolicitation",,,,"20","wait","https://sam.gov/workspace/contract/opp/eab6600bde8642c6a7d36fb07f7df90f/view","{""noticeId"":""eab6600bde8642c6a7d36fb07f7df90f"",""title"":""Cyber Maintenance Hangar Modernization - Mansfield, OH"",""solicitationNumber"":""W912QR_26_MANSCYBERHANGAR_Presolicitation"",""fullParentPathName"":""DEPT OF DEFENSE.DEPT OF THE ARMY.US ARMY CORPS OF ENGINEERS.ENGINEER DIVISION GREAT LAKES AND OHIO.ENDIST LOUISVILLE.W072 ENDIST LOUISVILLE"",""fullParentPathCode"":""021.2100.USACE.LRD.LRL.W912QR"",""postedDate"":""2026-05-29"",""type"":""Presolicitation"",""baseType"":""Presolicitation"",""archiveType"":""auto15"",""archiveDate"":""2026-06-30"",""typeOfSetAsideDescription"":null,""typeOfSetAside"":null,""responseDeadLine"":""2026-06-15T13:30:00-04:00"",""naicsCode"":""236220"",""naicsCodes"":[""236220""],""classificationCode"":""Z2AZ"",""active"":""Yes"",""award"":null,""pointOfContact"":[{""fax"":"""",""type"":""primary"",""email"":""megan.r.murphy@usace.army.mil"",""phone"":"""",""title"":null,""fullName"":""Megan Murphy""},{""fax"":"""",""type"":""secondary"",""email"":""Patrick.J.Duggins@usace.army.mil"",""phone"":"""",""title"":null,""fullName"":""Patrick J. Duggins""}],""description"":""https://api.sam.gov/prod/opportunities/v1/noticedesc?noticeid=eab6600bde8642c6a7d36fb07f7df90f"",""organizationType"":""OFFICE"",""officeAddress"":{""zipcode"":""40202-2230"",""city"":""LOUISVILLE"",""countryCode"":""USA"",""state"":""KY""},""placeOfPerformance"":{""city"":{""code"":""47138"",""name"":""Mansfield""},""state"":{""code"":""OH"",""name"":""Ohio""},""country"":{""code"":""USA"",""name"":""UNITED STATES""}},""additionalInfoLink"":null,""uiLink"":""https://sam.gov/workspace/contract/opp/eab6600bde8642c6a7d36fb07f7df90f/view"",""links"":[{""rel"":""self"",""href"":""https://api.sam.gov/prod/opportunities/v2/search?noticeid=eab6600bde8642c6a7d36fb07f7df90f&limit=1""}],""resourceLinks"":null}","2026-05-31 23:07:00.265","2026-05-31 23:07:00.265","2026-05-31 23:07:00.265"
"d9767265-2842-52de-1fe8-3ce0b9d52711","forecast","sam_gov","VETERANS AFFAIRS, DEPARTMENT OF","VETERANS AFFAIRS, DEPARTMENT OF","Gilbert",,"S201--WINDOW WASHING SVCS   POP: 07/01/2026 - 06/30/2031  BASE YEAR PLUS FOUR OPTION YEARS (B 4OY)  SDVOSB VISN 22 BPA HOLDERS","https://api.sam.gov/prod/opportunities/v1/noticedesc?noticeid=521de91ba40f42fd968a11894cdb58d0","2026-05-31 00:00:00","active",,"36C26226Q0627",,,,"20","wait","https://sam.gov/workspace/contract/opp/521de91ba40f42fd968a11894cdb58d0/view","{""noticeId"":""521de91ba40f42fd968a11894cdb58d0"",""title"":""S201--WINDOW WASHING SVCS   POP: 07/01/2026 - 06/30/2031  BASE YEAR PLUS FOUR OPTION YEARS (B 4OY)  SDVOSB VISN 22 BPA HOLDERS"",""solicitationNumber"":""36C26226Q0627"",""fullParentPathName"":""VETERANS AFFAIRS, DEPARTMENT OF.VETERANS AFFAIRS, DEPARTMENT OF.262-NETWORK CONTRACT OFFICE 22 (36C262)"",""fullParentPathCode"":""036.3600.36C262"",""postedDate"":""2026-05-31"",""type"":""Presolicitation"",""baseType"":""Presolicitation"",""archiveType"":""autocustom"",""archiveDate"":""2026-06-15"",""typeOfSetAsideDescription"":""Service-Disabled Veteran-Owned Small Business Set Aside"",""typeOfSetAside"":""SDVOSBC"",""responseDeadLine"":""2026-06-10T10:00:00-07:00"",""naicsCode"":""561720"",""naicsCodes"":[""561720""],""classificationCode"":""S201"",""active"":""Yes"",""award"":{""awardee"":{}},""pointOfContact"":[{""fax"":"""",""type"":""primary"",""email"":""barry.bland@va.gov"",""phone"":""858-626-8744"",""title"":""Senior Contract Specialist"",""fullName"":""Dr. Barry Bland""}],""description"":""https://api.sam.gov/prod/opportunities/v1/noticedesc?noticeid=521de91ba40f42fd968a11894cdb58d0"",""organizationType"":""OFFICE"",""officeAddress"":{""zipcode"":""85297"",""city"":""Gilbert"",""countryCode"":""USA"",""state"":""AZ""},""placeOfPerformance"":{""streetAddress"":""Department of Veterans Affairs VA San Diego Healthcare System"",""streetAddress2"":""Jennifer Moreno Medical Center 3350 La Jolla Village Drive"",""city"":{""name"":""San Diego""},""state"":{""name"":""CA""},""zip"":""92161-0002"",""country"":{""code"":""USA"",""name"":""UNITED STATES""}},""additionalInfoLink"":null,""uiLink"":""https://sam.gov/workspace/contract/opp/521de91ba40f42fd968a11894cdb58d0/view"",""links"":[{""rel"":""self"",""href"":""https://api.sam.gov/prod/opportunities/v2/search?noticeid=521de91ba40f42fd968a11894cdb58d0&limit=1""}],""resourceLinks"":[""https://sam.gov/api/prod/opps/v3/opportunities/resources/files/75f57043c08a4b6f8d575c8ce410d1be/download""]}","2026-05-31 23:07:00.265","2026-05-31 23:07:00.265","2026-05-31 23:07:00.265"
"d9b4f817-3e41-5bc6-eaa9-297cec2b1a5b","recompete-watch","usaspending","Department of Veterans Affairs","Department of Veterans Affairs",,,"Award: 36C10X22N0183 — QTC MEDICAL SERVICES INC","MEDICAL DISABILITY EXAMINATIONS (MDES) UNDER SECTION 504 OF THE VETERANS BENEFITS IMPROVEMENTS ACT OF 1996 (PUBLIC LAW 104 275 38 U.S.C. 5101), REGION 2 (SOUTHEAST) - MODIFICATION TO EXERCISED OPTION 4.","2022-10-01 00:00:00","recompete-window","QTC MEDICAL SERVICES INC","36C10X22N0183","$436,626,628.03",,,"65","pursue","https://www.usaspending.gov/award/36C10X22N0183","{""internal_id"":279980688,""Award ID"":""36C10X22N0183"",""Recipient Name"":""QTC MEDICAL SERVICES INC"",""Award Amount"":436626628.03,""Awarding Agency"":""Department of Veterans Affairs"",""Awarding Sub Agency"":""Department of Veterans Affairs"",""Start Date"":""2022-10-01"",""End Date"":""2023-09-30"",""Description"":""MEDICAL DISABILITY EXAMINATIONS (MDES) UNDER SECTION 504 OF THE VETERANS BENEFITS IMPROVEMENTS ACT OF 1996 (PUBLIC LAW 104 275 38 U.S.C. 5101), REGION 2 (SOUTHEAST) - MODIFICATION TO EXERCISED OPTION 4."",""NAICS Code"":null,""awarding_agency_id"":561,""agency_slug"":""department-of-veterans-affairs"",""generated_internal_id"":""CONT_AWD_36C10X22N0183_3600_36C10X19D0005_3600""}","2026-04-07 08:24:14.226","2026-04-07 08:24:14.226","2026-04-07 08:24:14.226"
"dada1cf5-0600-5aae-8889-5baec24c05f8","recompete-watch","usaspending","Department of State","Department of State",,,"Award: 19AQMM22F0469 — TRIPLE CANOPY INC","PROFESSIONAL SERVICES CONTRACT  WORLDWIDE  PROTECTIVE SERVICES III. TASK ORDER - 04  BAGHDAD MOVEMENT PROTECTIVE SERVICES BUREAU OF DIPLOMATIC SECURITY U.S. DEPARTMENT OF STATE AWARD","2022-02-27 00:00:00","recompete-window","TRIPLE CANOPY INC","19AQMM22F0469","$450,197,124.71",,,"90","pursue","https://www.usaspending.gov/award/19AQMM22F0469","{""internal_id"":278739329,""Award ID"":""19AQMM22F0469"",""Recipient Name"":""TRIPLE CANOPY INC"",""Award Amount"":450197124.71,""Awarding Agency"":""Department of State"",""Awarding Sub Agency"":""Department of State"",""Start Date"":""2022-02-27"",""End Date"":""2027-02-26"",""Description"":""PROFESSIONAL SERVICES CONTRACT  WORLDWIDE  PROTECTIVE SERVICES III. TASK ORDER - 04  BAGHDAD MOVEMENT PROTECTIVE SERVICES BUREAU OF DIPLOMATIC SECURITY U.S. DEPARTMENT OF STATE AWARD"",""NAICS Code"":null,""awarding_agency_id"":315,""agency_slug"":""department-of-state"",""generated_internal_id"":""CONT_AWD_19AQMM22F0469_1900_19AQMM21D0011_1900""}","2026-04-07 08:24:14.226","2026-04-07 08:24:14.226","2026-04-07 08:24:14.226"
"db3f0e39-20e5-56a3-f05a-9c6c2e412ca5","deployment-medical","state_dept","State Department",,,"Somalia","Somalia - Level 4: Do Not Travel","<p><b><i>There were no changes to the advisory level or risk indicators. Advisory summary was updated.</i></b></p>
<p>Do Not Travel to Somalia due to risk of <b>crime, kidnapping, terrorism, unrest, health, landmines, systematic mistreatment of women, and systematic mistreatment of gay and lesbian individuals, piracy, abuse of residents in rehabilitation centers, and confiscation of passports by f","2026-05-21 00:00:00","active",,,,,"Travel Advisory","75","brief","https://travel.state.gov/content/travel/en/traveladvisories/traveladvisories/somalia-travel-advisory.html","{""title"":""Somalia - Level 4: Do Not Travel"",""description"":""<p><b><i>There were no changes to the advisory level or risk indicators. Advisory summary was updated.</i></b></p>\n<p>Do Not Travel to Somalia due to risk of <b>crime, kidnapping, terrorism, unrest, health, landmines, systematic mistreatment of women, and systematic mistreatment of gay and lesbian individuals, piracy, abuse of residents in rehabilitation centers, and confiscation of passports by family members.</b></p>\n<p><b>Advisory Summary</b></p>\n<p><b>Do not travel to Somalia</b> for any reason.</p>\n<p>The U.S. government has limited ability to offer emergency services to Americans in Somalia due to the safety risks.</p>\n<p>U.S. government employees working in Somalia are not allowed to travel outside the Mogadishu International Airport complex, where the U.S. embassy is located, due to security risks. When they do travel within the complex they are accompanied by armed security. Family members cannot join U.S. government employees who work in Somalia.</p>\n<p><b>Aviation safety</b></p>\n<p>The Federal Aviation Administration (FAA) has issued a Notice to Airmen (NOTAM) and a Special Federal Aviation Regulation (SFAR). This is due to risks to civil aviation operating within or nearby Somalia. For more information U.S. citizens should consult the <a href=\""https://www.faa.gov/air_traffic/publications/us_restrictions\"" title=\""Federal Aviation Administration&#8217;s Prohibitions, Restrictions and Notices\"" adhocenable=\""false\"" target=\""_blank\"">Federal Aviation Administration&#8217;s Prohibitions, Restrictions and Notices</a>.</p>\n<p><b>Crime</b></p>\n<p>Violent crime is common throughout Somalia, including homicide and kidnapping. Illegal roadblocks by armed individuals are widespread.</p>\n<p><b>Kidnapping</b></p>\n<p>Terrorists, criminal gangs, and other armed groups frequently kidnap for ransom. Local law enforcement officials are not equipped or trained to handle the threat of kidnapping or to respond to such crimes.</p>\n<p><b>Terrorism</b></p>\n<p><b>&nbsp;</b></p>\n<p>There is a notable risk of terrorist violence, including terrorist attacks and other activity. Visit the U.S. Department of State&#8217;s <a href=\""https://www.state.gov/country-reports-on-terrorism/\"" target=\""_blank\"" title=\""country reports on terrorism\"" adhocenable=\""false\"">country reports on terrorism</a> to learn more.</p>\n<p>Terrorists plot kidnappings, bombings, and other attacks in Somalia. Terrorists attack without warning. They may target:</p>\n<ul>\n<li>airports</li>\n<li>seaports</li>\n<li>checkpoints</li>\n<li>government buildings including police stations and military bases</li>\n<li>hotels and restaurants</li>\n<li>shopping areas</li>\n<li>beaches and other public places that attract large crowds and tourists</li>\n<li>government, military, and other convoys</li>\n<li>house of worship and religious sites</li>\n</ul>\n<p>Attack methods can include car bombs, suicide bombers, individual attackers, and rocket or mortar fire.</p>\n<p><b>Unrest</b></p>\n<p>Protests and demonstrations occur throughout Somalia. They can turn violent quickly.</p>\n<p><b>Health</b></p>\n<p>Medical services in Somalia are extremely limited. They are often unavailable in rural areas. The health care system lacks sufficient pharmaceuticals, medical supplies, and medical professionals. Even minor health issues may require medical evacuation at your expense.</p>\n<p><b>Other &#8211; Landmines</b></p>\n<p>Landmines, improvised explosive devices (IEDs), and unexploded ordnance exist throughout Somalia. Areas of greatest risk are where Somali and regional security forces are fighting al-Shabaab and ISIS-Somalia. The locations of landmines and unexploded ordnance are often not marked or easy to recognize.</p>\n<p><b>Other &#8211; Systematic mistreatment of women and gay and lesbian individuals</b></p>\n<p>There are documented patterns of rape. Those responsible usually do not face consequences. Local authorities rarely prosecute these cases. Survivors struggle to get medical care or other help they need. Survivors are often discriminated against and stigmatized.</p>\n<p>Female genital mutilation or cutting (FGM/C) is practiced throughout the country. Up to 98 percent of Somali women have undergone FGM/C. This takes place even though circumcision of girls is illegal in Somalia.</p>\n<p>Young women, sometimes even minors, are often forced into marriage against their will.</p>\n<p>Consensual same-sex sexual relations are criminalized in Somalia. Penalties range from 3 months to 3 years in prison. Under some local interpretations of sharia, same-sex relations are punishable by death.</p>\n<p><b>Other &#8211; Piracy</b></p>\n<p>Pirates are active in the waters off the Horn of Africa.</p>\n<p><b>Other &#8211; Abuse of residents in rehabilitation centers</b></p>\n<p>Some schools and other facilities claim to &#8220;rehabilitate&#8221; people but operate with little or no government supervision. Physical and emotional abuse is common in these places. Beatings, withholding of food and water, and physical restraint by chains are well-documented abuses in such facilities. Residents, including Americans, have been held in these facilities against their will. Americans or residents who lure individuals to Somalia under false pretenses or forcibly place Americans into such facilities may be subject to legal repercussions in the United States.</p>\n<p><b>Other &#8211; U.S. passports confiscated by family members</b></p>\n<p>Americans are frequently encouraged to visit family members in Somalia, including relatives who are sick or dying. However, once they are in Somalia, their U.S. passports are confiscated by family members, preventing them from leaving the country. In many cases, their activities are monitored and they have difficulty leaving their family home.</p>\n<p><b>For Americans in Somalia</b>:</p>\n<ul>\n<li>Enroll in the <a href=\""https://mytravel.state.gov/s/step\"" title=\""Smart Traveler Enrollment Program (STEP)\"" adhocenable=\""false\"">Smart Traveler Enrollment Program (STEP)</a> to get important updates and alerts from the U.S. government. Enrolling helps the U.S. government contact you or your emergency contact in an emergency.</li>\n<li>Review our information <a href=\""https://travel.state.gov/en/international-travel/travel-advisories/global-events/terrorism.html\"" title=\""Terrorism\"" adhocenable=\""false\"">Terrorism</a> and <a href=\""https://travel.state.gov/en/international-travel/travel-advisories/high-risk-areas.html\"" title=\""Travel to High-Risk Areas\"" adhocenable=\""false\"">Travel to High-Risk Areas</a>.</li>\n<li>Review our information on <a href=\""https://travel.state.gov/en/international-travel/travel-advisories/crime.html\"" title=\""Crime Abroad\"" adhocenable=\""false\"">Crime Abroad</a> and for <a href=\""https://travel.state.gov/en/international-travel/help-abroad/victims-crime.html\"" title=\""Victims of Crime\"" adhocenable=\""false\"">Victims of Crime</a>.</li>\n<li>Have a plan to leave in an emergency that does not depend on U.S. government help. Review our information on <a href=\""https://travel.state.gov/en/international-travel/help-abroad/crisis-response.html\"" title=\""Crisis and Evacuations\"" adhocenable=\""false\"">Crisis and Evacuations</a>.</li>\n<li>Review our information on <a href=\""https://travel.state.gov/en/international-travel/help-abroad/missing-us-citizen.html\"" title=\""U.S. Citizens Missing Abroad\"" adhocenable=\""false\"">U.S. Citizens Missing Abroad</a> and for <a href=\""https://travel.state.gov/en/international-travel/help-abroad/victims-crime.html\"" title=\""Victims of Crime\"" adhocenable=\""false\"">Victims of Crime</a>.</li>\n<li>Be prepared to adjust your plans.</li>\n<li>Stay aware of your surroundings.</li>\n<li>Avoid demonstrations and crowds.</li>\n<li>Keep a low profile.</li>\n<li>Stay alert in tourist spots.</li>\n<li>Keep travel documents up to date and easily accessible.</li>\n<li>Develop a communication plan with family, your employer, or host organization. List how and when you will confirm you are safe (text or call). Specify how often you&#8217;ll do this.</li>\n<li>Prepare a will. Designate appropriate insurance beneficiaries or powers of attorney.</li>\n<li>Establish a proof of life protocol with your loved ones. If you are taken hostage, your loved ones will know specific questions (and answers) to ask the hostage-takers to confirm that you are being held captive and alive.</li>\n<li>Leave DNA samples with your medical provider in case it is necessary for your family to access them for identification purposes.</li>\n<li>Do not physically resist any robbery attempt.</li>\n<li>Use caution when walking or driving at night.</li>\n<li>Do not display signs of wealth, like expensive watches or jewelry.</li>\n<li>Do not answer your door at your hotel or residence unless you know who it is.</li>\n<li>Stay alert when visiting banks or ATMs.</li>\n<li>Make sure your insurance includes medical evacuation coverage.</li>\n<li>Review the&nbsp;<a href=\""https://www.osac.gov/Country/Somalia/Detail\"" target=\""_blank\"" title=\""Country Security Report for Somalia\"" adhocenable=\""false\"">Country Security Report for Somalia</a>.</li>\n<li>Review the Department of State&#8217;s Human Rights Report&nbsp;for your destination prior to traveling.</li>\n<li>Visit the Centers for Disease Control and Prevention (CDC) website for the latest <a href=\""https://wwwnc.cdc.gov/travel/destinations/traveler/none/somalia\"" target=\""_blank\"" title=\""CDC Travel Health Information for Somalia\"" adhocenable=\""false\"">Travel Health Information for Somalia</a>.</li>\n<li>Whether you&#8217;re a first time or frequent traveler, use the <a href=\""https://travel.state.gov/en/international-travel/planning/checklist.html\"" title=\""International Travel Checklist\"" adhocenable=\""false\"">International Travel Checklist</a>.</li>\n<li>We highly recommend that you buy travel insurance before you travel.&nbsp;Check with your&nbsp;<a href=\""https://travel.state.gov/en/international-travel/planning/guidance/insurance.html\"" title=\""Travel Insurance\"" adhocenable=\""false\"">travel insurance provider</a>&nbsp;about evacuation assistance, medical insurance, and trip cancelation coverage.</li>\n</ul>"",""link"":""https://travel.state.gov/content/travel/en/traveladvisories/traveladvisories/somalia-travel-advisory.html"",""pubDate"":""Thu, 21 May 2026""}","2026-06-03 20:13:15.131","2026-06-03 20:13:15.131","2026-06-03 20:13:15.131"
"dc256c84-02a6-5512-096f-d630350571ec","incumbent-tracker","usaspending","Department of Homeland Security","U.S. Immigration and Customs Enforcement",,,"MVM, INC. — Healthcare","UNACCOMPANIED CHILDREN AND FAMILY UNIT TRANSPORTATION TO","2024-04-01 00:00:00","expired","MVM, INC.","70CDCR24FR0000026","$142,022,108.11",,,"85","monitor","https://www.usaspending.gov/award/70CDCR24FR0000026","{""internal_id"":291191293,""Award ID"":""70CDCR24FR0000026"",""Recipient Name"":""MVM, INC."",""Award Amount"":142022108.11,""Awarding Agency"":""Department of Homeland Security"",""Awarding Sub Agency"":""U.S. Immigration and Customs Enforcement"",""Start Date"":""2024-04-01"",""End Date"":""2025-03-31"",""Description"":""UNACCOMPANIED CHILDREN AND FAMILY UNIT TRANSPORTATION TO"",""NAICS Code"":null,""NAICS Description"":null,""awarding_agency_id"":766,""agency_slug"":""department-of-homeland-security"",""generated_internal_id"":""CONT_AWD_70CDCR24FR0000026_7012_70CDCR24D00000002_7012""}","2026-06-03 20:13:31.11","2026-06-03 20:13:31.11","2026-06-03 20:13:31.11"
"dcd0b584-f2cb-5b83-3c15-b5af5bc8340b","recompete-watch","usaspending","Department of Veterans Affairs","Department of Veterans Affairs",,,"Award: 36C10X26N0044 — OPTUMSERVE HEALTH SERVICES, INC.","FY26 FUNDING MEDICAL DISABILITY EXAMINATIONS","2026-01-01 00:00:00","recompete-window","OPTUMSERVE HEALTH SERVICES, INC.","36C10X26N0044","$714,081,758.33",,,"65","pursue","https://www.usaspending.gov/award/36C10X26N0044","{""internal_id"":353976799,""Award ID"":""36C10X26N0044"",""Recipient Name"":""OPTUMSERVE HEALTH SERVICES, INC."",""Award Amount"":714081758.33,""Awarding Agency"":""Department of Veterans Affairs"",""Awarding Sub Agency"":""Department of Veterans Affairs"",""Start Date"":""2026-01-01"",""End Date"":""2026-12-31"",""Description"":""FY26 FUNDING MEDICAL DISABILITY EXAMINATIONS"",""NAICS Code"":null,""awarding_agency_id"":561,""agency_slug"":""department-of-veterans-affairs"",""generated_internal_id"":""CONT_AWD_36C10X26N0044_3600_36C10X25D0002_3600""}","2026-04-07 08:24:14.226","2026-04-07 08:24:14.226","2026-04-07 08:24:14.226"
"de37f597-3315-5d3a-3450-4268919b661c","recompete-watch","usaspending","Department of State","Department of State",,,"Award: 19AQMM19C0007 — INTER-CON SECURITY SYSTEMS, INC.","THIS CONTRACT IS IN SUPPORT OF DS/DO/DFP  IF YOU HAVE ANY QUESTIONS PLEASE CONTACT:   ALFRED MAASS- 202-647-3005","2018-12-15 00:00:00","recompete-window","INTER-CON SECURITY SYSTEMS, INC.","19AQMM19C0007","$358,935,467.4",,,"90","pursue","https://www.usaspending.gov/award/19AQMM19C0007","{""internal_id"":278719847,""Award ID"":""19AQMM19C0007"",""Recipient Name"":""INTER-CON SECURITY SYSTEMS, INC."",""Award Amount"":358935467.4,""Awarding Agency"":""Department of State"",""Awarding Sub Agency"":""Department of State"",""Start Date"":""2018-12-15"",""End Date"":""2021-10-31"",""Description"":""THIS CONTRACT IS IN SUPPORT OF DS/DO/DFP  IF YOU HAVE ANY QUESTIONS PLEASE CONTACT:   ALFRED MAASS- 202-647-3005"",""NAICS Code"":null,""awarding_agency_id"":315,""agency_slug"":""department-of-state"",""generated_internal_id"":""CONT_AWD_19AQMM19C0007_1900_-NONE-_-NONE-""}","2026-04-07 08:24:14.226","2026-04-07 08:24:14.226","2026-04-07 08:24:14.226"
"dfa63271-d778-598f-7c57-f7ae15a4801c","forecast","sam_gov","DEPT OF DEFENSE","DEFENSE LOGISTICS AGENCY","PHILADELPHIA",,"Drum, Fabric, Collapsible","https://api.sam.gov/prod/opportunities/v1/noticedesc?noticeid=630a4f97bf524bde8dcbbaec28c073d2","2026-05-30 00:00:00","active",,"SPE8ED26Q0427",,,,"20","wait","https://sam.gov/workspace/contract/opp/630a4f97bf524bde8dcbbaec28c073d2/view","{""noticeId"":""630a4f97bf524bde8dcbbaec28c073d2"",""title"":""Drum, Fabric, Collapsible"",""solicitationNumber"":""SPE8ED26Q0427"",""fullParentPathName"":""DEPT OF DEFENSE.DEFENSE LOGISTICS AGENCY.TROOP SUPPORT CONSTRUCTION & EQUIPMENT.DLA TROOP SUPPORT"",""fullParentPathCode"":""097.97AS.DLA TRP SUPT C&E.SPE8ED"",""postedDate"":""2026-05-30"",""type"":""Presolicitation"",""baseType"":""Presolicitation"",""archiveType"":""auto15"",""archiveDate"":""2026-06-20"",""typeOfSetAsideDescription"":null,""typeOfSetAside"":null,""responseDeadLine"":""2026-06-05T18:00:00-04:00"",""naicsCode"":""332439"",""naicsCodes"":[""332439""],""classificationCode"":""8110"",""active"":""Yes"",""award"":null,""pointOfContact"":[{""fax"":"""",""type"":""primary"",""email"":""avril.dickerson@dla.mil"",""phone"":"""",""title"":null,""fullName"":""Avril Dickerson445-737-7976""}],""description"":""https://api.sam.gov/prod/opportunities/v1/noticedesc?noticeid=630a4f97bf524bde8dcbbaec28c073d2"",""organizationType"":""OFFICE"",""officeAddress"":{""zipcode"":""19111-5096"",""city"":""PHILADELPHIA"",""countryCode"":""USA"",""state"":""PA""},""placeOfPerformance"":null,""additionalInfoLink"":null,""uiLink"":""https://sam.gov/workspace/contract/opp/630a4f97bf524bde8dcbbaec28c073d2/view"",""links"":[{""rel"":""self"",""href"":""https://api.sam.gov/prod/opportunities/v2/search?noticeid=630a4f97bf524bde8dcbbaec28c073d2&limit=1""}],""resourceLinks"":null}","2026-05-31 23:07:00.265","2026-05-31 23:07:00.265","2026-05-31 23:07:00.265"
"e27af694-162a-55e0-6e2d-88119f0298f1","incumbent-tracker","usaspending","Department of Health and Human Services","Centers for Disease Control and Prevention",,,"CHENEGA GLOBAL PROTECTION, LLC — Healthcare","ARMED SECURITY GUARDS FOR ATLANTA&FT. COLLINS","2020-07-01 00:00:00","expired","CHENEGA GLOBAL PROTECTION, LLC","75D30120C08513","$110,106,983.06",,,"85","monitor","https://www.usaspending.gov/award/75D30120C08513","{""internal_id"":291502120,""Award ID"":""75D30120C08513"",""Recipient Name"":""CHENEGA GLOBAL PROTECTION, LLC"",""Award Amount"":110106983.06,""Awarding Agency"":""Department of Health and Human Services"",""Awarding Sub Agency"":""Centers for Disease Control and Prevention"",""Start Date"":""2020-07-01"",""End Date"":""2025-05-31"",""Description"":""ARMED SECURITY GUARDS FOR ATLANTA&FT. COLLINS"",""NAICS Code"":null,""NAICS Description"":null,""awarding_agency_id"":806,""agency_slug"":""department-of-health-and-human-services"",""generated_internal_id"":""CONT_AWD_75D30120C08513_7523_-NONE-_-NONE-""}","2026-06-03 20:13:31.11","2026-06-03 20:13:31.11","2026-06-03 20:13:31.11"
"e5737ef9-2901-55cd-40e2-1512d05035c7","recompete-watch","usaspending","Department of Energy","Department of Energy",,,"Award: DEAC5507NA25750 — G4S SECURE SOLUTIONS (USA) INC.","PROTECTIVE FORCE SERVICES FOR Y-12 NATIONAL SECURITY COMPLEX, OAK RIDGE TN","2007-05-03 00:00:00","recompete-window","G4S SECURE SOLUTIONS (USA) INC.","DEAC5507NA25750","$492,179,444.9",,,"65","pursue","https://www.usaspending.gov/award/DEAC5507NA25750","{""internal_id"":295477360,""Award ID"":""DEAC5507NA25750"",""Recipient Name"":""G4S SECURE SOLUTIONS (USA) INC."",""Award Amount"":492179444.9,""Awarding Agency"":""Department of Energy"",""Awarding Sub Agency"":""Department of Energy"",""Start Date"":""2007-05-03"",""End Date"":""2012-11-30"",""Description"":""PROTECTIVE FORCE SERVICES FOR Y-12 NATIONAL SECURITY COMPLEX, OAK RIDGE TN"",""NAICS Code"":null,""awarding_agency_id"":930,""agency_slug"":""department-of-energy"",""generated_internal_id"":""CONT_AWD_DEAC5507NA25750_8900_-NONE-_-NONE-""}","2026-04-07 08:24:14.226","2026-04-07 08:24:14.226","2026-04-07 08:24:14.226"
"e5dfaf41-48c0-59fe-c32f-8dec2e998de1","forecast","sam_gov","DEPT OF DEFENSE","DEPT OF THE NAVY","MECHANICSBURG",,"59--CONNECTOR,ELECTRIC","https://api.sam.gov/prod/opportunities/v1/noticedesc?noticeid=eb3e97b48820488e8648a660956ef100","2026-05-29 00:00:00","active",,"N0010426RFE40",,,,"20","wait","https://sam.gov/workspace/contract/opp/eb3e97b48820488e8648a660956ef100/view","{""noticeId"":""eb3e97b48820488e8648a660956ef100"",""title"":""59--CONNECTOR,ELECTRIC"",""solicitationNumber"":""N0010426RFE40"",""fullParentPathName"":""DEPT OF DEFENSE.DEPT OF THE NAVY.NAVSUP.NAVSUP WEAPON SYSTEMS SUPPORT.NAVSUP WSS MECHANICSBURG.NAVSUP WEAPON SYSTEMS SUPPORT MECH"",""fullParentPathCode"":""017.1700.NAVSUP.NAVSUP WSS.NAVSUP WSS MECH.N00104"",""postedDate"":""2026-05-29"",""type"":""Presolicitation"",""baseType"":""Presolicitation"",""archiveType"":""autocustom"",""archiveDate"":""2026-07-28"",""typeOfSetAsideDescription"":null,""typeOfSetAside"":"""",""responseDeadLine"":""2026-07-13T00:00:00-04:00"",""naicsCode"":null,""naicsCodes"":[],""classificationCode"":""5935"",""active"":""Yes"",""award"":null,""pointOfContact"":[{""fax"":null,""type"":""primary"",""email"":""LYDIA.M.SHALOKA.CIV@US.NAVY.MIL"",""phone"":null,""title"":null,""fullName"":""LYDIA M. SHALOKA, N743.22, PHONE (215)697-4717, EMAIL LYDIA.M.SHALOKA.CIV@US.NAVY.MIL""}],""description"":""https://api.sam.gov/prod/opportunities/v1/noticedesc?noticeid=eb3e97b48820488e8648a660956ef100"",""organizationType"":""OFFICE"",""officeAddress"":{""zipcode"":""17050-0788"",""city"":""MECHANICSBURG"",""countryCode"":""USA"",""state"":""PA""},""placeOfPerformance"":null,""additionalInfoLink"":null,""uiLink"":""https://sam.gov/workspace/contract/opp/eb3e97b48820488e8648a660956ef100/view"",""links"":[{""rel"":""self"",""href"":""https://api.sam.gov/prod/opportunities/v2/search?noticeid=eb3e97b48820488e8648a660956ef100&limit=1""}],""resourceLinks"":null}","2026-05-31 23:07:00.265","2026-05-31 23:07:00.265","2026-05-31 23:07:00.265"
"f188a0f1-6bc3-5825-5533-89f721ac86f1","incumbent-tracker","usaspending","Department of State","Department of State",,,"GARDAWORLD FEDERAL SERVICES LLC — Healthcare","REVISE AWARD TASK ORDER NUMBER FROM 19AQMM22F1759 TO 19AQMM22F3446 AND CORRECT COMPANY DBA NAME.  WORLDWIDE  PROTECTIVE SERVICES III. TASK ORDER - 05 BAGHDAD EMBASSY SECURITY FORCE BUREAU OF DIPLOMATIC SECURITY U.S. DEPARTMENT OF STATE AWARD","2022-10-17 00:00:00","active","GARDAWORLD FEDERAL SERVICES LLC","19AQMM22F3446","$418,370,061.48",,,"85","monitor","https://www.usaspending.gov/award/19AQMM22F3446","{""internal_id"":278741954,""Award ID"":""19AQMM22F3446"",""Recipient Name"":""GARDAWORLD FEDERAL SERVICES LLC"",""Award Amount"":418370061.48,""Awarding Agency"":""Department of State"",""Awarding Sub Agency"":""Department of State"",""Start Date"":""2022-10-17"",""End Date"":""2026-10-16"",""Description"":""REVISE AWARD TASK ORDER NUMBER FROM 19AQMM22F1759 TO 19AQMM22F3446 AND CORRECT COMPANY DBA NAME.  WORLDWIDE  PROTECTIVE SERVICES III. TASK ORDER - 05 BAGHDAD EMBASSY SECURITY FORCE BUREAU OF DIPLOMATIC SECURITY U.S. DEPARTMENT OF STATE AWARD"",""NAICS Code"":null,""NAICS Description"":null,""awarding_agency_id"":315,""agency_slug"":""department-of-state"",""generated_internal_id"":""CONT_AWD_19AQMM22F3446_1900_19AQMM21D0008_1900""}","2026-06-03 20:13:31.11","2026-06-03 20:13:31.11","2026-06-03 20:13:31.11"
"f394bb35-dcd4-5d57-261b-133bd3fca358","forecast","sam_gov","STATE, DEPARTMENT OF","STATE, DEPARTMENT OF","WASHINGTON",,"Fuel System Maintenance Service Contract","https://api.sam.gov/prod/opportunities/v1/noticedesc?noticeid=df8dad0190964583b0da598c41806d71","2026-05-31 00:00:00","active",,"PR16012652",,,,"20","wait","https://sam.gov/workspace/contract/opp/df8dad0190964583b0da598c41806d71/view","{""noticeId"":""df8dad0190964583b0da598c41806d71"",""title"":""Fuel System Maintenance Service Contract"",""solicitationNumber"":""PR16012652"",""fullParentPathName"":""STATE, DEPARTMENT OF.STATE, DEPARTMENT OF.US EMBASSY ALGIERS"",""fullParentPathCode"":""019.1900.19AG10"",""postedDate"":""2026-05-31"",""type"":""Presolicitation"",""baseType"":""Presolicitation"",""archiveType"":""auto15"",""archiveDate"":""2026-06-30"",""typeOfSetAsideDescription"":""No Set aside used"",""typeOfSetAside"":""NONE"",""responseDeadLine"":""2026-06-15T17:00:00+01:00"",""naicsCode"":""238290"",""naicsCodes"":[""238290""],""classificationCode"":""Z1NA"",""active"":""Yes"",""award"":null,""pointOfContact"":[{""fax"":"""",""type"":""primary"",""email"":""Algiers_Procurement@state.gov"",""phone"":"""",""title"":null,""fullName"":""Procurement Team""}],""description"":""https://api.sam.gov/prod/opportunities/v1/noticedesc?noticeid=df8dad0190964583b0da598c41806d71"",""organizationType"":""OFFICE"",""officeAddress"":{""zipcode"":""20520"",""city"":""WASHINGTON"",""countryCode"":""USA"",""state"":""DC""},""placeOfPerformance"":{""city"":{""code"":""Algiers"",""name"":""Algiers""},""state"":{""code"":""DZ-16"",""name"":""Alger""},""zip"":""16030"",""country"":{""code"":""DZA"",""name"":""ALGERIA""}},""additionalInfoLink"":null,""uiLink"":""https://sam.gov/workspace/contract/opp/df8dad0190964583b0da598c41806d71/view"",""links"":[{""rel"":""self"",""href"":""https://api.sam.gov/prod/opportunities/v2/search?noticeid=df8dad0190964583b0da598c41806d71&limit=1""}],""resourceLinks"":null}","2026-05-31 23:07:00.265","2026-05-31 23:07:00.265","2026-05-31 23:07:00.265"
"f3acd0ac-2c31-5536-a324-13612b0f4f0e","incumbent-tracker","usaspending","Department of Homeland Security","U.S. Immigration and Customs Enforcement",,,"THE GEO GROUP, INC. — Healthcare","TASK ORDER TO PROVIDE DETENTION SERVICES IN LOS ANGELES AREA OF RESPONSIBILITY","2021-12-20 00:00:00","expired","THE GEO GROUP, INC.","70CDCR22FR0000010","$122,464,905",,,"85","monitor","https://www.usaspending.gov/award/70CDCR22FR0000010","{""internal_id"":291191076,""Award ID"":""70CDCR22FR0000010"",""Recipient Name"":""THE GEO GROUP, INC."",""Award Amount"":122464905,""Awarding Agency"":""Department of Homeland Security"",""Awarding Sub Agency"":""U.S. Immigration and Customs Enforcement"",""Start Date"":""2021-12-20"",""End Date"":""2022-12-19"",""Description"":""TASK ORDER TO PROVIDE DETENTION SERVICES IN LOS ANGELES AREA OF RESPONSIBILITY"",""NAICS Code"":null,""NAICS Description"":null,""awarding_agency_id"":766,""agency_slug"":""department-of-homeland-security"",""generated_internal_id"":""CONT_AWD_70CDCR22FR0000010_7012_70CDCR20D00000009_7012""}","2026-06-03 20:13:31.11","2026-06-03 20:13:31.11","2026-06-03 20:13:31.11"
"f4e3e778-b844-5948-e383-9e8c0e7cb96e","recompete-watch","usaspending","Department of Veterans Affairs","Department of Veterans Affairs",,,"Award: 36C10X25N0182 — QTC MEDICAL SERVICES INC","FY25 Q3 EXAMS R2","2025-08-07 00:00:00","recompete-window","QTC MEDICAL SERVICES INC","36C10X25N0182","$382,099,483.87",,,"65","pursue","https://www.usaspending.gov/award/36C10X25N0182","{""internal_id"":279981959,""Award ID"":""36C10X25N0182"",""Recipient Name"":""QTC MEDICAL SERVICES INC"",""Award Amount"":382099483.87,""Awarding Agency"":""Department of Veterans Affairs"",""Awarding Sub Agency"":""Department of Veterans Affairs"",""Start Date"":""2025-08-07"",""End Date"":""2025-12-31"",""Description"":""FY25 Q3 EXAMS R2"",""NAICS Code"":null,""awarding_agency_id"":561,""agency_slug"":""department-of-veterans-affairs"",""generated_internal_id"":""CONT_AWD_36C10X25N0182_3600_36C10X25D0003_3600""}","2026-04-07 08:24:14.226","2026-04-07 08:24:14.226","2026-04-07 08:24:14.226"
"f95c5643-9fb2-55c5-e9af-6592dadcc07a","incumbent-tracker","usaspending","Department of State","Department of State",,,"G4S SECURE INTEGRATION LLC — Healthcare","THE FOLLOWING AWARD IS FOR LOCAL GUARD SERVICES AT US MISSION FRANCE. IGF::CL::IGF","2016-07-01 00:00:00","expired","G4S SECURE INTEGRATION LLC","SAQMMA16C0084","$187,014,098.82",,,"85","monitor","https://www.usaspending.gov/award/SAQMMA16C0084","{""internal_id"":312050107,""Award ID"":""SAQMMA16C0084"",""Recipient Name"":""G4S SECURE INTEGRATION LLC"",""Award Amount"":187014098.82,""Awarding Agency"":""Department of State"",""Awarding Sub Agency"":""Department of State"",""Start Date"":""2016-07-01"",""End Date"":""2024-09-30"",""Description"":""THE FOLLOWING AWARD IS FOR LOCAL GUARD SERVICES AT US MISSION FRANCE. IGF::CL::IGF"",""NAICS Code"":null,""NAICS Description"":null,""awarding_agency_id"":315,""agency_slug"":""department-of-state"",""generated_internal_id"":""CONT_AWD_SAQMMA16C0084_1900_-NONE-_-NONE-""}","2026-06-03 20:13:31.11","2026-06-03 20:13:31.11","2026-06-03 20:13:31.11"
"fb39361e-a414-5dba-747d-7e7313eaae78","recompete-watch","usaspending","Department of Homeland Security","U.S. Immigration and Customs Enforcement",,,"Award: 70CDCR26C00000016 — AMENTUM SERVICES, INC.","THE PURPOSE OF THIS CONTRACT IS TO PROVIDE DETENTION, TRANSPORTATION AND MEDICAL SERVICES AT THE CAMP EAST MONTANA TEMPORARY DETENTION CENTER IN EL PASO, TX.","2026-03-13 00:00:00","recompete-window","AMENTUM SERVICES, INC.","70CDCR26C00000016","$452,855,435.04",,,"90","pursue","https://www.usaspending.gov/award/70CDCR26C00000016","{""internal_id"":355995518,""Award ID"":""70CDCR26C00000016"",""Recipient Name"":""AMENTUM SERVICES, INC."",""Award Amount"":452855435.04,""Awarding Agency"":""Department of Homeland Security"",""Awarding Sub Agency"":""U.S. Immigration and Customs Enforcement"",""Start Date"":""2026-03-13"",""End Date"":""2026-09-30"",""Description"":""THE PURPOSE OF THIS CONTRACT IS TO PROVIDE DETENTION, TRANSPORTATION AND MEDICAL SERVICES AT THE CAMP EAST MONTANA TEMPORARY DETENTION CENTER IN EL PASO, TX."",""NAICS Code"":null,""awarding_agency_id"":766,""agency_slug"":""department-of-homeland-security"",""generated_internal_id"":""CONT_AWD_70CDCR26C00000016_7012_-NONE-_-NONE-""}","2026-04-07 08:24:14.226","2026-04-07 08:24:14.226","2026-04-07 08:24:14.226"
"fc6e081a-f0a3-56dd-30a4-2c4dff274e5f","recompete-watch","usaspending","Department of State","Department of State",,,"Award: SAQMMA12F1044 — INTERNATIONAL DEVELOPMENT SOLUTIONS LLC","OVERSEAS CONTRACT","2012-03-21 00:00:00","recompete-window","INTERNATIONAL DEVELOPMENT SOLUTIONS LLC","SAQMMA12F1044","$720,426,496.27",,,"90","pursue","https://www.usaspending.gov/award/SAQMMA12F1044","{""internal_id"":312017742,""Award ID"":""SAQMMA12F1044"",""Recipient Name"":""INTERNATIONAL DEVELOPMENT SOLUTIONS LLC"",""Award Amount"":720426496.27,""Awarding Agency"":""Department of State"",""Awarding Sub Agency"":""Department of State"",""Start Date"":""2012-03-21"",""End Date"":""2019-02-09"",""Description"":""OVERSEAS CONTRACT"",""NAICS Code"":null,""awarding_agency_id"":315,""agency_slug"":""department-of-state"",""generated_internal_id"":""CONT_AWD_SAQMMA12F1044_1900_SAQMMA10D0098_1900""}","2026-04-07 08:24:14.226","2026-04-07 08:24:14.226","2026-04-07 08:24:14.226"
"fc932043-db44-541a-5b03-dd847676063e","incumbent-tracker","usaspending","Department of Homeland Security","U.S. Immigration and Customs Enforcement",,,"STG INTERNATIONAL, INC. — Healthcare","IGF::OT::IGF IHSC MEDICAL STAFFING SERVICES","2018-02-20 00:00:00","expired","STG INTERNATIONAL, INC.","70CDCR18C00000003","$641,096,352.82",,,"85","monitor","https://www.usaspending.gov/award/70CDCR18C00000003","{""internal_id"":291190244,""Award ID"":""70CDCR18C00000003"",""Recipient Name"":""STG INTERNATIONAL, INC."",""Award Amount"":641096352.82,""Awarding Agency"":""Department of Homeland Security"",""Awarding Sub Agency"":""U.S. Immigration and Customs Enforcement"",""Start Date"":""2018-02-20"",""End Date"":""2025-03-31"",""Description"":""IGF::OT::IGF IHSC MEDICAL STAFFING SERVICES"",""NAICS Code"":null,""NAICS Description"":null,""awarding_agency_id"":766,""agency_slug"":""department-of-homeland-security"",""generated_internal_id"":""CONT_AWD_70CDCR18C00000003_7012_-NONE-_-NONE-""}","2026-06-03 20:13:31.11","2026-06-03 20:13:31.11","2026-06-03 20:13:31.11"
"fd8ee145-50cc-5927-29ff-25716151953e","forecast","sam_gov","DEPT OF DEFENSE","DEFENSE HEALTH AGENCY (DHA)","FREDERICK",,"Aseptic Hospital Management Services (HAMS)","https://api.sam.gov/prod/opportunities/v1/noticedesc?noticeid=b96fe9496a344c97a31fd89fbb1a74b4","2026-05-29 00:00:00","active",,"PANDHA-26-P-0000-041218",,,,"20","wait","https://sam.gov/workspace/contract/opp/b96fe9496a344c97a31fd89fbb1a74b4/view","{""noticeId"":""b96fe9496a344c97a31fd89fbb1a74b4"",""title"":""Aseptic Hospital Management Services (HAMS)"",""solicitationNumber"":""PANDHA-26-P-0000-041218"",""fullParentPathName"":""DEPT OF DEFENSE.DEFENSE HEALTH AGENCY (DHA).DEFENSE HEALTH AGENCY"",""fullParentPathCode"":""097.97DH.HT9406"",""postedDate"":""2026-05-29"",""type"":""Presolicitation"",""baseType"":""Presolicitation"",""archiveType"":""auto15"",""archiveDate"":""2026-06-27"",""typeOfSetAsideDescription"":""No Set aside used"",""typeOfSetAside"":""NONE"",""responseDeadLine"":""2026-06-12T00:00:00+02:00"",""naicsCode"":""562112"",""naicsCodes"":[""562112""],""classificationCode"":""Q901"",""active"":""Yes"",""award"":null,""pointOfContact"":[{""fax"":"""",""type"":""primary"",""email"":""bouaphet.phanvongsa2.civ@health.mil"",""phone"":""490637194647916"",""title"":null,""fullName"":""Bouaphet Phanvongsa""},{""fax"":"""",""type"":""secondary"",""email"":""sarah.keebaugh.civ@health.mil"",""phone"":"""",""title"":null,""fullName"":""Sarah Keebaugh""}],""description"":""https://api.sam.gov/prod/opportunities/v1/noticedesc?noticeid=b96fe9496a344c97a31fd89fbb1a74b4"",""organizationType"":""OFFICE"",""officeAddress"":{""zipcode"":""21702"",""city"":""FREDERICK"",""countryCode"":""USA"",""state"":""MD""},""placeOfPerformance"":{""country"":{""code"":""GBR"",""name"":""UNITED KINGDOM""}},""additionalInfoLink"":null,""uiLink"":""https://sam.gov/workspace/contract/opp/b96fe9496a344c97a31fd89fbb1a74b4/view"",""links"":[{""rel"":""self"",""href"":""https://api.sam.gov/prod/opportunities/v2/search?noticeid=b96fe9496a344c97a31fd89fbb1a74b4&limit=1""}],""resourceLinks"":[""https://sam.gov/api/prod/opps/v3/opportunities/resources/files/0fe5e44ac11c4097a5918848902f5e74/download""]}","2026-05-31 23:07:00.265","2026-05-31 23:07:00.265","2026-05-31 23:07:00.265"
"ffec8860-a450-5395-f07e-05a2994944f5","deployment-medical","state_dept","State Department",,,"Argentina","Argentina - Level 1: Exercise Normal Precautions","<p><i><b>The health risk indicator was added. There were no changes to the advisory level. Advisory summary was updated. Updated to include Health Information.</b></i></p>
<p><b>Exercise normal precautions </b>in<b>&nbsp;Argentina&nbsp;</b>due to<b>&nbsp;health.&nbsp;</b>Some areas have increased risk. Read the entire Travel Advisory.</p>
<p><b>Health</b><br>
The U.S. Centers for Disease Control (","2026-05-20 00:00:00","active",,,,,"Travel Advisory","45","monitor","https://travel.state.gov/content/travel/en/traveladvisories/traveladvisories/argentina-travel-advisory.html","{""title"":""Argentina - Level 1: Exercise Normal Precautions"",""description"":""<p><i><b>The health risk indicator was added. There were no changes to the advisory level. Advisory summary was updated. Updated to include Health Information.</b></i></p>\n<p><b>Exercise normal precautions </b>in<b>&nbsp;Argentina&nbsp;</b>due to<b>&nbsp;health.&nbsp;</b>Some areas have increased risk. Read the entire Travel Advisory.</p>\n<p><b>Health</b><br>\nThe U.S. Centers for Disease Control (CDC) has issued a Level 1 Travelers&#8217; Health Notice for Andes virus (Hantavirus) in the region. The risk for most travelers is extremely low; the United States is working with international partners to investigate and prevent further viral spread. Review the CDC&#8217;s Travelers&#8217; Health Notice for more information on <a href=\""https://wwwnc.cdc.gov/travel/notices/level1/andes-virus-south-america\"">Andes virus</a>.&nbsp;</p>\n<p><b>Advisory Summary<br>\n</b>Exercise increased caution in <b>City of Rosario (Santa Fe province)</b> due to <b>crime</b>.</p>\n<p>Read the&nbsp;<a href=\""https://travel.state.gov/content/travel/en/international-travel/International-Travel-Country-Information-Pages/Argentina.html\"">country information page</a>&nbsp;for additional information on travel to Argentina.</p>\n<p><b>Level 2: Exercise Increased Caution &#8211;&nbsp;City of Rosario<br>\n</b>Criminal and narcotics trafficking elements are active in Rosario (Santa Fe province)<i> </i>resulting in increased crime and violence.</p>\n<p><b>If you decide to travel to Argentina:&nbsp;</b></p>\n<ul>\n<li>Enroll in the <a href=\""https://step.state.gov/step/\"">Smart Traveler Enrollment Program (STEP)</a> to receive Alerts and make it easier to locate you in an emergency.</li>\n<li>Follow the Department of State on <a href=\""http://www.facebook.com/travelgov\"">Facebook</a> and <a href=\""http://www.twitter.com/travelgov\"">Twitter</a>.</li>\n<li>Review the <a href=\""https://www.osac.gov/Content/Browse/Report?subContentTypes=Country%20Security%20Report\"">Country Security Report</a> for Argentina.</li>\n<li>Prepare a contingency plan for emergency situations. Review the <a href=\""https://travel.state.gov/content/travel/en/international-travel/before-you-go/travelers-checklist.html\"">Traveler&#8217;s Checklist</a>.</li>\n<li>Visit the CDC page for the latest <a href=\""https://wwwnc.cdc.gov/travel/destinations/list\"">Travel Health Information</a> related to your travel.&nbsp;</li>\n</ul>"",""link"":""https://travel.state.gov/content/travel/en/traveladvisories/traveladvisories/argentina-travel-advisory.html"",""pubDate"":""Wed, 20 May 2026""}","2026-06-03 20:13:15.131","2026-06-03 20:13:15.131","2026-06-03 20:13:15.131"