"id","source_id","source_name","category","title","summary","item_url","source_url","published_date","scrape_status","error_message","raw_json","scraped_at","created_at","updated_at","protected_from_cleanup","protected_at"
"smi-04e9e3441b26cf2c","gd","General Dynamics","Contractor Newsrooms","News Feed",,"https://www.gd.com/news/news-feed","https://www.gd.com/news",,"success",,"{""title"":""News Feed"",""itemUrl"":""https://www.gd.com/news/news-feed""}","2026-06-24 07:52:50.772","2026-06-24 07:52:50.772","2026-06-24 07:52:50.772","false",
"smi-052d599c553af503","gd","General Dynamics","Contractor Newsrooms","Marine",,"https://www.gd.com/our-businesses/marine-systems","https://www.gd.com/news",,"success",,"{""title"":""Marine"",""itemUrl"":""https://www.gd.com/our-businesses/marine-systems""}","2026-06-24 07:52:50.772","2026-06-24 07:52:50.772","2026-06-24 07:52:50.772","false",
"smi-057cb4176274a1b1","dhs-oig","DHS OIG","Oversight / Pain Points","Results of an Unannounced Inspection of Winn Correctional Center in Winnfield, Louisiana",,"https://www.oig.dhs.gov/sites/default/files/assets/2026-06/OIG-26-08-Jun26.pdf","https://www.oig.dhs.gov/",,"success",,"{""title"":""Results of an Unannounced Inspection of Winn Correctional Center in Winnfield, Louisiana"",""itemUrl"":""https://www.oig.dhs.gov/sites/default/files/assets/2026-06/OIG-26-08-Jun26.pdf""}","2026-06-24 07:53:19.869","2026-06-24 07:53:19.869","2026-06-24 07:53:19.869","false",
"smi-066a98bfe51d7f2f","hhs-oig","HHS OIG","Oversight / Pain Points","Budget",,"https://oig.hhs.gov/reports-and-publications/budget/index.asp","https://oig.hhs.gov/",,"success",,"{""title"":""Budget"",""itemUrl"":""https://oig.hhs.gov/reports-and-publications/budget/index.asp""}","2026-06-24 07:53:22.019","2026-06-24 07:53:22.019","2026-06-24 07:53:22.019","false",
"smi-0734e7a2d0a90748","mantech","ManTech","Contractor Newsrooms","Intelligence & Homeland Security",,"https://www.mantech.com/markets/intelligence-homeland-security/","https://www.mantech.com/news/",,"success",,"{""title"":""Intelligence & Homeland Security"",""itemUrl"":""https://www.mantech.com/markets/intelligence-homeland-security/""}","2026-06-24 07:52:59.134","2026-06-24 07:52:59.134","2026-06-24 07:52:59.134","false",
"smi-07a614360d65bfb6","rtx","RTX","Contractor Newsrooms","RTX invests $100 million to accelerate radar testing and interceptor production in Rhode Island",,"https://www.rtx.com/news/news-center/2026/06/08/rtx-invests-100-million-to-accelerate-radar-testing-and-interceptor-production-i","https://www.rtx.com/news",,"success",,"{""title"":""RTX invests $100 million to accelerate radar testing and interceptor production in Rhode Island"",""itemUrl"":""https://www.rtx.com/news/news-center/2026/06/08/rtx-invests-100-million-to-accelerate-radar-testing-and-interceptor-production-i""}","2026-06-24 07:52:44.396","2026-06-24 07:52:44.396","2026-06-24 07:52:44.396","false",
"smi-0890ff5c96cd2c60","state-dept-travel","State Dept Travel Advisories","Medical / Deployment / Occu-Med","Antigua and Barbuda",,"https://travel.state.gov/content/travel/en/international-travel/International-Travel-Country-Information-Pages/AntiguaandBarbuda.html","https://travel.state.gov/content/travel/en/traveladvisories/traveladvisories.html/","2026-05-20 00:00:00","success",,"{""title"":""Antigua and Barbuda"",""itemUrl"":""https://travel.state.gov/content/travel/en/international-travel/International-Travel-Country-Information-Pages/AntiguaandBarbuda.html"",""publishedDate"":""2026-05-20T00:00:00.000Z""}","2026-06-24 07:53:32.07","2026-06-24 07:53:32.07","2026-06-24 07:53:32.07","false",
"smi-0a796558c8a94187","govinfo","GovInfo","Regulatory / Rulemaking","Link Service",,"https://www.govinfo.gov/link-docs","https://www.govinfo.gov/",,"success",,"{""title"":""Link Service"",""itemUrl"":""https://www.govinfo.gov/link-docs""}","2026-06-24 07:53:13.147","2026-06-24 07:53:13.147","2026-06-24 07:53:13.147","false",
"smi-0aa79dfd8d7ad48c","dhs-oig","DHS OIG","Oversight / Pain Points","Press Release",,"https://www.oig.dhs.gov/news/press-releases","https://www.oig.dhs.gov/",,"success",,"{""title"":""Press Release"",""itemUrl"":""https://www.oig.dhs.gov/news/press-releases""}","2026-06-24 07:53:19.869","2026-06-24 07:53:19.869","2026-06-24 07:53:19.869","false",
"smi-0b74cfb74bcf77f2","peraton","Peraton","Contractor Newsrooms","Read More",,"https://www.peraton.com/news/the-unknown-force-behind-space-missions","https://www.peraton.com/news/","2026-05-11 00:00:00","success",,"{""title"":""Read More"",""itemUrl"":""https://www.peraton.com/news/the-unknown-force-behind-space-missions"",""publishedDate"":""2026-05-11T00:00:00.000Z""}","2026-06-24 07:52:56.953","2026-06-24 07:52:56.953","2026-06-24 07:52:56.953","false",
"smi-0c55fd016b0dc051","osha-news","OSHA News Releases","Medical / Deployment / Occu-Med","OSHA Back",,"https://www.osha.gov/%23","https://www.osha.gov/news/newsreleases",,"success",,"{""title"":""OSHA Back"",""itemUrl"":""https://www.osha.gov/%23""}","2026-06-24 07:53:37.759","2026-06-24 07:53:37.759","2026-06-24 07:53:37.759","false",
"smi-0cf3d865dbeb3766","grants-gov","Grants.gov","Federal Procurement / Awards","Site Map",,"https://www.grants.gov/site-map","https://www.grants.gov/",,"success",,"{""title"":""Site Map"",""itemUrl"":""https://www.grants.gov/site-map""}","2026-06-24 07:53:05.663","2026-06-24 07:53:05.663","2026-06-24 07:53:05.663","false",
"smi-0d1a81e782802108","cdc-travel","CDC Travel Notices","Medical / Deployment / Occu-Med","Read More >>",,"https://wwwnc.cdc.gov/travel/notices/level2/chikungunya-french-guiana","https://wwwnc.cdc.gov/travel/notices","2026-06-04 00:00:00","success",,"{""title"":""Read More >>"",""itemUrl"":""https://wwwnc.cdc.gov/travel/notices/level2/chikungunya-french-guiana"",""publishedDate"":""2026-06-04T00:00:00.000Z""}","2026-06-24 07:53:30.069","2026-06-24 07:53:30.069","2026-06-24 07:53:30.069","false",
"smi-10223d903d76f40a","sam-opps","SAM.gov Opportunities","Federal Procurement / Awards","Go to DataBank reports",,"https://sam.gov/reports/opp/standard","https://sam.gov/content/opportunities",,"success",,"{""title"":""Go to DataBank reports"",""itemUrl"":""https://sam.gov/reports/opp/standard""}","2026-06-24 07:53:02.339","2026-06-24 07:53:02.339","2026-06-24 07:53:02.339","false",
"smi-10e4a4d64c3205a3","govinfo","GovInfo","Regulatory / Rulemaking","Sitemaps",,"https://www.govinfo.gov/sitemaps","https://www.govinfo.gov/",,"success",,"{""title"":""Sitemaps"",""itemUrl"":""https://www.govinfo.gov/sitemaps""}","2026-06-24 07:53:13.147","2026-06-24 07:53:13.147","2026-06-24 07:53:13.147","false",
"smi-1143e8e3ea3842b7","cdc-travel","CDC Travel Notices","Medical / Deployment / Occu-Med","destination page",,"https://wwwnc.cdc.gov/travel/destinations/list","https://wwwnc.cdc.gov/travel/notices",,"success",,"{""title"":""destination page"",""itemUrl"":""https://wwwnc.cdc.gov/travel/destinations/list""}","2026-06-24 07:53:30.069","2026-06-24 07:53:30.069","2026-06-24 07:53:30.069","false",
"smi-11cfc1e7051516ed","faa-ame","FAA AME Guide","Medical / Deployment / Occu-Med","Archives and Updates Section",,"https://www.faa.gov/ame_guide/media/archives.pdf","https://www.faa.gov/ame_guide","2026-05-27 00:00:00","success",,"{""title"":""Archives and Updates Section"",""itemUrl"":""https://www.faa.gov/ame_guide/media/archives.pdf"",""publishedDate"":""2026-05-27T00:00:00.000Z""}","2026-06-24 07:53:35.572","2026-06-24 07:53:35.572","2026-06-24 07:53:35.572","false",
"smi-12f412d36c82dece","peraton","Peraton","Contractor Newsrooms","Read More",,"https://www.peraton.com/news/peraton-iris-ai-powered-decision-support-platform-redefining-operations-in-the-information-environment","https://www.peraton.com/news/","2026-05-11 00:00:00","success",,"{""title"":""Read More"",""itemUrl"":""https://www.peraton.com/news/peraton-iris-ai-powered-decision-support-platform-redefining-operations-in-the-information-environment"",""publishedDate"":""2026-05-11T00:00:00.000Z""}","2026-06-24 07:52:56.953","2026-06-24 07:52:56.953","2026-06-24 07:52:56.953","false",
"smi-1337d2d49e6fa4fe","cdc-travel","CDC Travel Notices","Medical / Deployment / Occu-Med","Read More >>",,"https://wwwnc.cdc.gov/travel/notices/level2/malaria-yemen","https://wwwnc.cdc.gov/travel/notices","2026-06-11 00:00:00","success",,"{""title"":""Read More >>"",""itemUrl"":""https://wwwnc.cdc.gov/travel/notices/level2/malaria-yemen"",""publishedDate"":""2026-06-11T00:00:00.000Z""}","2026-06-24 07:53:30.069","2026-06-24 07:53:30.069","2026-06-24 07:53:30.069","false",
"smi-134d77e4d7cfd931","osha-news","OSHA News Releases","Medical / Deployment / Occu-Med","State Plans",,"https://www.osha.gov/stateplans","https://www.osha.gov/news/newsreleases",,"success",,"{""title"":""State Plans"",""itemUrl"":""https://www.osha.gov/stateplans""}","2026-06-24 07:53:37.759","2026-06-24 07:53:37.759","2026-06-24 07:53:37.759","false",
"smi-1459111fd00ed222","faa-ame","FAA AME Guide","Medical / Deployment / Occu-Med","Examination Techniques",,"https://www.faa.gov/ame_guide/app_process/exam_tech","https://www.faa.gov/ame_guide","2026-05-27 00:00:00","success",,"{""title"":""Examination Techniques"",""itemUrl"":""https://www.faa.gov/ame_guide/app_process/exam_tech"",""publishedDate"":""2026-05-27T00:00:00.000Z""}","2026-06-24 07:53:35.572","2026-06-24 07:53:35.572","2026-06-24 07:53:35.572","false",
"smi-148429892748e35f","osha-data","OSHA Data","Medical / Deployment / Occu-Med","General Duty Clause Violation",,"https://www.osha.gov/ords/imis/generalsearch.html","https://www.osha.gov/data","2025-12-04 00:00:00","success",,"{""title"":""General Duty Clause Violation"",""itemUrl"":""https://www.osha.gov/ords/imis/generalsearch.html"",""publishedDate"":""2025-12-04T00:00:00.000Z""}","2026-06-24 07:53:39.762","2026-06-24 07:53:39.762","2026-06-24 07:53:39.762","false",
"smi-1568d59caa32e43b","parsons","Parsons","Contractor Newsrooms","Parsons Marks Groundbreaking Of Major Interchange Improvements Project In Connecticut",,"https://www.parsons.com/2026/06/parsons-marks-groundbreaking-of-major-interchange-improvements-project-in-connecticut/","https://www.parsons.com/newsroom/",,"success",,"{""title"":""Parsons Marks Groundbreaking Of Major Interchange Improvements Project In Connecticut"",""itemUrl"":""https://www.parsons.com/2026/06/parsons-marks-groundbreaking-of-major-interchange-improvements-project-in-connecticut/""}","2026-06-24 07:52:53.448","2026-06-24 07:52:53.448","2026-06-24 07:52:53.448","false",
"smi-17e40c7beb2ed5af","mantech","ManTech","Contractor Newsrooms","Commercial",,"https://www.mantech.com/commercial/","https://www.mantech.com/news/",,"success",,"{""title"":""Commercial"",""itemUrl"":""https://www.mantech.com/commercial/""}","2026-06-24 07:52:59.134","2026-06-24 07:52:59.134","2026-06-24 07:52:59.134","false",
"smi-18ca5fc808542817","rtx","RTX","Contractor Newsrooms","Pratt & Whitney",,"https://www.rtx.com/prattwhitney","https://www.rtx.com/news",,"success",,"{""title"":""Pratt & Whitney"",""itemUrl"":""https://www.rtx.com/prattwhitney""}","2026-06-24 07:52:44.396","2026-06-24 07:52:44.396","2026-06-24 07:52:44.396","false",
"smi-18df0d57bd703b1e","gd","General Dynamics","Contractor Newsrooms","Aerospace",,"https://www.gd.com/our-businesses/aerospace","https://www.gd.com/news",,"success",,"{""title"":""Aerospace"",""itemUrl"":""https://www.gd.com/our-businesses/aerospace""}","2026-06-24 07:52:50.772","2026-06-24 07:52:50.772","2026-06-24 07:52:50.772","false",
"smi-190a6fd81483d19f","usajobs","USAJOBS","Workforce / Demand","Profile",,"https://www.usajobs.gov/applicant/profile/","https://www.usajobs.gov/",,"success",,"{""title"":""Profile"",""itemUrl"":""https://www.usajobs.gov/applicant/profile/""}","2026-06-24 07:53:27.426","2026-06-24 07:53:27.426","2026-06-24 07:53:27.426","false",
"smi-196c626d525b4e7e","mantech","ManTech","Contractor Newsrooms","Overview",,"https://www.mantech.com/mission-vision-values/","https://www.mantech.com/news/",,"success",,"{""title"":""Overview"",""itemUrl"":""https://www.mantech.com/mission-vision-values/""}","2026-06-24 07:52:59.134","2026-06-24 07:52:59.134","2026-06-24 07:52:59.134","false",
"smi-1b00b615ebb43474","grants-gov","Grants.gov","Federal Procurement / Awards","Disclaimers",,"https://www.grants.gov/exit-disclaimer","https://www.grants.gov/",,"success",,"{""title"":""Disclaimers"",""itemUrl"":""https://www.grants.gov/exit-disclaimer""}","2026-06-24 07:53:05.663","2026-06-24 07:53:05.663","2026-06-24 07:53:05.663","false",
"smi-1b883455fce3b4a0","govinfo","GovInfo","Regulatory / Rulemaking","Bulk Data Repository",,"https://www.govinfo.gov/bulkdata","https://www.govinfo.gov/",,"success",,"{""title"":""Bulk Data Repository"",""itemUrl"":""https://www.govinfo.gov/bulkdata""}","2026-06-24 07:53:13.147","2026-06-24 07:53:13.147","2026-06-24 07:53:13.147","false",
"smi-1d9216f4bca0cc35","state-dept-travel","State Dept Travel Advisories","Medical / Deployment / Occu-Med","Armenia",,"https://travel.state.gov/content/travel/en/international-travel/International-Travel-Country-Information-Pages/Armenia.html","https://travel.state.gov/content/travel/en/traveladvisories/traveladvisories.html/","2025-09-05 00:00:00","success",,"{""title"":""Armenia"",""itemUrl"":""https://travel.state.gov/content/travel/en/international-travel/International-Travel-Country-Information-Pages/Armenia.html"",""publishedDate"":""2025-09-05T00:00:00.000Z""}","2026-06-24 07:53:32.07","2026-06-24 07:53:32.07","2026-06-24 07:53:32.07","false",
"smi-20b8f07e9d6a617d","acquisition-gov","Acquisition.gov","Federal Procurement / Awards","FAR Overhaul PA Updates Resulting from Trade Agreement Threshold Increases",,"https://www.acquisition.gov/content/far-overhaul-pa-updates-resulting-trade-agreement-threshold-increases","https://www.acquisition.gov/",,"success",,"{""title"":""FAR Overhaul PA Updates Resulting from Trade Agreement Threshold Increases"",""itemUrl"":""https://www.acquisition.gov/content/far-overhaul-pa-updates-resulting-trade-agreement-threshold-increases""}","2026-06-24 07:53:07.563","2026-06-24 07:53:07.563","2026-06-24 07:53:07.563","false",
"smi-2109c8c81e816fbe","hhs-oig","HHS OIG","Oversight / Pain Points","All Reports and Publications",,"https://oig.hhs.gov/reports/all/","https://oig.hhs.gov/",,"success",,"{""title"":""All Reports and Publications"",""itemUrl"":""https://oig.hhs.gov/reports/all/""}","2026-06-24 07:53:22.019","2026-06-24 07:53:22.019","2026-06-24 07:53:22.019","false",
"smi-216751c686adafb2","dhs-oig","DHS OIG","Oversight / Pain Points","DHS OIG Order of Succession",,"https://www.oig.dhs.gov/sites/default/files/DHS-OIG-Order-of-Succession-20240916.pdf","https://www.oig.dhs.gov/",,"success",,"{""title"":""DHS OIG Order of Succession"",""itemUrl"":""https://www.oig.dhs.gov/sites/default/files/DHS-OIG-Order-of-Succession-20240916.pdf""}","2026-06-24 07:53:19.869","2026-06-24 07:53:19.869","2026-06-24 07:53:19.869","false",
"smi-22601e75f677d240","osha-news","OSHA News Releases","Medical / Deployment / Occu-Med","Job Safety and Health Poster",,"https://www.osha.gov/publications/poster","https://www.osha.gov/news/newsreleases",,"success",,"{""title"":""Job Safety and Health Poster"",""itemUrl"":""https://www.osha.gov/publications/poster""}","2026-06-24 07:53:37.759","2026-06-24 07:53:37.759","2026-06-24 07:53:37.759","false",
"smi-236b7b7abc92c2f5","cdc-travel","CDC Travel Notices","Medical / Deployment / Occu-Med","Ebola Bundibugyo Virus Disease in Parts of the Democratic Republic of the Congo",,"https://wwwnc.cdc.gov/travel/notices/level3/ebola-democratic-republic-of-the-congo","https://wwwnc.cdc.gov/travel/notices","2026-06-15 00:00:00","success",,"{""title"":""Ebola Bundibugyo Virus Disease in Parts of the Democratic Republic of the Congo"",""itemUrl"":""https://wwwnc.cdc.gov/travel/notices/level3/ebola-democratic-republic-of-the-congo"",""publishedDate"":""2026-06-15T00:00:00.000Z""}","2026-06-24 07:53:30.069","2026-06-24 07:53:30.069","2026-06-24 07:53:30.069","false",
"smi-2431f7862c9db6d2","sam-opps","SAM.gov Opportunities","Federal Procurement / Awards","Go to Contract Opportunities Federal home",,"https://sam.gov/opportunities/federal","https://sam.gov/content/opportunities",,"success",,"{""title"":""Go to Contract Opportunities Federal home"",""itemUrl"":""https://sam.gov/opportunities/federal""}","2026-06-24 07:53:02.339","2026-06-24 07:53:02.339","2026-06-24 07:53:02.339","false",
"smi-2519a4e0f4bc2f1e","grants-gov","Grants.gov","Federal Procurement / Awards","Learn more",,"https://www.grants.gov/learn-grants/","https://www.grants.gov/",,"success",,"{""title"":""Learn more"",""itemUrl"":""https://www.grants.gov/learn-grants/""}","2026-06-24 07:53:05.663","2026-06-24 07:53:05.663","2026-06-24 07:53:05.663","false",
"smi-257ec8be5be81d71","faa-ame","FAA AME Guide","Medical / Deployment / Occu-Med","FAQs for Pilots/ATCS",,"https://www.faa.gov/ame_guide/media/Therapy_Psychotherapy_And_Counseling_FAQs_For_Pilots_And_ATCS.pdf","https://www.faa.gov/ame_guide","2026-05-27 00:00:00","success",,"{""title"":""FAQs for Pilots/ATCS"",""itemUrl"":""https://www.faa.gov/ame_guide/media/Therapy_Psychotherapy_And_Counseling_FAQs_For_Pilots_And_ATCS.pdf"",""publishedDate"":""2026-05-27T00:00:00.000Z""}","2026-06-24 07:53:35.572","2026-06-24 07:53:35.572","2026-06-24 07:53:35.572","false",
"smi-25dcbbca9690eca0","faa-ame","FAA AME Guide","Medical / Deployment / Occu-Med","Applicant History",,"https://www.faa.gov/ame_guide/app_process/app_history","https://www.faa.gov/ame_guide","2026-05-27 00:00:00","success",,"{""title"":""Applicant History"",""itemUrl"":""https://www.faa.gov/ame_guide/app_process/app_history"",""publishedDate"":""2026-05-27T00:00:00.000Z""}","2026-06-24 07:53:35.572","2026-06-24 07:53:35.572","2026-06-24 07:53:35.572","false",
"smi-2664996a59998081","state-dept-travel","State Dept Travel Advisories","Medical / Deployment / Occu-Med","Algeria",,"https://travel.state.gov/content/travel/en/international-travel/International-Travel-Country-Information-Pages/Algeria.html","https://travel.state.gov/content/travel/en/traveladvisories/traveladvisories.html/","2024-09-26 00:00:00","success",,"{""title"":""Algeria"",""itemUrl"":""https://travel.state.gov/content/travel/en/international-travel/International-Travel-Country-Information-Pages/Algeria.html"",""publishedDate"":""2024-09-26T00:00:00.000Z""}","2026-06-24 07:53:32.07","2026-06-24 07:53:32.07","2026-06-24 07:53:32.07","false",
"smi-267afc914bbd408e","naspo","NASPO State Procurement Directory","State / Local Procurement","About",,"https://www.naspo.org/awards/giulio-mazzone-award/","https://www.naspo.org/states/",,"success",,"{""title"":""About"",""itemUrl"":""https://www.naspo.org/awards/giulio-mazzone-award/""}","2026-06-24 07:53:44.135","2026-06-24 07:53:44.135","2026-06-24 07:53:44.135","false",
"smi-26b69799ade468a4","lockheed","Lockheed Martin","Contractor Newsrooms","Get News Alerts by Email",,"https://news.lockheedmartin.com/email-alerts","https://news.lockheedmartin.com/",,"success",,"{""title"":""Get News Alerts by Email"",""itemUrl"":""https://news.lockheedmartin.com/email-alerts""}","2026-06-24 07:52:47.208","2026-06-24 07:52:47.208","2026-06-24 07:52:47.208","false",
"smi-2800499b1c460799","acquisition-gov","Acquisition.gov","Federal Procurement / Awards","Regulations",,"https://www.acquisition.gov/content/regulations","https://www.acquisition.gov/",,"success",,"{""title"":""Regulations"",""itemUrl"":""https://www.acquisition.gov/content/regulations""}","2026-06-24 07:53:07.563","2026-06-24 07:53:07.563","2026-06-24 07:53:07.563","false",
"smi-2828e6277d802475","acquisition-gov","Acquisition.gov","Federal Procurement / Awards","Archives",,"https://www.acquisition.gov/archives?type=FAR","https://www.acquisition.gov/",,"success",,"{""title"":""Archives"",""itemUrl"":""https://www.acquisition.gov/archives?type=FAR""}","2026-06-24 07:53:07.563","2026-06-24 07:53:07.563","2026-06-24 07:53:07.563","false",
"smi-2895588333f338de","doj-oig","DOJ OIG","Oversight / Pain Points","Sitemap",,"https://oig.justice.gov/sitemap.xml","https://oig.justice.gov/",,"success",,"{""title"":""Sitemap"",""itemUrl"":""https://oig.justice.gov/sitemap.xml""}","2026-06-24 07:53:24.742","2026-06-24 07:53:24.742","2026-06-24 07:53:24.742","false",
"smi-2af4ca0b53fa64b3","federal-register","Federal Register","Regulatory / Rulemaking","Agencies",,"https://www.federalregister.gov/agencies","https://www.federalregister.gov/",,"success",,"{""title"":""Agencies"",""itemUrl"":""https://www.federalregister.gov/agencies""}","2026-06-24 07:53:09.988","2026-06-24 07:53:09.988","2026-06-24 07:53:09.988","false",
"smi-2b4719edb1c09e32","peraton","Peraton","Contractor Newsrooms","In The News",,"https://www.peraton.com/news/category/in-the-news/","https://www.peraton.com/news/","2026-05-11 00:00:00","success",,"{""title"":""In The News"",""itemUrl"":""https://www.peraton.com/news/category/in-the-news/"",""publishedDate"":""2026-05-11T00:00:00.000Z""}","2026-06-24 07:52:56.953","2026-06-24 07:52:56.953","2026-06-24 07:52:56.953","false",
"smi-2c0b3faf317f2303","cdc-travel","CDC Travel Notices","Medical / Deployment / Occu-Med","Read More >>",,"https://wwwnc.cdc.gov/travel/notices/level3/ebola-democratic-republic-of-the-congo","https://wwwnc.cdc.gov/travel/notices","2026-06-15 00:00:00","success",,"{""title"":""Read More >>"",""itemUrl"":""https://wwwnc.cdc.gov/travel/notices/level3/ebola-democratic-republic-of-the-congo"",""publishedDate"":""2026-06-15T00:00:00.000Z""}","2026-06-24 07:53:30.069","2026-06-24 07:53:30.069","2026-06-24 07:53:30.069","false",
"smi-2e2b6d2fd6cc4832","northrop","Northrop Grumman","Contractor Newsrooms","Northrop Grumman Expanding Its Use of NVIDIA AI Technology to Advance Solutions for Space",,"https://news.northropgrumman.com/digital-transformation/Northrop-Grumman-Expanding-Its-Use-of-NVIDIA-AI-Technology-to-Advance-Solutions-for-Space","https://news.northropgrumman.com/",,"success",,"{""title"":""Northrop Grumman Expanding Its Use of NVIDIA AI Technology to Advance Solutions for Space"",""itemUrl"":""https://news.northropgrumman.com/digital-transformation/Northrop-Grumman-Expanding-Its-Use-of-NVIDIA-AI-Technology-to-Advance-Solutions-for-Space""}","2026-06-24 07:52:48.791","2026-06-24 07:52:48.791","2026-06-24 07:52:48.791","false",
"smi-2ea7385355cce7f8","rtx","RTX","Contractor Newsrooms","Our Leadership",,"https://www.rtx.com/who-we-are/our-leadership","https://www.rtx.com/news",,"success",,"{""title"":""Our Leadership"",""itemUrl"":""https://www.rtx.com/who-we-are/our-leadership""}","2026-06-24 07:52:44.396","2026-06-24 07:52:44.396","2026-06-24 07:52:44.396","false",
"smi-311f8afd3a6ba64c","dhs-oig","DHS OIG","Oversight / Pain Points","Maryland Man Pleads Guilty to Tax Fraud Crimes in Connection With Unemployment Insurance Fraud Conspiracy",,"https://www.oig.dhs.gov/sites/default/files/assets/pr/2026/dojpr-060326-maryland-man-pleads-guilty-tax-fraud-crimes-connection-unemployment-insurance-fraud.pdf","https://www.oig.dhs.gov/",,"success",,"{""title"":""Maryland Man Pleads Guilty to Tax Fraud Crimes in Connection With Unemployment Insurance Fraud Conspiracy"",""itemUrl"":""https://www.oig.dhs.gov/sites/default/files/assets/pr/2026/dojpr-060326-maryland-man-pleads-guilty-tax-fraud-crimes-connection-unemployment-insurance-fraud.pdf""}","2026-06-24 07:53:19.869","2026-06-24 07:53:19.869","2026-06-24 07:53:19.869","false",
"smi-3249745360df4878","hhs-oig","HHS OIG","Oversight / Pain Points","Report Fraud, Waste, & Abuse",,"https://oig.hhs.gov/fraud/report-fraud/","https://oig.hhs.gov/",,"success",,"{""title"":""Report Fraud, Waste, & Abuse"",""itemUrl"":""https://oig.hhs.gov/fraud/report-fraud/""}","2026-06-24 07:53:22.019","2026-06-24 07:53:22.019","2026-06-24 07:53:22.019","false",
"smi-328810f3dd23333e","naspo","NASPO State Procurement Directory","State / Local Procurement","Awards",,"https://www.naspo.org/awards/george-cronin-awards/","https://www.naspo.org/states/",,"success",,"{""title"":""Awards"",""itemUrl"":""https://www.naspo.org/awards/george-cronin-awards/""}","2026-06-24 07:53:44.135","2026-06-24 07:53:44.135","2026-06-24 07:53:44.135","false",
"smi-328bcb4d7f2bee08","nys-contracts","NYS Contract Reporter","State / Local Procurement","Advertise Opportunities",,"https://www.nyscr.ny.gov/Home/Advertise","https://www.nyscr.ny.gov/",,"success",,"{""title"":""Advertise Opportunities"",""itemUrl"":""https://www.nyscr.ny.gov/Home/Advertise""}","2026-06-24 07:54:03.53","2026-06-24 07:54:03.53","2026-06-24 07:54:03.53","false",
"smi-3414035c6b317340","acquisition-gov","Acquisition.gov","Federal Procurement / Awards","Acquisition Regulation Comparator (ARC)",,"https://www.acquisition.gov/arc","https://www.acquisition.gov/",,"success",,"{""title"":""Acquisition Regulation Comparator (ARC)"",""itemUrl"":""https://www.acquisition.gov/arc""}","2026-06-24 07:53:07.563","2026-06-24 07:53:07.563","2026-06-24 07:53:07.563","false",
"smi-3414937d0b141f1a","gd","General Dynamics","Contractor Newsrooms","Media Gallery",,"https://www.gd.com/news/media-gallery","https://www.gd.com/news",,"success",,"{""title"":""Media Gallery"",""itemUrl"":""https://www.gd.com/news/media-gallery""}","2026-06-24 07:52:50.772","2026-06-24 07:52:50.772","2026-06-24 07:52:50.772","false",
"smi-378d40f1d4dc6091","govinfo","GovInfo","Regulatory / Rulemaking","Developer Hub",,"https://www.govinfo.gov/developers","https://www.govinfo.gov/",,"success",,"{""title"":""Developer Hub"",""itemUrl"":""https://www.govinfo.gov/developers""}","2026-06-24 07:53:13.147","2026-06-24 07:53:13.147","2026-06-24 07:53:13.147","false",
"smi-383e2aa075a7e51a","mantech","ManTech","Contractor Newsrooms","Defense & Space",,"https://www.mantech.com/markets/defense-space/","https://www.mantech.com/news/",,"success",,"{""title"":""Defense & Space"",""itemUrl"":""https://www.mantech.com/markets/defense-space/""}","2026-06-24 07:52:59.134","2026-06-24 07:52:59.134","2026-06-24 07:52:59.134","false",
"smi-38f3a291e070791c","rtx","RTX","Contractor Newsrooms","Overview",,"https://www.rtx.com/who-we-are/we-are-rtx/overview","https://www.rtx.com/news",,"success",,"{""title"":""Overview"",""itemUrl"":""https://www.rtx.com/who-we-are/we-are-rtx/overview""}","2026-06-24 07:52:44.396","2026-06-24 07:52:44.396","2026-06-24 07:52:44.396","false",
"smi-3ab08e3331670d69","naspo","NASPO State Procurement Directory","State / Local Procurement","History",,"https://www.naspo.org/awards/george-cronin-awards/history/","https://www.naspo.org/states/",,"success",,"{""title"":""History"",""itemUrl"":""https://www.naspo.org/awards/george-cronin-awards/history/""}","2026-06-24 07:53:44.135","2026-06-24 07:53:44.135","2026-06-24 07:53:44.135","false",
"smi-3be852e5d86bce5f","peraton","Peraton","Contractor Newsrooms","The Unknown Force Behind Space Missions",,"https://www.peraton.com/news/the-unknown-force-behind-space-missions","https://www.peraton.com/news/","2026-05-11 00:00:00","success",,"{""title"":""The Unknown Force Behind Space Missions"",""itemUrl"":""https://www.peraton.com/news/the-unknown-force-behind-space-missions"",""publishedDate"":""2026-05-11T00:00:00.000Z""}","2026-06-24 07:52:56.953","2026-06-24 07:52:56.953","2026-06-24 07:52:56.953","false",
"smi-3d50d334c2f6ef5a","federal-register","Federal Register","Regulatory / Rulemaking","Health & Public Welfare",,"https://www.federalregister.gov/health-and-public-welfare","https://www.federalregister.gov/",,"success",,"{""title"":""Health & Public Welfare"",""itemUrl"":""https://www.federalregister.gov/health-and-public-welfare""}","2026-06-24 07:53:09.988","2026-06-24 07:53:09.988","2026-06-24 07:53:09.988","false",
"smi-3faac5fbec4efe79","northrop","Northrop Grumman","Contractor Newsrooms","News Stream",,"https://news.northropgrumman.com/News-Stream","https://news.northropgrumman.com/",,"success",,"{""title"":""News Stream"",""itemUrl"":""https://news.northropgrumman.com/News-Stream""}","2026-06-24 07:52:48.791","2026-06-24 07:52:48.791","2026-06-24 07:52:48.791","false",
"smi-4170e08d03995eb1","state-dept-travel","State Dept Travel Advisories","Medical / Deployment / Occu-Med","Albania",,"https://travel.state.gov/content/travel/en/international-travel/International-Travel-Country-Information-Pages/Albania.html","https://travel.state.gov/content/travel/en/traveladvisories/traveladvisories.html/","2024-12-31 00:00:00","success",,"{""title"":""Albania"",""itemUrl"":""https://travel.state.gov/content/travel/en/international-travel/International-Travel-Country-Information-Pages/Albania.html"",""publishedDate"":""2024-12-31T00:00:00.000Z""}","2026-06-24 07:53:32.07","2026-06-24 07:53:32.07","2026-06-24 07:53:32.07","false",
"smi-424beb51af488263","osha-data","OSHA Data","Medical / Deployment / Occu-Med","Work-Related Fatalities Inspected by OSHA",,"https://www.osha.gov/fatalities","https://www.osha.gov/data","2025-12-04 00:00:00","success",,"{""title"":""Work-Related Fatalities Inspected by OSHA"",""itemUrl"":""https://www.osha.gov/fatalities"",""publishedDate"":""2025-12-04T00:00:00.000Z""}","2026-06-24 07:53:39.762","2026-06-24 07:53:39.762","2026-06-24 07:53:39.762","false",
"smi-451c4e50f6552824","cdc-travel","CDC Travel Notices","Medical / Deployment / Occu-Med","Read More >>",,"https://wwwnc.cdc.gov/travel/notices/level2/ebola-drc-uganda","https://wwwnc.cdc.gov/travel/notices","2026-06-15 00:00:00","success",,"{""title"":""Read More >>"",""itemUrl"":""https://wwwnc.cdc.gov/travel/notices/level2/ebola-drc-uganda"",""publishedDate"":""2026-06-15T00:00:00.000Z""}","2026-06-24 07:53:30.069","2026-06-24 07:53:30.069","2026-06-24 07:53:30.069","false",
"smi-45b1d460d1b8b41c","naspo","NASPO State Procurement Directory","State / Local Procurement","Winners",,"https://www.naspo.org/awards/george-cronin-awards/winners/2022/","https://www.naspo.org/states/",,"success",,"{""title"":""Winners"",""itemUrl"":""https://www.naspo.org/awards/george-cronin-awards/winners/2022/""}","2026-06-24 07:53:44.135","2026-06-24 07:53:44.135","2026-06-24 07:53:44.135","false",
"smi-45b6316e2dbbfdeb","doj-oig","DOJ OIG","Oversight / Pain Points","U.S. Department of Justice Office of the Inspector General",,"https://oig.justice.gov/","https://oig.justice.gov/",,"success",,"{""title"":""U.S. Department of Justice Office of the Inspector General"",""itemUrl"":""https://oig.justice.gov/""}","2026-06-24 07:53:24.742","2026-06-24 07:53:24.742","2026-06-24 07:53:24.742","false",
"smi-464bd3fd9fb66ca6","hhs-oig","HHS OIG","Oversight / Pain Points","HHS-OIG U.S. Department of Health and Human Services Office of Inspector General",,"https://oig.hhs.gov/","https://oig.hhs.gov/",,"success",,"{""title"":""HHS-OIG U.S. Department of Health and Human Services Office of Inspector General"",""itemUrl"":""https://oig.hhs.gov/""}","2026-06-24 07:53:22.019","2026-06-24 07:53:22.019","2026-06-24 07:53:22.019","false",
"smi-466a77fe992f97c1","peraton","Peraton","Contractor Newsrooms","Read More",,"https://www.peraton.com/news/peratons-innovation-engine-peraton-labs-names-steve-kropac-as-vice-president-and-general-manager","https://www.peraton.com/news/","2026-05-11 00:00:00","success",,"{""title"":""Read More"",""itemUrl"":""https://www.peraton.com/news/peratons-innovation-engine-peraton-labs-names-steve-kropac-as-vice-president-and-general-manager"",""publishedDate"":""2026-05-11T00:00:00.000Z""}","2026-06-24 07:52:56.953","2026-06-24 07:52:56.953","2026-06-24 07:52:56.953","false",
"smi-478708e9660f91f8","rtx","RTX","Contractor Newsrooms","RTX's Collins Aerospace opens expanded manufacturing facility in Tajęcina, Poland",,"https://www.rtx.com/news/news-center/2026/06/02/rtxs-collins-aerospace-opens-expanded-manufacturing-facility-in-tajecina-poland","https://www.rtx.com/news",,"success",,"{""title"":""RTX's Collins Aerospace opens expanded manufacturing facility in Tajęcina, Poland"",""itemUrl"":""https://www.rtx.com/news/news-center/2026/06/02/rtxs-collins-aerospace-opens-expanded-manufacturing-facility-in-tajecina-poland""}","2026-06-24 07:52:44.396","2026-06-24 07:52:44.396","2026-06-24 07:52:44.396","false",
"smi-48250371bcb32cef","lockheed","Lockheed Martin","Contractor Newsrooms","Lockheed Martin Partners with European Industry for NATO Next Generation Modelling and Simulation Competition",,"https://news.lockheedmartin.com/2026-06-23-Lockheed-Martin-Partners-with-European-Industry-for-NATO-Next-Generation-Modelling-and-Simulation-Competition","https://news.lockheedmartin.com/","2026-06-23 00:00:00","success",,"{""title"":""Lockheed Martin Partners with European Industry for NATO Next Generation Modelling and Simulation Competition"",""itemUrl"":""https://news.lockheedmartin.com/2026-06-23-Lockheed-Martin-Partners-with-European-Industry-for-NATO-Next-Generation-Modelling-and-Simulation-Competition"",""publishedDate"":""2026-06-23T00:00:00.000Z""}","2026-06-24 07:52:47.208","2026-06-24 07:52:47.208","2026-06-24 07:52:47.208","false",
"smi-4a2b90f5b6d88df7","naspo","NASPO State Procurement Directory","State / Local Procurement","About",,"https://www.naspo.org/awards/george-cronin-awards/","https://www.naspo.org/states/",,"success",,"{""title"":""About"",""itemUrl"":""https://www.naspo.org/awards/george-cronin-awards/""}","2026-06-24 07:53:44.135","2026-06-24 07:53:44.135","2026-06-24 07:53:44.135","false",
"smi-4ae7c40776d5ed11","peraton","Peraton","Contractor Newsrooms","Peraton’s Innovation Engine, Peraton Labs, Names Steve Kropac as Vice President and General Manager",,"https://www.peraton.com/news/peratons-innovation-engine-peraton-labs-names-steve-kropac-as-vice-president-and-general-manager","https://www.peraton.com/news/","2026-05-11 00:00:00","success",,"{""title"":""Peraton’s Innovation Engine, Peraton Labs, Names Steve Kropac as Vice President and General Manager"",""itemUrl"":""https://www.peraton.com/news/peratons-innovation-engine-peraton-labs-names-steve-kropac-as-vice-president-and-general-manager"",""publishedDate"":""2026-05-11T00:00:00.000Z""}","2026-06-24 07:52:56.953","2026-06-24 07:52:56.953","2026-06-24 07:52:56.953","false",
"smi-4bff726e34a39931","cdc-travel","CDC Travel Notices","Medical / Deployment / Occu-Med","Ebola Bundibugyo Virus Disease in the Democratic Republic of the Congo and Uganda",,"https://wwwnc.cdc.gov/travel/notices/level2/ebola-drc-uganda","https://wwwnc.cdc.gov/travel/notices","2026-06-15 00:00:00","success",,"{""title"":""Ebola Bundibugyo Virus Disease in the Democratic Republic of the Congo and Uganda"",""itemUrl"":""https://wwwnc.cdc.gov/travel/notices/level2/ebola-drc-uganda"",""publishedDate"":""2026-06-15T00:00:00.000Z""}","2026-06-24 07:53:30.069","2026-06-24 07:53:30.069","2026-06-24 07:53:30.069","false",
"smi-4e41ec65faec2e85","nys-contracts","NYS Contract Reporter","State / Local Procurement","Accessibility",,"https://www.nyscr.ny.gov/Home/Policies#Accessibility","https://www.nyscr.ny.gov/",,"success",,"{""title"":""Accessibility"",""itemUrl"":""https://www.nyscr.ny.gov/Home/Policies#Accessibility""}","2026-06-24 07:54:03.53","2026-06-24 07:54:03.53","2026-06-24 07:54:03.53","false",
"smi-4ed4b3e70d78fcd9","grants-gov","Grants.gov","Federal Procurement / Awards","XML Extract",,"https://www.grants.gov/xml-extract","https://www.grants.gov/",,"success",,"{""title"":""XML Extract"",""itemUrl"":""https://www.grants.gov/xml-extract""}","2026-06-24 07:53:05.663","2026-06-24 07:53:05.663","2026-06-24 07:53:05.663","false",
"smi-503b0a5ffc2ed719","dhs-oig","DHS OIG","Oversight / Pain Points","Public Affairs",,"https://www.oig.dhs.gov/opa","https://www.oig.dhs.gov/",,"success",,"{""title"":""Public Affairs"",""itemUrl"":""https://www.oig.dhs.gov/opa""}","2026-06-24 07:53:19.869","2026-06-24 07:53:19.869","2026-06-24 07:53:19.869","false",
"smi-50bfdb7baf022c8d","northrop","Northrop Grumman","Contractor Newsrooms","Learn More about Northrop Grumman Unveils Beacon™ Autonomous Testbed Ecosystem",,"https://news.northropgrumman.com/autonomous-systems/Northrop-Grumman-Unveils-Beacon-Autonomous-Testbed-Ecosystem","https://news.northropgrumman.com/",,"success",,"{""title"":""Learn More about Northrop Grumman Unveils Beacon™ Autonomous Testbed Ecosystem"",""itemUrl"":""https://news.northropgrumman.com/autonomous-systems/Northrop-Grumman-Unveils-Beacon-Autonomous-Testbed-Ecosystem""}","2026-06-24 07:52:48.791","2026-06-24 07:52:48.791","2026-06-24 07:52:48.791","false",
"smi-523dc6d2b7253eaa","osha-data","OSHA Data","Medical / Deployment / Occu-Med","Injury Tracking Application (ITA) Data (OSHA Forms 300A, 300, 301)",,"https://www.osha.gov/Establishment-Specific-Injury-and-Illness-Data","https://www.osha.gov/data","2025-12-04 00:00:00","success",,"{""title"":""Injury Tracking Application (ITA) Data (OSHA Forms 300A, 300, 301)"",""itemUrl"":""https://www.osha.gov/Establishment-Specific-Injury-and-Illness-Data"",""publishedDate"":""2025-12-04T00:00:00.000Z""}","2026-06-24 07:53:39.762","2026-06-24 07:53:39.762","2026-06-24 07:53:39.762","false",
"smi-55128c69d23ef089","sam-opps","SAM.gov Opportunities","Federal Procurement / Awards","Go to Buy American Act data",,"https://sam.gov/data-services/Contract%20Opportunities/Buy%20American%20Act","https://sam.gov/content/opportunities",,"success",,"{""title"":""Go to Buy American Act data"",""itemUrl"":""https://sam.gov/data-services/Contract%20Opportunities/Buy%20American%20Act""}","2026-06-24 07:53:02.339","2026-06-24 07:53:02.339","2026-06-24 07:53:02.339","false",
"smi-562e2cdcf876f03b","mantech","ManTech","Contractor Newsrooms","Overview",,"https://www.mantech.com/contracts/","https://www.mantech.com/news/",,"success",,"{""title"":""Overview"",""itemUrl"":""https://www.mantech.com/contracts/""}","2026-06-24 07:52:59.134","2026-06-24 07:52:59.134","2026-06-24 07:52:59.134","false",
"smi-56323b3caaa60579","osha-enforcement","OSHA Enforcement","Medical / Deployment / Occu-Med","State Plans",,"https://www.osha.gov/stateplans","https://www.osha.gov/ords/imis/establishment.html",,"success",,"{""title"":""State Plans"",""itemUrl"":""https://www.osha.gov/stateplans""}","2026-06-24 07:53:42.191","2026-06-24 07:53:42.191","2026-06-24 07:53:42.191","false",
"smi-5657067fcdbfc745","mantech","ManTech","Contractor Newsrooms","Overview",,"https://www.mantech.com/focus-areas/ethics-in-action/","https://www.mantech.com/news/",,"success",,"{""title"":""Overview"",""itemUrl"":""https://www.mantech.com/focus-areas/ethics-in-action/""}","2026-06-24 07:52:59.134","2026-06-24 07:52:59.134","2026-06-24 07:52:59.134","false",
"smi-56f1aac592cb03d1","state-dept-travel","State Dept Travel Advisories","Medical / Deployment / Occu-Med","Argentina",,"https://travel.state.gov/content/travel/en/international-travel/International-Travel-Country-Information-Pages/Argentina.html","https://travel.state.gov/content/travel/en/traveladvisories/traveladvisories.html/","2026-05-20 00:00:00","success",,"{""title"":""Argentina"",""itemUrl"":""https://travel.state.gov/content/travel/en/international-travel/International-Travel-Country-Information-Pages/Argentina.html"",""publishedDate"":""2026-05-20T00:00:00.000Z""}","2026-06-24 07:53:32.07","2026-06-24 07:53:32.07","2026-06-24 07:53:32.07","false",
"smi-579d413171b63f09","nys-contracts","NYS Contract Reporter","State / Local Procurement","Business Registry",,"https://www.nyscr.ny.gov/Home/BusinessRegistry","https://www.nyscr.ny.gov/",,"success",,"{""title"":""Business Registry"",""itemUrl"":""https://www.nyscr.ny.gov/Home/BusinessRegistry""}","2026-06-24 07:54:03.53","2026-06-24 07:54:03.53","2026-06-24 07:54:03.53","false",
"smi-585b810075d9a7c0","northrop","Northrop Grumman","Contractor Newsrooms","Media Contacts",,"https://news.northropgrumman.com/Media-Contacts","https://news.northropgrumman.com/",,"success",,"{""title"":""Media Contacts"",""itemUrl"":""https://news.northropgrumman.com/Media-Contacts""}","2026-06-24 07:52:48.791","2026-06-24 07:52:48.791","2026-06-24 07:52:48.791","false",
"smi-5a7ca5b6b06fdc51","parsons","Parsons","Contractor Newsrooms","Parsons Awarded Multiple Contracts For $1.4B John A. Blatnik Bridge Replacement",,"https://www.parsons.com/2026/06/parsons-awarded-multiple-contracts-for-1-4b-john-a-blatnik-bridge-replacement/","https://www.parsons.com/newsroom/",,"success",,"{""title"":""Parsons Awarded Multiple Contracts For $1.4B John A. Blatnik Bridge Replacement"",""itemUrl"":""https://www.parsons.com/2026/06/parsons-awarded-multiple-contracts-for-1-4b-john-a-blatnik-bridge-replacement/""}","2026-06-24 07:52:53.448","2026-06-24 07:52:53.448","2026-06-24 07:52:53.448","false",
"smi-5d57cc0699b160a8","faa-ame","FAA AME Guide","Medical / Deployment / Occu-Med","Psychiatry Therapy, Psychotherapy and Counseling",,"https://www.faa.gov/ame_guide/app_process/exam_tech/item47/amd","https://www.faa.gov/ame_guide","2026-05-27 00:00:00","success",,"{""title"":""Psychiatry Therapy, Psychotherapy and Counseling"",""itemUrl"":""https://www.faa.gov/ame_guide/app_process/exam_tech/item47/amd"",""publishedDate"":""2026-05-27T00:00:00.000Z""}","2026-06-24 07:53:35.572","2026-06-24 07:53:35.572","2026-06-24 07:53:35.572","false",
"smi-5e5a5c43d39d46e5","usajobs","USAJOBS","Workforce / Demand","Sign in",,"https://www.usajobs.gov/applicant/profile/dashboard/","https://www.usajobs.gov/",,"success",,"{""title"":""Sign in"",""itemUrl"":""https://www.usajobs.gov/applicant/profile/dashboard/""}","2026-06-24 07:53:27.426","2026-06-24 07:53:27.426","2026-06-24 07:53:27.426","false",
"smi-5ffb39d3ee5180a6","sam-opps","SAM.gov Opportunities","Federal Procurement / Awards","Go to contract opportunities data",,"https://sam.gov/data-services/Contract%20Opportunities","https://sam.gov/content/opportunities",,"success",,"{""title"":""Go to contract opportunities data"",""itemUrl"":""https://sam.gov/data-services/Contract%20Opportunities""}","2026-06-24 07:53:02.339","2026-06-24 07:53:02.339","2026-06-24 07:53:02.339","false",
"smi-6055ceb635f2405f","grants-gov","Grants.gov","Federal Procurement / Awards","Learn more",,"https://www.grants.gov/support/grants-gov-maintenance-calendar","https://www.grants.gov/",,"success",,"{""title"":""Learn more"",""itemUrl"":""https://www.grants.gov/support/grants-gov-maintenance-calendar""}","2026-06-24 07:53:05.663","2026-06-24 07:53:05.663","2026-06-24 07:53:05.663","false",
"smi-616d778b9debedf2","osha-news","OSHA News Releases","Medical / Deployment / Occu-Med","Media Center",,"https://www.osha.gov/media-center","https://www.osha.gov/news/newsreleases","2026-03-06 00:00:00","success",,"{""title"":""Media Center"",""itemUrl"":""https://www.osha.gov/media-center"",""publishedDate"":""2026-03-06T00:00:00.000Z""}","2026-06-24 07:53:37.759","2026-06-24 07:53:37.759","2026-06-24 07:53:37.759","false",
"smi-634d6b38e054cb8b","mantech","ManTech","Contractor Newsrooms","Products",,"https://www.mantech.com/products/","https://www.mantech.com/news/",,"success",,"{""title"":""Products"",""itemUrl"":""https://www.mantech.com/products/""}","2026-06-24 07:52:59.134","2026-06-24 07:52:59.134","2026-06-24 07:52:59.134","false",
"smi-636f73b5b9e626a8","osha-enforcement","OSHA Enforcement","Medical / Deployment / Occu-Med","Occupational Safety and Health Administration",,"https://www.osha.gov/","https://www.osha.gov/ords/imis/establishment.html",,"success",,"{""title"":""Occupational Safety and Health Administration"",""itemUrl"":""https://www.osha.gov/""}","2026-06-24 07:53:42.191","2026-06-24 07:53:42.191","2026-06-24 07:53:42.191","false",
"smi-63795fa4ed310f69","hhs-oig","HHS OIG","Oversight / Pain Points","Semiannual Report to Congress",,"https://oig.hhs.gov/reports/all/?report-type=SAR&hhs-agency=all&issue-date=all#results","https://oig.hhs.gov/",,"success",,"{""title"":""Semiannual Report to Congress"",""itemUrl"":""https://oig.hhs.gov/reports/all/?report-type=SAR&hhs-agency=all&issue-date=all#results""}","2026-06-24 07:53:22.019","2026-06-24 07:53:22.019","2026-06-24 07:53:22.019","false",
"smi-64837b716c70ee9a","federal-register","Federal Register","Regulatory / Rulemaking","Environment",,"https://www.federalregister.gov/environment","https://www.federalregister.gov/",,"success",,"{""title"":""Environment"",""itemUrl"":""https://www.federalregister.gov/environment""}","2026-06-24 07:53:09.988","2026-06-24 07:53:09.988","2026-06-24 07:53:09.988","false",
"smi-64df29c8afef8f81","naspo","NASPO State Procurement Directory","State / Local Procurement","How to Apply",,"https://www.naspo.org/awards/george-cronin-awards/how-to-apply/","https://www.naspo.org/states/",,"success",,"{""title"":""How to Apply"",""itemUrl"":""https://www.naspo.org/awards/george-cronin-awards/how-to-apply/""}","2026-06-24 07:53:44.135","2026-06-24 07:53:44.135","2026-06-24 07:53:44.135","false",
"smi-65df8fabe95a5d80","faa-ame","FAA AME Guide","Medical / Deployment / Occu-Med","2026 update schedule",,"https://www.faa.gov/ame_guide/update_schedule","https://www.faa.gov/ame_guide","2026-05-27 00:00:00","success",,"{""title"":""2026 update schedule"",""itemUrl"":""https://www.faa.gov/ame_guide/update_schedule"",""publishedDate"":""2026-05-27T00:00:00.000Z""}","2026-06-24 07:53:35.572","2026-06-24 07:53:35.572","2026-06-24 07:53:35.572","false",
"smi-69ea4232bf26c802","osha-enforcement","OSHA Enforcement","Medical / Deployment / Occu-Med","Law and Regulations",,"https://www.osha.gov/laws-regs","https://www.osha.gov/ords/imis/establishment.html",,"success",,"{""title"":""Law and Regulations"",""itemUrl"":""https://www.osha.gov/laws-regs""}","2026-06-24 07:53:42.191","2026-06-24 07:53:42.191","2026-06-24 07:53:42.191","false",
"smi-6a15524804cec131","oversight-gov","Oversight.gov","Oversight / Pain Points","View Report",,"https://www.oversight.gov/reports/audit/department-energys-fiscal-year-2024-consolidated-financial-statements","https://www.oversight.gov/",,"success",,"{""title"":""View Report"",""itemUrl"":""https://www.oversight.gov/reports/audit/department-energys-fiscal-year-2024-consolidated-financial-statements""}","2026-06-24 07:53:15.475","2026-06-24 07:53:15.475","2026-06-24 07:53:15.475","false",
"smi-6ae1f8c6332170a0","doj-oig","DOJ OIG","Oversight / Pain Points","In memory of OIG Special Agent William ""Buddy"" Sentner",,"https://oig.justice.gov/special/sentner","https://oig.justice.gov/",,"success",,"{""title"":""In memory of OIG Special Agent William \""Buddy\"" Sentner"",""itemUrl"":""https://oig.justice.gov/special/sentner""}","2026-06-24 07:53:24.742","2026-06-24 07:53:24.742","2026-06-24 07:53:24.742","false",
"smi-6b3a0fc0d1994d70","nys-contracts","NYS Contract Reporter","State / Local Procurement","Find Bids",,"https://www.nyscr.ny.gov/Home/Contracts","https://www.nyscr.ny.gov/",,"success",,"{""title"":""Find Bids"",""itemUrl"":""https://www.nyscr.ny.gov/Home/Contracts""}","2026-06-24 07:54:03.53","2026-06-24 07:54:03.53","2026-06-24 07:54:03.53","false",
"smi-6ba59ba4ef2aeeab","federal-register","Federal Register","Regulatory / Rulemaking","Topics (CFR Indexing Terms)",,"https://www.federalregister.gov/topics","https://www.federalregister.gov/",,"success",,"{""title"":""Topics (CFR Indexing Terms)"",""itemUrl"":""https://www.federalregister.gov/topics""}","2026-06-24 07:53:09.988","2026-06-24 07:53:09.988","2026-06-24 07:53:09.988","false",
"smi-6caa87dc9e305afb","osha-news","OSHA News Releases","Medical / Deployment / Occu-Med","Speaker Requests",,"https://www.osha.gov/speaker-requests","https://www.osha.gov/news/newsreleases",,"success",,"{""title"":""Speaker Requests"",""itemUrl"":""https://www.osha.gov/speaker-requests""}","2026-06-24 07:53:37.759","2026-06-24 07:53:37.759","2026-06-24 07:53:37.759","false",
"smi-6cc9a04aff877d45","osha-enforcement","OSHA Enforcement","Medical / Deployment / Occu-Med","Freedom of Information Act",,"https://www.osha.gov/foia","https://www.osha.gov/ords/imis/establishment.html",,"success",,"{""title"":""Freedom of Information Act"",""itemUrl"":""https://www.osha.gov/foia""}","2026-06-24 07:53:42.191","2026-06-24 07:53:42.191","2026-06-24 07:53:42.191","false",
"smi-6d8c00ace554f10c","oversight-gov","Oversight.gov","Oversight / Pain Points","View Report",,"https://www.oversight.gov/reports/commerce-chips-act-programs-status-report","https://www.oversight.gov/",,"success",,"{""title"":""View Report"",""itemUrl"":""https://www.oversight.gov/reports/commerce-chips-act-programs-status-report""}","2026-06-24 07:53:15.475","2026-06-24 07:53:15.475","2026-06-24 07:53:15.475","false",
"smi-6fa35eb6cf159e51","nys-contracts","NYS Contract Reporter","State / Local Procurement","Create an Account",,"https://www.nyscr.ny.gov/Account/Register","https://www.nyscr.ny.gov/",,"success",,"{""title"":""Create an Account"",""itemUrl"":""https://www.nyscr.ny.gov/Account/Register""}","2026-06-24 07:54:03.53","2026-06-24 07:54:03.53","2026-06-24 07:54:03.53","false",
"smi-703d9c813082c073","doj-oig","DOJ OIG","Oversight / Pain Points","Recommendations",,"https://oig.justice.gov/recommendations","https://oig.justice.gov/",,"success",,"{""title"":""Recommendations"",""itemUrl"":""https://oig.justice.gov/recommendations""}","2026-06-24 07:53:24.742","2026-06-24 07:53:24.742","2026-06-24 07:53:24.742","false",
"smi-70ff7f15115ba445","doj-oig","DOJ OIG","Oversight / Pain Points","Criminal and Civil Cases",,"https://oig.justice.gov/investigations/criminal_and_civil_cases","https://oig.justice.gov/",,"success",,"{""title"":""Criminal and Civil Cases"",""itemUrl"":""https://oig.justice.gov/investigations/criminal_and_civil_cases""}","2026-06-24 07:53:24.742","2026-06-24 07:53:24.742","2026-06-24 07:53:24.742","false",
"smi-7185f672d5265cc7","peraton","Peraton","Contractor Newsrooms","Read More",,"https://www.peraton.com/news/peraton-taps-industry-veteran-vishal-tulsian-as-sector-president-to-lead-health-state-and-local-portfolio","https://www.peraton.com/news/","2026-05-11 00:00:00","success",,"{""title"":""Read More"",""itemUrl"":""https://www.peraton.com/news/peraton-taps-industry-veteran-vishal-tulsian-as-sector-president-to-lead-health-state-and-local-portfolio"",""publishedDate"":""2026-05-11T00:00:00.000Z""}","2026-06-24 07:52:56.953","2026-06-24 07:52:56.953","2026-06-24 07:52:56.953","false",
"smi-71c17ff98ec77daf","parsons","Parsons","Contractor Newsrooms","Parsons’ CUAS Solutions Strengthen National Security And Protect Critical Infrastructure",,"https://www.parsons.com/2026/06/parsons-cuas-solutions-strengthen-national-security-and-protect-critical-infrastructure/","https://www.parsons.com/newsroom/",,"success",,"{""title"":""Parsons’ CUAS Solutions Strengthen National Security And Protect Critical Infrastructure"",""itemUrl"":""https://www.parsons.com/2026/06/parsons-cuas-solutions-strengthen-national-security-and-protect-critical-infrastructure/""}","2026-06-24 07:52:53.448","2026-06-24 07:52:53.448","2026-06-24 07:52:53.448","false",
"smi-723c0f217ddb29cd","osha-enforcement","OSHA Enforcement","Medical / Deployment / Occu-Med","A to Z Index",,"https://www.osha.gov/a-z","https://www.osha.gov/ords/imis/establishment.html",,"success",,"{""title"":""A to Z Index"",""itemUrl"":""https://www.osha.gov/a-z""}","2026-06-24 07:53:42.191","2026-06-24 07:53:42.191","2026-06-24 07:53:42.191","false",
"smi-727697ad7192dd54","osha-enforcement","OSHA Enforcement","Medical / Deployment / Occu-Med","Federal Registers",,"https://www.osha.gov/laws-regs/federalregister/search?title_body=&field_date_range_radio=single&field_fr_date_single_value=&field_fr_publication_type%5B0%5D=63209&field_fr_publication_type%5B1%5D=63210&field_fr_publication_type%5B2%5D=63213","https://www.osha.gov/ords/imis/establishment.html",,"success",,"{""title"":""Federal Registers"",""itemUrl"":""https://www.osha.gov/laws-regs/federalregister/search?title_body=&field_date_range_radio=single&field_fr_date_single_value=&field_fr_publication_type%5B0%5D=63209&field_fr_publication_type%5B1%5D=63210&field_fr_publication_type%5B2%5D=63213""}","2026-06-24 07:53:42.191","2026-06-24 07:53:42.191","2026-06-24 07:53:42.191","false",
"smi-7525628297a981df","oversight-gov","Oversight.gov","Oversight / Pain Points","Search Reports",,"https://www.oversight.gov/reports/federal","https://www.oversight.gov/",,"success",,"{""title"":""Search Reports"",""itemUrl"":""https://www.oversight.gov/reports/federal""}","2026-06-24 07:53:15.475","2026-06-24 07:53:15.475","2026-06-24 07:53:15.475","false",
"smi-77d134f63d0e7890","osha-enforcement","OSHA Enforcement","Medical / Deployment / Occu-Med","STANDARDS",,"https://www.osha.gov/laws-regs","https://www.osha.gov/ords/imis/establishment.html",,"success",,"{""title"":""STANDARDS"",""itemUrl"":""https://www.osha.gov/laws-regs""}","2026-06-24 07:53:42.191","2026-06-24 07:53:42.191","2026-06-24 07:53:42.191","false",
"smi-7a4b9bb28ed2bc16","federal-register","Federal Register","Regulatory / Rulemaking","Dates",,"https://www.federalregister.gov/documents/current","https://www.federalregister.gov/",,"success",,"{""title"":""Dates"",""itemUrl"":""https://www.federalregister.gov/documents/current""}","2026-06-24 07:53:09.988","2026-06-24 07:53:09.988","2026-06-24 07:53:09.988","false",
"smi-7a511a6ae8af4e2c","grants-gov","Grants.gov","Federal Procurement / Awards","Register",,"https://www.grants.gov/register","https://www.grants.gov/",,"success",,"{""title"":""Register"",""itemUrl"":""https://www.grants.gov/register""}","2026-06-24 07:53:05.663","2026-06-24 07:53:05.663","2026-06-24 07:53:05.663","false",
"smi-7d7289c94229333d","oversight-gov","Oversight.gov","Oversight / Pain Points","View Report",,"https://www.oversight.gov/reports/audit/independent-auditors-report-sbas-fiscal-year-2025-compliance-payment-integrity","https://www.oversight.gov/",,"success",,"{""title"":""View Report"",""itemUrl"":""https://www.oversight.gov/reports/audit/independent-auditors-report-sbas-fiscal-year-2025-compliance-payment-integrity""}","2026-06-24 07:53:15.475","2026-06-24 07:53:15.475","2026-06-24 07:53:15.475","false",
"smi-7f896a75ca0f011e","gd","General Dynamics","Contractor Newsrooms","{{{Title}}}",,"https://www.gd.com/%7B%7BLink.Url%7D%7D%7B%7BLink.Query%7D%7D","https://www.gd.com/news",,"success",,"{""title"":""{{{Title}}}"",""itemUrl"":""https://www.gd.com/%7B%7BLink.Url%7D%7D%7B%7BLink.Query%7D%7D""}","2026-06-24 07:52:50.772","2026-06-24 07:52:50.772","2026-06-24 07:52:50.772","false",
"smi-812d531a07335157","osha-data","OSHA Data","Medical / Deployment / Occu-Med","Investigation Summaries for fatalities and non-fatalities",,"https://www.osha.gov/ords/imis/accidentsearch.html","https://www.osha.gov/data","2025-12-04 00:00:00","success",,"{""title"":""Investigation Summaries for fatalities and non-fatalities"",""itemUrl"":""https://www.osha.gov/ords/imis/accidentsearch.html"",""publishedDate"":""2025-12-04T00:00:00.000Z""}","2026-06-24 07:53:39.762","2026-06-24 07:53:39.762","2026-06-24 07:53:39.762","false",
"smi-840e8801b8449c62","osha-enforcement","OSHA Enforcement","Medical / Deployment / Occu-Med","Speaker Requests",,"https://www.osha.gov/speaker-requests","https://www.osha.gov/ords/imis/establishment.html",,"success",,"{""title"":""Speaker Requests"",""itemUrl"":""https://www.osha.gov/speaker-requests""}","2026-06-24 07:53:42.191","2026-06-24 07:53:42.191","2026-06-24 07:53:42.191","false",
"smi-845f5c0c8132178f","parsons","Parsons","Contractor Newsrooms","Parsons Awarded $22M Contract For Los Angeles’ I-605 Multimodal Corridor Improvements",,"https://www.parsons.com/2026/06/parsons-awarded-22m-contract-for-los-angeles-i-605-multimodal-corridor-improvements/","https://www.parsons.com/newsroom/",,"success",,"{""title"":""Parsons Awarded $22M Contract For Los Angeles’ I-605 Multimodal Corridor Improvements"",""itemUrl"":""https://www.parsons.com/2026/06/parsons-awarded-22m-contract-for-los-angeles-i-605-multimodal-corridor-improvements/""}","2026-06-24 07:52:53.448","2026-06-24 07:52:53.448","2026-06-24 07:52:53.448","false",
"smi-859c4e73fa33b6f1","acquisition-gov","Acquisition.gov","Federal Procurement / Awards","Smart Matrix",,"https://www.acquisition.gov/smart-matrix","https://www.acquisition.gov/",,"success",,"{""title"":""Smart Matrix"",""itemUrl"":""https://www.acquisition.gov/smart-matrix""}","2026-06-24 07:53:07.563","2026-06-24 07:53:07.563","2026-06-24 07:53:07.563","false",
"smi-8616b6768fb103a5","osha-data","OSHA Data","Medical / Deployment / Occu-Med","NAICS",,"https://www.osha.gov/ords/imis/industry.html","https://www.osha.gov/data","2025-12-04 00:00:00","success",,"{""title"":""NAICS"",""itemUrl"":""https://www.osha.gov/ords/imis/industry.html"",""publishedDate"":""2025-12-04T00:00:00.000Z""}","2026-06-24 07:53:39.762","2026-06-24 07:53:39.762","2026-06-24 07:53:39.762","false",
"smi-865df8f61ed97a72","cdc-travel","CDC Travel Notices","Medical / Deployment / Occu-Med","Chikungunya in French Guiana",,"https://wwwnc.cdc.gov/travel/notices/level2/chikungunya-french-guiana","https://wwwnc.cdc.gov/travel/notices","2026-06-04 00:00:00","success",,"{""title"":""Chikungunya in French Guiana"",""itemUrl"":""https://wwwnc.cdc.gov/travel/notices/level2/chikungunya-french-guiana"",""publishedDate"":""2026-06-04T00:00:00.000Z""}","2026-06-24 07:53:30.069","2026-06-24 07:53:30.069","2026-06-24 07:53:30.069","false",
"smi-86fd6fbb821bf3f9","peraton","Peraton","Contractor Newsrooms","Press Releases",,"https://www.peraton.com/news/category/press-releases/","https://www.peraton.com/news/","2026-05-11 00:00:00","success",,"{""title"":""Press Releases"",""itemUrl"":""https://www.peraton.com/news/category/press-releases/"",""publishedDate"":""2026-05-11T00:00:00.000Z""}","2026-06-24 07:52:56.953","2026-06-24 07:52:56.953","2026-06-24 07:52:56.953","false",
"smi-872d788fcabd7512","govinfo","GovInfo","Regulatory / Rulemaking","Author",,"https://www.govinfo.gov/app/browse/author","https://www.govinfo.gov/",,"success",,"{""title"":""Author"",""itemUrl"":""https://www.govinfo.gov/app/browse/author""}","2026-06-24 07:53:13.147","2026-06-24 07:53:13.147","2026-06-24 07:53:13.147","false",
"smi-8a6727391a5705a0","nys-contracts","NYS Contract Reporter","State / Local Procurement","Find Contracts",,"https://www.nyscr.ny.gov/Home/Contracts","https://www.nyscr.ny.gov/",,"success",,"{""title"":""Find Contracts"",""itemUrl"":""https://www.nyscr.ny.gov/Home/Contracts""}","2026-06-24 07:54:03.53","2026-06-24 07:54:03.53","2026-06-24 07:54:03.53","false",
"smi-8b2407a3d4087ed1","acquisition-gov","Acquisition.gov","Federal Procurement / Awards","FAR Overhaul Practitioner Album Update",,"https://www.acquisition.gov/content/far-overhaul-practitioner-album-update","https://www.acquisition.gov/","2026-04-20 00:00:00","success",,"{""title"":""FAR Overhaul Practitioner Album Update"",""itemUrl"":""https://www.acquisition.gov/content/far-overhaul-practitioner-album-update"",""publishedDate"":""2026-04-20T00:00:00.000Z""}","2026-06-24 07:53:07.563","2026-06-24 07:53:07.563","2026-06-24 07:53:07.563","false",
"smi-8cc3759d829a2dd5","state-dept-travel","State Dept Travel Advisories","Medical / Deployment / Occu-Med","Anguilla",,"https://travel.state.gov/content/travel/en/international-travel/International-Travel-Country-Information-Pages/Anguilla.html","https://travel.state.gov/content/travel/en/traveladvisories/traveladvisories.html/","2024-08-22 00:00:00","success",,"{""title"":""Anguilla"",""itemUrl"":""https://travel.state.gov/content/travel/en/international-travel/International-Travel-Country-Information-Pages/Anguilla.html"",""publishedDate"":""2024-08-22T00:00:00.000Z""}","2026-06-24 07:53:32.07","2026-06-24 07:53:32.07","2026-06-24 07:53:32.07","false",
"smi-8dc992c6373072b2","usajobs","USAJOBS","Workforce / Demand","More information",,"https://www.usajobs.gov/Event/5602","https://www.usajobs.gov/","2026-10-03 00:00:00","success",,"{""title"":""More information"",""itemUrl"":""https://www.usajobs.gov/Event/5602"",""publishedDate"":""2026-10-03T00:00:00.000Z""}","2026-06-24 07:53:27.426","2026-06-24 07:53:27.426","2026-06-24 07:53:27.426","false",
"smi-8e7cb61476878049","mantech","ManTech","Contractor Newsrooms","Overview",,"https://www.mantech.com/leadership/","https://www.mantech.com/news/",,"success",,"{""title"":""Overview"",""itemUrl"":""https://www.mantech.com/leadership/""}","2026-06-24 07:52:59.134","2026-06-24 07:52:59.134","2026-06-24 07:52:59.134","false",
"smi-8e8ed8a69b7fdd17","usajobs","USAJOBS","Workforce / Demand","More information",,"https://www.usajobs.gov/Event/5622","https://www.usajobs.gov/","2026-07-22 00:00:00","success",,"{""title"":""More information"",""itemUrl"":""https://www.usajobs.gov/Event/5622"",""publishedDate"":""2026-07-22T00:00:00.000Z""}","2026-06-24 07:53:27.426","2026-06-24 07:53:27.426","2026-06-24 07:53:27.426","false",
"smi-9139b976ff0cb117","parsons","Parsons","Contractor Newsrooms","Parsons Awarded $184 Million Navy Intelligence Carry-On Program Contract",,"https://www.parsons.com/2026/06/parsons-awarded-184-million-navy-intelligence-carry-on-program-contract/","https://www.parsons.com/newsroom/",,"success",,"{""title"":""Parsons Awarded $184 Million Navy Intelligence Carry-On Program Contract"",""itemUrl"":""https://www.parsons.com/2026/06/parsons-awarded-184-million-navy-intelligence-carry-on-program-contract/""}","2026-06-24 07:52:53.448","2026-06-24 07:52:53.448","2026-06-24 07:52:53.448","false",
"smi-915945fa498e41fd","hhs-oig","HHS OIG","Oversight / Pain Points","Recommendations",,"https://oig.hhs.gov/reports/recommendations/","https://oig.hhs.gov/",,"success",,"{""title"":""Recommendations"",""itemUrl"":""https://oig.hhs.gov/reports/recommendations/""}","2026-06-24 07:53:22.019","2026-06-24 07:53:22.019","2026-06-24 07:53:22.019","false",
"smi-94b466b7c1de60f6","dhs-oig","DHS OIG","Oversight / Pain Points","Annual Performance Plan",,"https://www.oig.dhs.gov/sites/default/files/FY25-DHS-OIG-Annual-Performance-Plan.pdf","https://www.oig.dhs.gov/",,"success",,"{""title"":""Annual Performance Plan"",""itemUrl"":""https://www.oig.dhs.gov/sites/default/files/FY25-DHS-OIG-Annual-Performance-Plan.pdf""}","2026-06-24 07:53:19.869","2026-06-24 07:53:19.869","2026-06-24 07:53:19.869","false",
"smi-96d02108eef8abcf","doj-oig","DOJ OIG","Oversight / Pain Points","Read More",,"https://oig.justice.gov/recommendations/23-065-recommendation-5","https://oig.justice.gov/",,"success",,"{""title"":""Read More"",""itemUrl"":""https://oig.justice.gov/recommendations/23-065-recommendation-5""}","2026-06-24 07:53:24.742","2026-06-24 07:53:24.742","2026-06-24 07:53:24.742","false",
"smi-97b9b4ca59de1f64","grants-gov","Grants.gov","Federal Procurement / Awards","Search Now",,"https://www.grants.gov/search-grants","https://www.grants.gov/",,"success",,"{""title"":""Search Now"",""itemUrl"":""https://www.grants.gov/search-grants""}","2026-06-24 07:53:05.663","2026-06-24 07:53:05.663","2026-06-24 07:53:05.663","false",
"smi-987acd46ed09ed69","northrop","Northrop Grumman","Contractor Newsrooms","Media Resources",,"https://news.northropgrumman.com/multimedia","https://news.northropgrumman.com/",,"success",,"{""title"":""Media Resources"",""itemUrl"":""https://news.northropgrumman.com/multimedia""}","2026-06-24 07:52:48.791","2026-06-24 07:52:48.791","2026-06-24 07:52:48.791","false",
"smi-9a3b3d1382e3e576","govinfo","GovInfo","Regulatory / Rulemaking","Category",,"https://www.govinfo.gov/app/browse/category","https://www.govinfo.gov/",,"success",,"{""title"":""Category"",""itemUrl"":""https://www.govinfo.gov/app/browse/category""}","2026-06-24 07:53:13.147","2026-06-24 07:53:13.147","2026-06-24 07:53:13.147","false",
"smi-9ac427eb94ddc7e9","gd","General Dynamics","Contractor Newsrooms","Combat",,"https://www.gd.com/our-businesses/combat-systems","https://www.gd.com/news",,"success",,"{""title"":""Combat"",""itemUrl"":""https://www.gd.com/our-businesses/combat-systems""}","2026-06-24 07:52:50.772","2026-06-24 07:52:50.772","2026-06-24 07:52:50.772","false",
"smi-9b67f86d9baec9ee","osha-data","OSHA Data","Medical / Deployment / Occu-Med","Establishment",,"https://www.osha.gov/ords/imis/establishment.html","https://www.osha.gov/data","2025-12-04 00:00:00","success",,"{""title"":""Establishment"",""itemUrl"":""https://www.osha.gov/ords/imis/establishment.html"",""publishedDate"":""2025-12-04T00:00:00.000Z""}","2026-06-24 07:53:39.762","2026-06-24 07:53:39.762","2026-06-24 07:53:39.762","false",
"smi-9c8b78926b60e70d","osha-enforcement","OSHA Enforcement","Medical / Deployment / Occu-Med","Letters of Interpretation",,"https://www.osha.gov/laws-regs/standardinterpretations","https://www.osha.gov/ords/imis/establishment.html",,"success",,"{""title"":""Letters of Interpretation"",""itemUrl"":""https://www.osha.gov/laws-regs/standardinterpretations""}","2026-06-24 07:53:42.191","2026-06-24 07:53:42.191","2026-06-24 07:53:42.191","false",
"smi-9d2868a09b110ac2","oversight-gov","Oversight.gov","Oversight / Pain Points","Learn About Whistleblowing",,"https://www.oversight.gov/where-report-fraud-waste-abuse-or-retaliation","https://www.oversight.gov/",,"success",,"{""title"":""Learn About Whistleblowing"",""itemUrl"":""https://www.oversight.gov/where-report-fraud-waste-abuse-or-retaliation""}","2026-06-24 07:53:15.475","2026-06-24 07:53:15.475","2026-06-24 07:53:15.475","false",
"smi-9d7bae258d26ab21","rtx","RTX","Contractor Newsrooms","Collins Aerospace",,"https://www.rtx.com/collinsaerospace","https://www.rtx.com/news",,"success",,"{""title"":""Collins Aerospace"",""itemUrl"":""https://www.rtx.com/collinsaerospace""}","2026-06-24 07:52:44.396","2026-06-24 07:52:44.396","2026-06-24 07:52:44.396","false",
"smi-9deeab4aab06b0d8","oversight-gov","Oversight.gov","Oversight / Pain Points","Search Recommendations",,"https://www.oversight.gov/reports/recommendations","https://www.oversight.gov/",,"success",,"{""title"":""Search Recommendations"",""itemUrl"":""https://www.oversight.gov/reports/recommendations""}","2026-06-24 07:53:15.475","2026-06-24 07:53:15.475","2026-06-24 07:53:15.475","false",
"smi-9f09d72bcdf41974","peraton","Peraton","Contractor Newsrooms","Peraton IRIS™: AI-Powered Decision-Support Platform Redefining Operations in the Information Environment",,"https://www.peraton.com/news/peraton-iris-ai-powered-decision-support-platform-redefining-operations-in-the-information-environment","https://www.peraton.com/news/","2026-05-11 00:00:00","success",,"{""title"":""Peraton IRIS™: AI-Powered Decision-Support Platform Redefining Operations in the Information Environment"",""itemUrl"":""https://www.peraton.com/news/peraton-iris-ai-powered-decision-support-platform-redefining-operations-in-the-information-environment"",""publishedDate"":""2026-05-11T00:00:00.000Z""}","2026-06-24 07:52:56.953","2026-06-24 07:52:56.953","2026-06-24 07:52:56.953","false",
"smi-a12a02db5850c1eb","mantech","ManTech","Contractor Newsrooms","Partners",,"https://www.mantech.com/our-partners/","https://www.mantech.com/news/",,"success",,"{""title"":""Partners"",""itemUrl"":""https://www.mantech.com/our-partners/""}","2026-06-24 07:52:59.134","2026-06-24 07:52:59.134","2026-06-24 07:52:59.134","false",
"smi-a25b8a7fa228cd28","northrop","Northrop Grumman","Contractor Newsrooms","Learn More about Northrop Grumman Expanding Its Use of NVIDIA AI Technology to Advance Solutions for Space",,"https://news.northropgrumman.com/digital-transformation/Northrop-Grumman-Expanding-Its-Use-of-NVIDIA-AI-Technology-to-Advance-Solutions-for-Space","https://news.northropgrumman.com/",,"success",,"{""title"":""Learn More about Northrop Grumman Expanding Its Use of NVIDIA AI Technology to Advance Solutions for Space"",""itemUrl"":""https://news.northropgrumman.com/digital-transformation/Northrop-Grumman-Expanding-Its-Use-of-NVIDIA-AI-Technology-to-Advance-Solutions-for-Space""}","2026-06-24 07:52:48.791","2026-06-24 07:52:48.791","2026-06-24 07:52:48.791","false",
"smi-a353b9222c93ff3a","faa-ame","FAA AME Guide","Medical / Deployment / Occu-Med","Therapy, Psychotherapy and Counseling Information: Pilots / ATCS",,"https://www.faa.gov/ame_guide/media/Therapy_Psychotherapy_Counseling_Info_Pilots_ATCS.pdf","https://www.faa.gov/ame_guide","2026-05-27 00:00:00","success",,"{""title"":""Therapy, Psychotherapy and Counseling Information: Pilots / ATCS"",""itemUrl"":""https://www.faa.gov/ame_guide/media/Therapy_Psychotherapy_Counseling_Info_Pilots_ATCS.pdf"",""publishedDate"":""2026-05-27T00:00:00.000Z""}","2026-06-24 07:53:35.572","2026-06-24 07:53:35.572","2026-06-24 07:53:35.572","false",
"smi-a357e20d65e70953","govinfo","GovInfo","Regulatory / Rulemaking","A to Z",,"https://www.govinfo.gov/browse-a-z","https://www.govinfo.gov/",,"success",,"{""title"":""A to Z"",""itemUrl"":""https://www.govinfo.gov/browse-a-z""}","2026-06-24 07:53:13.147","2026-06-24 07:53:13.147","2026-06-24 07:53:13.147","false",
"smi-a35a3f67f108a95a","rtx","RTX","Contractor Newsrooms","Investors",,"https://www.rtx.com/investors","https://www.rtx.com/news",,"success",,"{""title"":""Investors"",""itemUrl"":""https://www.rtx.com/investors""}","2026-06-24 07:52:44.396","2026-06-24 07:52:44.396","2026-06-24 07:52:44.396","false",
"smi-a3ee08fc34ebe46a","rtx","RTX","Contractor Newsrooms","RTX's Raytheon awarded $515 million contract for SPY-6 family of radars",,"https://www.rtx.com/news/news-center/2026/06/03/rtxs-raytheon-awarded-515-million-contract-for-spy-6-family-of-radars","https://www.rtx.com/news",,"success",,"{""title"":""RTX's Raytheon awarded $515 million contract for SPY-6 family of radars"",""itemUrl"":""https://www.rtx.com/news/news-center/2026/06/03/rtxs-raytheon-awarded-515-million-contract-for-spy-6-family-of-radars""}","2026-06-24 07:52:44.396","2026-06-24 07:52:44.396","2026-06-24 07:52:44.396","false",
"smi-a4053312d0ea520c","lockheed","Lockheed Martin","Contractor Newsrooms","Subscribe for Updates",,"https://news.lockheedmartin.com/email-alerts","https://news.lockheedmartin.com/","2026-06-23 00:00:00","success",,"{""title"":""Subscribe for Updates"",""itemUrl"":""https://news.lockheedmartin.com/email-alerts"",""publishedDate"":""2026-06-23T00:00:00.000Z""}","2026-06-24 07:52:47.208","2026-06-24 07:52:47.208","2026-06-24 07:52:47.208","false",
"smi-a565ab3961b9b928","dhs-oig","DHS OIG","Oversight / Pain Points","Annual Work Plan",,"https://www.oig.dhs.gov/sites/default/files/FY25-DHS-OIG-Annual-Work-Plan.pdf","https://www.oig.dhs.gov/",,"success",,"{""title"":""Annual Work Plan"",""itemUrl"":""https://www.oig.dhs.gov/sites/default/files/FY25-DHS-OIG-Annual-Work-Plan.pdf""}","2026-06-24 07:53:19.869","2026-06-24 07:53:19.869","2026-06-24 07:53:19.869","false",
"smi-a728790034f6ba3e","hhs-oig","HHS OIG","Oversight / Pain Points","Top Management & Performance Challenges Facing HHS",,"https://oig.hhs.gov/reports/all/?report-type=TMC&hhs-agency=all&issue-date=all#results","https://oig.hhs.gov/",,"success",,"{""title"":""Top Management & Performance Challenges Facing HHS"",""itemUrl"":""https://oig.hhs.gov/reports/all/?report-type=TMC&hhs-agency=all&issue-date=all#results""}","2026-06-24 07:53:22.019","2026-06-24 07:53:22.019","2026-06-24 07:53:22.019","false",
"smi-a7b6ea09c863a38f","dhs-oig","DHS OIG","Oversight / Pain Points","Annual Performance Report",,"https://www.oig.dhs.gov/sites/default/files/FY25-Annual-Performance-Report.pdf","https://www.oig.dhs.gov/",,"success",,"{""title"":""Annual Performance Report"",""itemUrl"":""https://www.oig.dhs.gov/sites/default/files/FY25-Annual-Performance-Report.pdf""}","2026-06-24 07:53:19.869","2026-06-24 07:53:19.869","2026-06-24 07:53:19.869","false",
"smi-a7fb01f56f465f4b","govinfo","GovInfo","Regulatory / Rulemaking","Feeds",,"https://www.govinfo.gov/feeds","https://www.govinfo.gov/",,"success",,"{""title"":""Feeds"",""itemUrl"":""https://www.govinfo.gov/feeds""}","2026-06-24 07:53:13.147","2026-06-24 07:53:13.147","2026-06-24 07:53:13.147","false",
"smi-a90a07cc5df402d3","usajobs","USAJOBS","Workforce / Demand","Resumes & documents",,"https://www.usajobs.gov/applicant/document/resumes/","https://www.usajobs.gov/",,"success",,"{""title"":""Resumes & documents"",""itemUrl"":""https://www.usajobs.gov/applicant/document/resumes/""}","2026-06-24 07:53:27.426","2026-06-24 07:53:27.426","2026-06-24 07:53:27.426","false",
"smi-aa8b899ad09dee0b","govinfo","GovInfo","Regulatory / Rulemaking","Committee",,"https://www.govinfo.gov/browse/committee","https://www.govinfo.gov/",,"success",,"{""title"":""Committee"",""itemUrl"":""https://www.govinfo.gov/browse/committee""}","2026-06-24 07:53:13.147","2026-06-24 07:53:13.147","2026-06-24 07:53:13.147","false",
"smi-aaa809780d9aeb01","faa-ame","FAA AME Guide","Medical / Deployment / Occu-Med","Obstructive Sleep Apnea (OSA) Treated Status Report",,"https://www.faa.gov/ame_guide/media/OSA_Treated_Status_Report.pdf","https://www.faa.gov/ame_guide","2026-05-27 00:00:00","success",,"{""title"":""Obstructive Sleep Apnea (OSA) Treated Status Report"",""itemUrl"":""https://www.faa.gov/ame_guide/media/OSA_Treated_Status_Report.pdf"",""publishedDate"":""2026-05-27T00:00:00.000Z""}","2026-06-24 07:53:35.572","2026-06-24 07:53:35.572","2026-06-24 07:53:35.572","false",
"smi-abc2698c900bce20","doj-oig","DOJ OIG","Oversight / Pain Points","Audit",,"https://oig.justice.gov/reports/type/audit","https://oig.justice.gov/",,"success",,"{""title"":""Audit"",""itemUrl"":""https://oig.justice.gov/reports/type/audit""}","2026-06-24 07:53:24.742","2026-06-24 07:53:24.742","2026-06-24 07:53:24.742","false",
"smi-ad42d2530eab8501","grants-gov","Grants.gov","Federal Procurement / Awards","Search Site Content",,"https://www.grants.gov/site-search-results","https://www.grants.gov/",,"success",,"{""title"":""Search Site Content"",""itemUrl"":""https://www.grants.gov/site-search-results""}","2026-06-24 07:53:05.663","2026-06-24 07:53:05.663","2026-06-24 07:53:05.663","false",
"smi-b039aefe609913c8","oversight-gov","Oversight.gov","Oversight / Pain Points","View Report",,"https://www.oversight.gov/reports/amtrak-employee-issued-letter-reprimand-related-fraudulent-receipt-pandemic-related-funds","https://www.oversight.gov/",,"success",,"{""title"":""View Report"",""itemUrl"":""https://www.oversight.gov/reports/amtrak-employee-issued-letter-reprimand-related-fraudulent-receipt-pandemic-related-funds""}","2026-06-24 07:53:15.475","2026-06-24 07:53:15.475","2026-06-24 07:53:15.475","false",
"smi-b0c46bca1b983ae6","parsons","Parsons","Contractor Newsrooms","Press Release",,"https://www.parsons.com/category/news/press-release/","https://www.parsons.com/newsroom/",,"success",,"{""title"":""Press Release"",""itemUrl"":""https://www.parsons.com/category/news/press-release/""}","2026-06-24 07:52:53.448","2026-06-24 07:52:53.448","2026-06-24 07:52:53.448","false",
"smi-b36c6639db1dbeab","oversight-gov","Oversight.gov","Oversight / Pain Points","View Report",,"https://www.oversight.gov/reports/other/family-planning-commodities-usaid-must-provide-final-disposition-instructions-stop","https://www.oversight.gov/",,"success",,"{""title"":""View Report"",""itemUrl"":""https://www.oversight.gov/reports/other/family-planning-commodities-usaid-must-provide-final-disposition-instructions-stop""}","2026-06-24 07:53:15.475","2026-06-24 07:53:15.475","2026-06-24 07:53:15.475","false",
"smi-b3ef0bcece1fc73b","govinfo","GovInfo","Regulatory / Rulemaking","System Design",,"https://www.govinfo.gov/developers/system-design","https://www.govinfo.gov/",,"success",,"{""title"":""System Design"",""itemUrl"":""https://www.govinfo.gov/developers/system-design""}","2026-06-24 07:53:13.147","2026-06-24 07:53:13.147","2026-06-24 07:53:13.147","false",
"smi-b4501187fe050b02","doj-oig","DOJ OIG","Oversight / Pain Points","All Reports",,"https://oig.justice.gov/reports","https://oig.justice.gov/",,"success",,"{""title"":""All Reports"",""itemUrl"":""https://oig.justice.gov/reports""}","2026-06-24 07:53:24.742","2026-06-24 07:53:24.742","2026-06-24 07:53:24.742","false",
"smi-b4e7347fbc51aa3f","usajobs","USAJOBS","Workforce / Demand","More information",,"https://www.usajobs.gov/Event/5615","https://www.usajobs.gov/",,"success",,"{""title"":""More information"",""itemUrl"":""https://www.usajobs.gov/Event/5615""}","2026-06-24 07:53:27.426","2026-06-24 07:53:27.426","2026-06-24 07:53:27.426","false",
"smi-b579ac859796a478","hhs-oig","HHS OIG","Oversight / Pain Points","Reports",,"https://oig.hhs.gov/reports/","https://oig.hhs.gov/",,"success",,"{""title"":""Reports"",""itemUrl"":""https://oig.hhs.gov/reports/""}","2026-06-24 07:53:22.019","2026-06-24 07:53:22.019","2026-06-24 07:53:22.019","false",
"smi-b7c9f7f33d6871b8","rtx","RTX","Contractor Newsrooms","Raytheon",,"https://www.rtx.com/raytheon","https://www.rtx.com/news",,"success",,"{""title"":""Raytheon"",""itemUrl"":""https://www.rtx.com/raytheon""}","2026-06-24 07:52:44.396","2026-06-24 07:52:44.396","2026-06-24 07:52:44.396","false",
"smi-b8e31418bc930f0a","northrop","Northrop Grumman","Contractor Newsrooms","Northrop Grumman Unveils Beacon™ Autonomous Testbed Ecosystem",,"https://news.northropgrumman.com/autonomous-systems/Northrop-Grumman-Unveils-Beacon-Autonomous-Testbed-Ecosystem","https://news.northropgrumman.com/",,"success",,"{""title"":""Northrop Grumman Unveils Beacon™ Autonomous Testbed Ecosystem"",""itemUrl"":""https://news.northropgrumman.com/autonomous-systems/Northrop-Grumman-Unveils-Beacon-Autonomous-Testbed-Ecosystem""}","2026-06-24 07:52:48.791","2026-06-24 07:52:48.791","2026-06-24 07:52:48.791","false",
"smi-ba43ffc8d4cd0c96","naspo","NASPO State Procurement Directory","State / Local Procurement","About",,"https://www.naspo.org/awards/emerging-leaders/","https://www.naspo.org/states/",,"success",,"{""title"":""About"",""itemUrl"":""https://www.naspo.org/awards/emerging-leaders/""}","2026-06-24 07:53:44.135","2026-06-24 07:53:44.135","2026-06-24 07:53:44.135","false",
"smi-bc0f265a3e7d5f31","osha-enforcement","OSHA Enforcement","Medical / Deployment / Occu-Med","Job Safety and Health Poster",,"https://www.osha.gov/publications/poster","https://www.osha.gov/ords/imis/establishment.html",,"success",,"{""title"":""Job Safety and Health Poster"",""itemUrl"":""https://www.osha.gov/publications/poster""}","2026-06-24 07:53:42.191","2026-06-24 07:53:42.191","2026-06-24 07:53:42.191","false",
"smi-be2fb5c699b245b4","faa-ame","FAA AME Guide","Medical / Deployment / Occu-Med","General Guidance for Therapists, Psychotherapists, or counselors treating of pilots/ATCS",,"https://www.faa.gov/ame_guide/media/Info_for_Psychotherapists_Treating_Pilots_ATCS.pdf","https://www.faa.gov/ame_guide","2026-05-27 00:00:00","success",,"{""title"":""General Guidance for Therapists, Psychotherapists, or counselors treating of pilots/ATCS"",""itemUrl"":""https://www.faa.gov/ame_guide/media/Info_for_Psychotherapists_Treating_Pilots_ATCS.pdf"",""publishedDate"":""2026-05-27T00:00:00.000Z""}","2026-06-24 07:53:35.572","2026-06-24 07:53:35.572","2026-06-24 07:53:35.572","false",
"smi-be3d05214169072d","nys-contracts","NYS Contract Reporter","State / Local Procurement","Advertise Bids",,"https://www.nyscr.ny.gov/Home/Advertise","https://www.nyscr.ny.gov/",,"success",,"{""title"":""Advertise Bids"",""itemUrl"":""https://www.nyscr.ny.gov/Home/Advertise""}","2026-06-24 07:54:03.53","2026-06-24 07:54:03.53","2026-06-24 07:54:03.53","false",
"smi-c019a6e114e779f2","usajobs","USAJOBS","Workforce / Demand","Clovis Night Out 2026",,"https://www.usajobs.gov/Event/5602","https://www.usajobs.gov/","2026-10-03 00:00:00","success",,"{""title"":""Clovis Night Out 2026"",""itemUrl"":""https://www.usajobs.gov/Event/5602"",""publishedDate"":""2026-10-03T00:00:00.000Z""}","2026-06-24 07:53:27.426","2026-06-24 07:53:27.426","2026-06-24 07:53:27.426","false",
"smi-c04376799e3acfa3","parsons","Parsons","Contractor Newsrooms","Parsons Accelerates Mission Success With Advanced AI",,"https://www.parsons.com/2026/06/parsons-accelerates-mission-success-with-advanced-ai/","https://www.parsons.com/newsroom/",,"success",,"{""title"":""Parsons Accelerates Mission Success With Advanced AI"",""itemUrl"":""https://www.parsons.com/2026/06/parsons-accelerates-mission-success-with-advanced-ai/""}","2026-06-24 07:52:53.448","2026-06-24 07:52:53.448","2026-06-24 07:52:53.448","false",
"smi-c0a078094df28baa","usajobs","USAJOBS","Workforce / Demand","Direct Hire Event - USMCFP Springfield, MO",,"https://www.usajobs.gov/Event/5615","https://www.usajobs.gov/",,"success",,"{""title"":""Direct Hire Event - USMCFP Springfield, MO"",""itemUrl"":""https://www.usajobs.gov/Event/5615""}","2026-06-24 07:53:27.426","2026-06-24 07:53:27.426","2026-06-24 07:53:27.426","false",
"smi-c13caf918e6cacd7","usajobs","USAJOBS","Workforce / Demand","My jobs",,"https://www.usajobs.gov/applicant/profile/dashboard/","https://www.usajobs.gov/",,"success",,"{""title"":""My jobs"",""itemUrl"":""https://www.usajobs.gov/applicant/profile/dashboard/""}","2026-06-24 07:53:27.426","2026-06-24 07:53:27.426","2026-06-24 07:53:27.426","false",
"smi-c5631a5928ae434d","osha-data","OSHA Data","Medical / Deployment / Occu-Med","Chemical Exposure Health Data",,"https://www.osha.gov/opengov/health-samples","https://www.osha.gov/data","2025-12-04 00:00:00","success",,"{""title"":""Chemical Exposure Health Data"",""itemUrl"":""https://www.osha.gov/opengov/health-samples"",""publishedDate"":""2025-12-04T00:00:00.000Z""}","2026-06-24 07:53:39.762","2026-06-24 07:53:39.762","2026-06-24 07:53:39.762","false",
"smi-c58a748eda958bb5","state-dept-travel","State Dept Travel Advisories","Medical / Deployment / Occu-Med","Andorra",,"https://travel.state.gov/en/international-travel/travel-advisories/andorra.html","https://travel.state.gov/content/travel/en/traveladvisories/traveladvisories.html/","2026-05-21 00:00:00","success",,"{""title"":""Andorra"",""itemUrl"":""https://travel.state.gov/en/international-travel/travel-advisories/andorra.html"",""publishedDate"":""2026-05-21T00:00:00.000Z""}","2026-06-24 07:53:32.07","2026-06-24 07:53:32.07","2026-06-24 07:53:32.07","false",
"smi-c6292dcc20556921","nys-contracts","NYS Contract Reporter","State / Local Procurement","Doing Business with NYS",,"https://www.nyscr.ny.gov/Home/DoingBusiness","https://www.nyscr.ny.gov/",,"success",,"{""title"":""Doing Business with NYS"",""itemUrl"":""https://www.nyscr.ny.gov/Home/DoingBusiness""}","2026-06-24 07:54:03.53","2026-06-24 07:54:03.53","2026-06-24 07:54:03.53","false",
"smi-c6c694c205e2071c","sam-opps","SAM.gov Opportunities","Federal Procurement / Awards","Search vendor collaboration opportunities",,"https://sam.gov/search/?index=opp&page=1&sort=-relevance&pageSize=25&sfm%5Bstatus%5D%5Bis_active%5D=true&sfm%5BsimpleSearch%5D%5BkeywordRadio%5D=ALL&sfm%5BsimpleSearch%5D%5BkeywordTags%5D%5B0%5D%5Bkey%5D=%22Vendor%20Collaboration%22&sfm%5BsimpleSearch%5D%5BkeywordTags%5D%5B0%5D%5Bvalue%5D=%22Vendor%20Collaboration%22","https://sam.gov/content/opportunities",,"success",,"{""title"":""Search vendor collaboration opportunities"",""itemUrl"":""https://sam.gov/search/?index=opp&page=1&sort=-relevance&pageSize=25&sfm%5Bstatus%5D%5Bis_active%5D=true&sfm%5BsimpleSearch%5D%5BkeywordRadio%5D=ALL&sfm%5BsimpleSearch%5D%5BkeywordTags%5D%5B0%5D%5Bkey%5D=%22Vendor%20Collaboration%22&sfm%5BsimpleSearch%5D%5BkeywordTags%5D%5B0%5D%5Bvalue%5D=%22Vendor%20Collaboration%22""}","2026-06-24 07:53:02.339","2026-06-24 07:53:02.339","2026-06-24 07:53:02.339","false",
"smi-c81ed8f34c86a77c","parsons","Parsons","Contractor Newsrooms","Parsons Secures A Total Of $218 Million On AFRL GARDEM Contracts",,"https://www.parsons.com/2026/06/parsons-secures-a-total-of-218-million-on-afrl-gardem-contracts/","https://www.parsons.com/newsroom/",,"success",,"{""title"":""Parsons Secures A Total Of $218 Million On AFRL GARDEM Contracts"",""itemUrl"":""https://www.parsons.com/2026/06/parsons-secures-a-total-of-218-million-on-afrl-gardem-contracts/""}","2026-06-24 07:52:53.448","2026-06-24 07:52:53.448","2026-06-24 07:52:53.448","false",
"smi-cc324fbb1a73b4ab","dhs-oig","DHS OIG","Oversight / Pain Points","Note on Non-Disclosure Agreements",,"https://www.oig.dhs.gov/sites/default/files/DHS%20OIG%20NDA%20Notice.pdf","https://www.oig.dhs.gov/",,"success",,"{""title"":""Note on Non-Disclosure Agreements"",""itemUrl"":""https://www.oig.dhs.gov/sites/default/files/DHS%20OIG%20NDA%20Notice.pdf""}","2026-06-24 07:53:19.869","2026-06-24 07:53:19.869","2026-06-24 07:53:19.869","false",
"smi-cdc4c21f08631428","osha-news","OSHA News Releases","Medical / Deployment / Occu-Med","A to Z Index",,"https://www.osha.gov/a-z","https://www.osha.gov/news/newsreleases",,"success",,"{""title"":""A to Z Index"",""itemUrl"":""https://www.osha.gov/a-z""}","2026-06-24 07:53:37.759","2026-06-24 07:53:37.759","2026-06-24 07:53:37.759","false",
"smi-cde43c33881ea162","nys-contracts","NYS Contract Reporter","State / Local Procurement","Policies and Disclaimers",,"https://www.nyscr.ny.gov/Home/Policies","https://www.nyscr.ny.gov/",,"success",,"{""title"":""Policies and Disclaimers"",""itemUrl"":""https://www.nyscr.ny.gov/Home/Policies""}","2026-06-24 07:54:03.53","2026-06-24 07:54:03.53","2026-06-24 07:54:03.53","false",
"smi-ce0d53e70ae94d1d","acquisition-gov","Acquisition.gov","Federal Procurement / Awards","FAR Overhaul",,"https://www.acquisition.gov/far-overhaul","https://www.acquisition.gov/",,"success",,"{""title"":""FAR Overhaul"",""itemUrl"":""https://www.acquisition.gov/far-overhaul""}","2026-06-24 07:53:07.563","2026-06-24 07:53:07.563","2026-06-24 07:53:07.563","false",
"smi-ce991f43ace58920","doj-oig","DOJ OIG","Oversight / Pain Points","Bureau of Alcohol, Tobacco, Firearms and Explosives",,"https://oig.justice.gov/reports/component/atf","https://oig.justice.gov/",,"success",,"{""title"":""Bureau of Alcohol, Tobacco, Firearms and Explosives"",""itemUrl"":""https://oig.justice.gov/reports/component/atf""}","2026-06-24 07:53:24.742","2026-06-24 07:53:24.742","2026-06-24 07:53:24.742","false",
"smi-cffaf70cfa2ea6c6","acquisition-gov","Acquisition.gov","Federal Procurement / Awards","CAO Home",,"https://www.acquisition.gov/cao-home","https://www.acquisition.gov/",,"success",,"{""title"":""CAO Home"",""itemUrl"":""https://www.acquisition.gov/cao-home""}","2026-06-24 07:53:07.563","2026-06-24 07:53:07.563","2026-06-24 07:53:07.563","false",
"smi-d0054e6b4bcece71","state-dept-travel","State Dept Travel Advisories","Medical / Deployment / Occu-Med","Angola",,"https://travel.state.gov/en/international-travel/travel-advisories/angola.html","https://travel.state.gov/content/travel/en/traveladvisories/traveladvisories.html/","2026-03-05 00:00:00","success",,"{""title"":""Angola"",""itemUrl"":""https://travel.state.gov/en/international-travel/travel-advisories/angola.html"",""publishedDate"":""2026-03-05T00:00:00.000Z""}","2026-06-24 07:53:32.07","2026-06-24 07:53:32.07","2026-06-24 07:53:32.07","false",
"smi-d34f233ddcb110cf","gd","General Dynamics","Contractor Newsrooms","Press Releases",,"https://www.gd.com/news/news-feed","https://www.gd.com/news",,"success",,"{""title"":""Press Releases"",""itemUrl"":""https://www.gd.com/news/news-feed""}","2026-06-24 07:52:50.772","2026-06-24 07:52:50.772","2026-06-24 07:52:50.772","false",
"smi-d47ea5833d7259be","hhs-oig","HHS OIG","Oversight / Pain Points","Federal Register",,"https://oig.hhs.gov/reports/federal-register/","https://oig.hhs.gov/",,"success",,"{""title"":""Federal Register"",""itemUrl"":""https://oig.hhs.gov/reports/federal-register/""}","2026-06-24 07:53:22.019","2026-06-24 07:53:22.019","2026-06-24 07:53:22.019","false",
"smi-d5dc6057230c4605","acquisition-gov","Acquisition.gov","Federal Procurement / Awards","Regulations Search",,"https://www.acquisition.gov/search/advanced?keys=&page=0&sort_by=search_api_relevance&sort_order=DESC&type%5Bfar_dita%5D=far_dita","https://www.acquisition.gov/",,"success",,"{""title"":""Regulations Search"",""itemUrl"":""https://www.acquisition.gov/search/advanced?keys=&page=0&sort_by=search_api_relevance&sort_order=DESC&type%5Bfar_dita%5D=far_dita""}","2026-06-24 07:53:07.563","2026-06-24 07:53:07.563","2026-06-24 07:53:07.563","false",
"smi-d8bff0e3213164d4","cal-eprocure","Cal eProcure","State / Local Procurement","Please click here",,"https://caleprocure.ca.gov/pages/","https://caleprocure.ca.gov/",,"success",,"{""title"":""Please click here"",""itemUrl"":""https://caleprocure.ca.gov/pages/""}","2026-06-24 07:53:46.294","2026-06-24 07:53:46.294","2026-06-24 07:53:46.294","false",
"smi-d8c3024c547cc92f","osha-data","OSHA Data","Medical / Deployment / Occu-Med","Inspection Number(s)",,"https://www.osha.gov/ords/imis/InspectionNr.html","https://www.osha.gov/data","2025-12-04 00:00:00","success",,"{""title"":""Inspection Number(s)"",""itemUrl"":""https://www.osha.gov/ords/imis/InspectionNr.html"",""publishedDate"":""2025-12-04T00:00:00.000Z""}","2026-06-24 07:53:39.762","2026-06-24 07:53:39.762","2026-06-24 07:53:39.762","false",
"smi-da32e5b90231dc3e","osha-news","OSHA News Releases","Medical / Deployment / Occu-Med","Standards Back",,"https://www.osha.gov/%23","https://www.osha.gov/news/newsreleases",,"success",,"{""title"":""Standards Back"",""itemUrl"":""https://www.osha.gov/%23""}","2026-06-24 07:53:37.759","2026-06-24 07:53:37.759","2026-06-24 07:53:37.759","false",
"smi-da3b41402beff54f","oversight-gov","Oversight.gov","Oversight / Pain Points","Read More",,"https://www.oversight.gov/cigie-issues-annual-report-president-and-congress-fiscal-year-2025","https://www.oversight.gov/",,"success",,"{""title"":""Read More"",""itemUrl"":""https://www.oversight.gov/cigie-issues-annual-report-president-and-congress-fiscal-year-2025""}","2026-06-24 07:53:15.475","2026-06-24 07:53:15.475","2026-06-24 07:53:15.475","false",
"smi-db356243facde51c","northrop","Northrop Grumman","Contractor Newsrooms","Northrop Grumman Announces Date for Second Quarter 2026 Financial Results and Webcast",,"https://news.northropgrumman.com/investor-relations/northrop-grumman-announces-date-for-second-quarter-2026-financial-results-and-webcast","https://news.northropgrumman.com/","2026-06-18 00:00:00","success",,"{""title"":""Northrop Grumman Announces Date for Second Quarter 2026 Financial Results and Webcast"",""itemUrl"":""https://news.northropgrumman.com/investor-relations/northrop-grumman-announces-date-for-second-quarter-2026-financial-results-and-webcast"",""publishedDate"":""2026-06-18T00:00:00.000Z""}","2026-06-24 07:52:48.791","2026-06-24 07:52:48.791","2026-06-24 07:52:48.791","false",
"smi-dbc6f3922e6d07ba","federal-register","Federal Register","Regulatory / Rulemaking","Public Inspection",,"https://www.federalregister.gov/public-inspection/current","https://www.federalregister.gov/",,"success",,"{""title"":""Public Inspection"",""itemUrl"":""https://www.federalregister.gov/public-inspection/current""}","2026-06-24 07:53:09.988","2026-06-24 07:53:09.988","2026-06-24 07:53:09.988","false",
"smi-dbd8f40f4f2d21a2","federal-register","Federal Register","Regulatory / Rulemaking","Business & Industry",,"https://www.federalregister.gov/business-and-industry","https://www.federalregister.gov/",,"success",,"{""title"":""Business & Industry"",""itemUrl"":""https://www.federalregister.gov/business-and-industry""}","2026-06-24 07:53:09.988","2026-06-24 07:53:09.988","2026-06-24 07:53:09.988","false",
"smi-dce6fad2af65296d","rtx","RTX","Contractor Newsrooms","Media Resources",,"https://www.rtx.com/news/media-resources","https://www.rtx.com/news",,"success",,"{""title"":""Media Resources"",""itemUrl"":""https://www.rtx.com/news/media-resources""}","2026-06-24 07:52:44.396","2026-06-24 07:52:44.396","2026-06-24 07:52:44.396","false",
"smi-de70ed2d8841603b","federal-register","Federal Register","Regulatory / Rulemaking","Science & Technology",,"https://www.federalregister.gov/science-and-technology","https://www.federalregister.gov/",,"success",,"{""title"":""Science & Technology"",""itemUrl"":""https://www.federalregister.gov/science-and-technology""}","2026-06-24 07:53:09.988","2026-06-24 07:53:09.988","2026-06-24 07:53:09.988","false",
"smi-e05def112b57023f","doj-oig","DOJ OIG","Oversight / Pain Points","Oversight of the BOP’s Supplemental Funding",,"https://oig.justice.gov/oversight-supplemental-funding-given-federal-bureau-prisons-bop-through-public-law-119-21","https://oig.justice.gov/",,"success",,"{""title"":""Oversight of the BOP’s Supplemental Funding"",""itemUrl"":""https://oig.justice.gov/oversight-supplemental-funding-given-federal-bureau-prisons-bop-through-public-law-119-21""}","2026-06-24 07:53:24.742","2026-06-24 07:53:24.742","2026-06-24 07:53:24.742","false",
"smi-e192a0769f2a21e5","naspo","NASPO State Procurement Directory","State / Local Procurement","Winners",,"https://www.naspo.org/awards/giulio-mazzone-award/winners/","https://www.naspo.org/states/",,"success",,"{""title"":""Winners"",""itemUrl"":""https://www.naspo.org/awards/giulio-mazzone-award/winners/""}","2026-06-24 07:53:44.135","2026-06-24 07:53:44.135","2026-06-24 07:53:44.135","false",
"smi-e1ae764fdcd6dbd7","dhs-oig","DHS OIG","Oversight / Pain Points","Hotline",,"https://www.oig.dhs.gov/hotline","https://www.oig.dhs.gov/",,"success",,"{""title"":""Hotline"",""itemUrl"":""https://www.oig.dhs.gov/hotline""}","2026-06-24 07:53:19.869","2026-06-24 07:53:19.869","2026-06-24 07:53:19.869","false",
"smi-e1bebff87c3a0eb5","osha-news","OSHA News Releases","Medical / Deployment / Occu-Med","Occupational Safety and Health Administration",,"https://www.osha.gov/","https://www.osha.gov/news/newsreleases",,"success",,"{""title"":""Occupational Safety and Health Administration"",""itemUrl"":""https://www.osha.gov/""}","2026-06-24 07:53:37.759","2026-06-24 07:53:37.759","2026-06-24 07:53:37.759","false",
"smi-e47c0ae5e7bc6e2a","hhs-oig","HHS OIG","Oversight / Pain Points","Work Plan",,"https://oig.hhs.gov/reports/work-plan/","https://oig.hhs.gov/",,"success",,"{""title"":""Work Plan"",""itemUrl"":""https://oig.hhs.gov/reports/work-plan/""}","2026-06-24 07:53:22.019","2026-06-24 07:53:22.019","2026-06-24 07:53:22.019","false",
"smi-e6f1edb2af694131","gd","General Dynamics","Contractor Newsrooms","Technologies",,"https://www.gd.com/our-businesses/technologies","https://www.gd.com/news",,"success",,"{""title"":""Technologies"",""itemUrl"":""https://www.gd.com/our-businesses/technologies""}","2026-06-24 07:52:50.772","2026-06-24 07:52:50.772","2026-06-24 07:52:50.772","false",
"smi-e7873ad3d79c71c8","gd","General Dynamics","Contractor Newsrooms","Corporate Responsibility",,"https://www.gd.com/responsibility","https://www.gd.com/news",,"success",,"{""title"":""Corporate Responsibility"",""itemUrl"":""https://www.gd.com/responsibility""}","2026-06-24 07:52:50.772","2026-06-24 07:52:50.772","2026-06-24 07:52:50.772","false",
"smi-e80a84dda5062511","sam-opps","SAM.gov Opportunities","Federal Procurement / Awards","Search small business events",,"https://sam.gov/search/?index=opp&page=1&sort=-relevance&sfm%5Bstatus%5D%5Bis_active%5D=true&sfm%5BsimpleSearch%5D%5BkeywordRadio%5D=ALL&sfm%5BsimpleSearch%5D%5BkeywordTags%5D%5B0%5D%5Bkey%5D=%22Small%20Business%20Event%22&sfm%5BsimpleSearch%5D%5BkeywordTags%5D%5B0%5D%5Bvalue%5D=%22Small%20Business%20Event%22","https://sam.gov/content/opportunities",,"success",,"{""title"":""Search small business events"",""itemUrl"":""https://sam.gov/search/?index=opp&page=1&sort=-relevance&sfm%5Bstatus%5D%5Bis_active%5D=true&sfm%5BsimpleSearch%5D%5BkeywordRadio%5D=ALL&sfm%5BsimpleSearch%5D%5BkeywordTags%5D%5B0%5D%5Bkey%5D=%22Small%20Business%20Event%22&sfm%5BsimpleSearch%5D%5BkeywordTags%5D%5B0%5D%5Bvalue%5D=%22Small%20Business%20Event%22""}","2026-06-24 07:53:02.339","2026-06-24 07:53:02.339","2026-06-24 07:53:02.339","false",
"smi-e82ebc3c12bce615","cdc-travel","CDC Travel Notices","Medical / Deployment / Occu-Med","Malaria in Yemen",,"https://wwwnc.cdc.gov/travel/notices/level2/malaria-yemen","https://wwwnc.cdc.gov/travel/notices","2026-06-11 00:00:00","success",,"{""title"":""Malaria in Yemen"",""itemUrl"":""https://wwwnc.cdc.gov/travel/notices/level2/malaria-yemen"",""publishedDate"":""2026-06-11T00:00:00.000Z""}","2026-06-24 07:53:30.069","2026-06-24 07:53:30.069","2026-06-24 07:53:30.069","false",
"smi-e9079af1290cb2bf","sam-opps","SAM.gov Opportunities","Federal Procurement / Awards","Check Entity Status",,"https://sam.gov/content/status-tracker","https://sam.gov/content/opportunities",,"success",,"{""title"":""Check Entity Status"",""itemUrl"":""https://sam.gov/content/status-tracker""}","2026-06-24 07:53:02.339","2026-06-24 07:53:02.339","2026-06-24 07:53:02.339","false",
"smi-eb4ead6085685392","mantech","ManTech","Contractor Newsrooms","Solutions",,"https://www.mantech.com/markets/ico/","https://www.mantech.com/news/",,"success",,"{""title"":""Solutions"",""itemUrl"":""https://www.mantech.com/markets/ico/""}","2026-06-24 07:52:59.134","2026-06-24 07:52:59.134","2026-06-24 07:52:59.134","false",
"smi-eb53d03c2353eab8","faa-ame","FAA AME Guide","Medical / Deployment / Occu-Med","General Information",,"https://www.faa.gov/ame_guide/app_process/general","https://www.faa.gov/ame_guide","2026-05-27 00:00:00","success",,"{""title"":""General Information"",""itemUrl"":""https://www.faa.gov/ame_guide/app_process/general"",""publishedDate"":""2026-05-27T00:00:00.000Z""}","2026-06-24 07:53:35.572","2026-06-24 07:53:35.572","2026-06-24 07:53:35.572","false",
"smi-ec02dc8b66914600","federal-register","Federal Register","Regulatory / Rulemaking","Money",,"https://www.federalregister.gov/money","https://www.federalregister.gov/",,"success",,"{""title"":""Money"",""itemUrl"":""https://www.federalregister.gov/money""}","2026-06-24 07:53:09.988","2026-06-24 07:53:09.988","2026-06-24 07:53:09.988","false",
"smi-ec08a41ddd712673","peraton","Peraton","Contractor Newsrooms","Peraton Taps Industry Veteran Vishal Tulsian as Sector President to Lead Health, State, and Local Portfolio",,"https://www.peraton.com/news/peraton-taps-industry-veteran-vishal-tulsian-as-sector-president-to-lead-health-state-and-local-portfolio","https://www.peraton.com/news/","2026-05-11 00:00:00","success",,"{""title"":""Peraton Taps Industry Veteran Vishal Tulsian as Sector President to Lead Health, State, and Local Portfolio"",""itemUrl"":""https://www.peraton.com/news/peraton-taps-industry-veteran-vishal-tulsian-as-sector-president-to-lead-health-state-and-local-portfolio"",""publishedDate"":""2026-05-11T00:00:00.000Z""}","2026-06-24 07:52:56.953","2026-06-24 07:52:56.953","2026-06-24 07:52:56.953","false",
"smi-eca51e8da69a7bdb","usajobs","USAJOBS","Workforce / Demand","Fort Jackson Summer Career Fair and Education Fair",,"https://www.usajobs.gov/event/5622","https://www.usajobs.gov/","2026-07-22 00:00:00","success",,"{""title"":""Fort Jackson Summer Career Fair and Education Fair"",""itemUrl"":""https://www.usajobs.gov/event/5622"",""publishedDate"":""2026-07-22T00:00:00.000Z""}","2026-06-24 07:53:27.426","2026-06-24 07:53:27.426","2026-06-24 07:53:27.426","false",
"smi-eca63847b4e393e9","oversight-gov","Oversight.gov","Oversight / Pain Points","Oversight In Action",,"https://www.oversight.gov/oversight-in-action","https://www.oversight.gov/",,"success",,"{""title"":""Oversight In Action"",""itemUrl"":""https://www.oversight.gov/oversight-in-action""}","2026-06-24 07:53:15.475","2026-06-24 07:53:15.475","2026-06-24 07:53:15.475","false",
"smi-f06a59e81e9c317e","federal-register","Federal Register","Regulatory / Rulemaking","World",,"https://www.federalregister.gov/world","https://www.federalregister.gov/",,"success",,"{""title"":""World"",""itemUrl"":""https://www.federalregister.gov/world""}","2026-06-24 07:53:09.988","2026-06-24 07:53:09.988","2026-06-24 07:53:09.988","false",
"smi-f07c74ccf5de9a2b","naspo","NASPO State Procurement Directory","State / Local Procurement","More Information",,"https://www.naspo.org/awards/giulio-mazzone-award/more-information/","https://www.naspo.org/states/",,"success",,"{""title"":""More Information"",""itemUrl"":""https://www.naspo.org/awards/giulio-mazzone-award/more-information/""}","2026-06-24 07:53:44.135","2026-06-24 07:53:44.135","2026-06-24 07:53:44.135","false",
"smi-f19f27dd717a06bb","acquisition-gov","Acquisition.gov","Federal Procurement / Awards","Modernizing Acquisition.gov: RFO Page Redesign & Enhancements",,"https://www.acquisition.gov/content/modernizing-acquisition.gov-rfo-page-redesign-enhancements","https://www.acquisition.gov/","2026-04-30 00:00:00","success",,"{""title"":""Modernizing Acquisition.gov: RFO Page Redesign & Enhancements"",""itemUrl"":""https://www.acquisition.gov/content/modernizing-acquisition.gov-rfo-page-redesign-enhancements"",""publishedDate"":""2026-04-30T00:00:00.000Z""}","2026-06-24 07:53:07.563","2026-06-24 07:53:07.563","2026-06-24 07:53:07.563","false",
"smi-f2165780cbf743db","state-dept-travel","State Dept Travel Advisories","Medical / Deployment / Occu-Med","Afghanistan",,"https://travel.state.gov/en/international-travel/travel-advisories/afghanistan.html","https://travel.state.gov/content/travel/en/traveladvisories/traveladvisories.html/","2026-02-20 00:00:00","success",,"{""title"":""Afghanistan"",""itemUrl"":""https://travel.state.gov/en/international-travel/travel-advisories/afghanistan.html"",""publishedDate"":""2026-02-20T00:00:00.000Z""}","2026-06-24 07:53:32.07","2026-06-24 07:53:32.07","2026-06-24 07:53:32.07","false",
"smi-f252131e30695569","osha-data","OSHA Data","Medical / Deployment / Occu-Med","Severe Injury Reports",,"https://www.osha.gov/severeinjury","https://www.osha.gov/data","2025-12-04 00:00:00","success",,"{""title"":""Severe Injury Reports"",""itemUrl"":""https://www.osha.gov/severeinjury"",""publishedDate"":""2025-12-04T00:00:00.000Z""}","2026-06-24 07:53:39.762","2026-06-24 07:53:39.762","2026-06-24 07:53:39.762","false",
"smi-f259bfc257588e5b","sam-opps","SAM.gov Opportunities","Federal Procurement / Awards","System Alerts",,"https://sam.gov/alerts","https://sam.gov/content/opportunities",,"success",,"{""title"":""System Alerts"",""itemUrl"":""https://sam.gov/alerts""}","2026-06-24 07:53:02.339","2026-06-24 07:53:02.339","2026-06-24 07:53:02.339","false",
"smi-f2e8944fb3a58545","state-dept-travel","State Dept Travel Advisories","Medical / Deployment / Occu-Med","Antarctica",,"https://travel.state.gov/en/international-travel/travel-advisories/antarctica.html","https://travel.state.gov/content/travel/en/traveladvisories/traveladvisories.html/","2025-09-23 00:00:00","success",,"{""title"":""Antarctica"",""itemUrl"":""https://travel.state.gov/en/international-travel/travel-advisories/antarctica.html"",""publishedDate"":""2025-09-23T00:00:00.000Z""}","2026-06-24 07:53:32.07","2026-06-24 07:53:32.07","2026-06-24 07:53:32.07","false",
"smi-f48f371628604925","parsons","Parsons","Contractor Newsrooms","Parsons’ Differentiated Cyber And Electromagnetic Capabilities Deliver Dominance By Design To Department Of War",,"https://www.parsons.com/2026/06/parsons-differentiated-cyber-and-electromagnetic-capabilities-deliver-dominance-by-design-to-department-of-war/","https://www.parsons.com/newsroom/",,"success",,"{""title"":""Parsons’ Differentiated Cyber And Electromagnetic Capabilities Deliver Dominance By Design To Department Of War"",""itemUrl"":""https://www.parsons.com/2026/06/parsons-differentiated-cyber-and-electromagnetic-capabilities-deliver-dominance-by-design-to-department-of-war/""}","2026-06-24 07:52:53.448","2026-06-24 07:52:53.448","2026-06-24 07:52:53.448","false",
"smi-f54029657c808e91","osha-news","OSHA News Releases","Medical / Deployment / Occu-Med","Law and Regulations",,"https://www.osha.gov/laws-regs","https://www.osha.gov/news/newsreleases",,"success",,"{""title"":""Law and Regulations"",""itemUrl"":""https://www.osha.gov/laws-regs""}","2026-06-24 07:53:37.759","2026-06-24 07:53:37.759","2026-06-24 07:53:37.759","false",
"smi-f7921b5ac306d17d","osha-data","OSHA Data","Medical / Deployment / Occu-Med","Investigation Summaries",,"https://www.osha.gov/ords/imis/accidentsearch.html","https://www.osha.gov/data","2025-12-04 00:00:00","success",,"{""title"":""Investigation Summaries"",""itemUrl"":""https://www.osha.gov/ords/imis/accidentsearch.html"",""publishedDate"":""2025-12-04T00:00:00.000Z""}","2026-06-24 07:53:39.762","2026-06-24 07:53:39.762","2026-06-24 07:53:39.762","false",
"smi-f85113abe1a75014","cdc-travel","CDC Travel Notices","Medical / Deployment / Occu-Med","Travelers' Health",,"https://wwwnc.cdc.gov/travel/","https://wwwnc.cdc.gov/travel/notices",,"success",,"{""title"":""Travelers' Health"",""itemUrl"":""https://wwwnc.cdc.gov/travel/""}","2026-06-24 07:53:30.069","2026-06-24 07:53:30.069","2026-06-24 07:53:30.069","false",
"smi-f901ad056363cc68","parsons","Parsons","Contractor Newsrooms","Parsons Secures $28 Million U.S. Air Force Task Order Supporting AFRL’s GARDEM Mission",,"https://www.parsons.com/2026/06/parsons-secures-28-million-u-s-air-force-task-order-supporting-afrls-gardem-mission/","https://www.parsons.com/newsroom/",,"success",,"{""title"":""Parsons Secures $28 Million U.S. Air Force Task Order Supporting AFRL’s GARDEM Mission"",""itemUrl"":""https://www.parsons.com/2026/06/parsons-secures-28-million-u-s-air-force-task-order-supporting-afrls-gardem-mission/""}","2026-06-24 07:52:53.448","2026-06-24 07:52:53.448","2026-06-24 07:52:53.448","false",
"smi-f94c79d142cddaaf","gd","General Dynamics","Contractor Newsrooms","Our Businesses",,"https://www.gd.com/our-businesses","https://www.gd.com/news",,"success",,"{""title"":""Our Businesses"",""itemUrl"":""https://www.gd.com/our-businesses""}","2026-06-24 07:52:50.772","2026-06-24 07:52:50.772","2026-06-24 07:52:50.772","false",
"smi-fbd1ed84ab423937","naspo","NASPO State Procurement Directory","State / Local Procurement","More Information",,"https://www.naspo.org/awards/emerging-leaders/more-information/","https://www.naspo.org/states/",,"success",,"{""title"":""More Information"",""itemUrl"":""https://www.naspo.org/awards/emerging-leaders/more-information/""}","2026-06-24 07:53:44.135","2026-06-24 07:53:44.135","2026-06-24 07:53:44.135","false",
"smi-fc599f3924333511","osha-news","OSHA News Releases","Medical / Deployment / Occu-Med","Freedom of Information Act",,"https://www.osha.gov/foia","https://www.osha.gov/news/newsreleases",,"success",,"{""title"":""Freedom of Information Act"",""itemUrl"":""https://www.osha.gov/foia""}","2026-06-24 07:53:37.759","2026-06-24 07:53:37.759","2026-06-24 07:53:37.759","false",
"smi-fee3fbfffb0e09c5","grants-gov","Grants.gov","Federal Procurement / Awards","Accessibility",,"https://www.grants.gov/accessibility-compliance","https://www.grants.gov/",,"success",,"{""title"":""Accessibility"",""itemUrl"":""https://www.grants.gov/accessibility-compliance""}","2026-06-24 07:53:05.663","2026-06-24 07:53:05.663","2026-06-24 07:53:05.663","false",